X,Y,Z,LOO_max,LOO_Y,LOO_S1,LOO_S3
3948.15184134064,1367.92188289665,-3047.21380927385,0.000165885578011655,0,2.67613745116089e-07,0.000165885578011655
3800,1430.85904560361,-3051.06325662559,0.00151851986786666,0,9.58917483989277e-06,0.00151851986786666
3800.00008464395,1200.00003251152,-3049.01492806491,0.00118700385670387,0,1.7780115989461e-06,0.00118700385670387
3948.14413437685,1367.92418971975,-3033.76214499619,0.000135847440406124,1.12079294424248e-05,1.31913305130733e-07,0.000135847440406124
3800,1430.85464854595,-3037.67971879687,0.00136105903832012,9.80808627161058e-05,1.19276088585046e-05,0.00136105903832012
3800,1200,-3035.81225736164,0.00108277199244214,6.11502527980272e-06,4.94556272915982e-06,0.00108277199244214
4030.7400671386,1200,-3030.38501478892,0.000390382113763144,1.09939648022975e-06,1.20074570951086e-07,0.000390382113763144
4030.74221936778,1200,-3043.76308133494,0.000461984270999742,0,5.10254532198329e-08,0.000461984270999742
3948.13642741306,1367.92649654286,-3020.31048071854,0.000122634224891423,2.27887757318604e-05,2.55376369538989e-07,0.000122634224891423
3800,1430.85028320839,-3024.29618096816,0.00116370393077968,9.55207315520451e-05,2.38743780534702e-05,0.00116370393077968
3800,1200,-3022.60958665838,0.000964456633196944,5.00307728779757e-06,1.09208800252151e-05,0.000964456633196944
4030.73799304125,1200,-3017.00694824291,0.000309817275769991,8.0506789285372e-07,3.18450026450018e-07,0.000309817275769991
3966.59442287994,1546.78247812057,-3048.46843095204,0.00012674038679977,0,3.23433399781508e-07,0.00012674038679977
3800,1661.71927486589,-3053.16966832156,0.00158440782886526,0,5.50791951387501e-06,0.00158440782886526
3966.57660503276,1546.79145864962,-3034.86664330941,0.000116501909017103,2.26735944741882e-05,2.66802183785789e-07,0.000116501909017103
3800,1661.71059904741,-3039.65507101674,0.00141935609230924,3.13751794919448e-05,7.99911305886233e-06,0.00141935609230924
4150.06567330129,1410.36785976351,-3029.55501438603,0.000433505078368257,6.00619021329732e-08,2.7188274376672e-08,0.000433505078368257
4150.07143761105,1410.37216471539,-3043.21432076393,0.000471397926946114,0,7.77622726742675e-09,0.000471397926946114
4261.52612252471,1200,-3041.59933841153,0.000210924540617957,0,2.53034873197863e-09,0.000210924540617957
4261.52345673576,1200,-3027.99261180689,0.000172570104830233,3.75589545047281e-08,3.25863925679008e-09,0.000172570104830233
3948.12872044926,1367.92880336596,-3006.85881644088,0.000115096250002606,1.1672908538141e-05,2.53921325967414e-07,0.000115096250002606
3800,1430.84591787084,-3010.91264313945,0.00102376966727148,9.09300709815671e-05,5.48418179349066e-05,0.00102376966727148
3800,1200,-3009.40691595511,0.00085873241767138,4.38511118697906e-06,2.21583282568689e-05,0.00085873241767138
4030.73591894387,1200,-3003.6288816969,0.000248224194416803,5.30422361500648e-07,3.28487780074831e-07,0.000248224194416803
3966.55878718559,1546.80043917868,-3021.26485566678,0.000114265337347447,2.26212659236922e-05,3.57927296416238e-07,0.000114265337347447
3800,1661.70195415762,-3026.14047371193,0.00119257263973753,3.01456533272303e-05,1.5043343551425e-05,0.00119257263973753
4150.05990899152,1410.36355481163,-3015.89570800813,0.000373363141096535,4.13579372152567e-08,6.96751701617938e-08,0.000373363141096535
4261.5208625685,1200,-3014.38588520225,0.000114887322436069,2.96396813401182e-08,3.59365752982708e-09,0.000114887322436069
3991.56860901305,1770.52656432032,-3047.56514245416,0.00010258671962666,0,1.86153288867167e-07,0.00010258671962666
3800,1892.58522424372,-3051.62998492483,0.00151095877985273,0,3.86010194578015e-06,0.00151095877985273
3991.54455018164,1770.52479816329,-3034.16706690331,0.000111838603328629,7.79597089020705e-06,2.25002039537403e-07,0.000111838603328629
3800,1892.57028880806,-3038.57032595303,0.0013694751825023,7.55987987856005e-06,4.24063157500798e-06,0.0013694751825023
4167.45143787097,1650.19458032781,-3044.33575747736,0.000403653738467055,0,5.99965446189708e-09,0.000403653738467055
4167.42730957059,1650.17870324059,-3030.56036830516,0.000380639879885994,4.20152946247881e-08,3.87419744536515e-08,0.000380639879885994
4322.93441619925,1566.31906580909,-3042.97178126868,0.00024049804934465,0,1.14944996116869e-09,0.00024049804934465
4322.93589796689,1566.31034098423,-3029.03593867322,0.000229735596805982,1.92372580391634e-08,6.59170280742945e-09,0.000229735596805982
4402.34571325601,1380.71816487872,-3028.04849048601,5.50353624912162e-05,2.55027699519585e-08,2.42272751397914e-08,5.50353624912162e-05
4402.33751465361,1380.73787469766,-3041.93817789605,5.24115630834192e-05,0,3.03182518537413e-09,5.24115630834192e-05
4492.32549877736,1200,-3027.18245011932,8.85275366711815e-05,2.60821515926537e-06,7.46419624053249e-08,8.85275366711815e-05
4492.32770851327,1200,-3041.05849709163,8.66329003917578e-05,0,6.89255572836549e-08,8.66329003917578e-05
3800,2123.42496281566,-3036.96845043514,0.00110793422451377,2.77095928895152e-05,5.35195029656288e-06,0.00110793422451377
4005.13124986571,2007.91996551914,-3032.29421358147,0.000148519739582681,7.2516873423267e-06,2.0762133642136e-07,0.000148519739582681
3800,2123.44574161151,-3049.48741005888,0.00120277601338365,0,4.93490713973074e-06,0.00120277601338365
4005.1514187018,2007.91931203718,-3045.16599963136,0.000135281304816624,0,1.75772687122584e-07,0.000135281304816624
3948.12101348547,1367.93111018907,-2993.40715216323,0.0001093162987681,1.09571503208402e-05,4.75368418715151e-06,0.0001093162987681
3800,1430.84155253328,-2997.52910531073,0.000911191772002921,8.36229042693361e-05,0.000114311421019102,0.000911191772002921
3800,1200,-2996.20424525184,0.000757672409034794,1.21268458021712e-06,4.69239667340382e-05,0.000757672409034794
4030.73384484648,1200,-2990.25081515088,0.000196662043584145,3.06976219919492e-07,2.36260873434315e-07,0.000196662043584145
3966.54096933842,1546.80941970774,-3007.66306802416,0.000122647516269506,1.11218651053373e-05,2.02280945600718e-07,0.000122647516269506
3800,1661.69330926783,-3012.62587640711,0.00101849300149016,2.82533350166104e-05,3.28233082116584e-05,0.00101849300149016
4150.05414468176,1410.35924985975,-3002.23640163023,0.000324659303997004,3.06680881391614e-08,7.13198068091237e-08,0.000324659303997004
4261.51826840121,1200,-3000.77915859761,7.2408893832423e-05,2.19418911134161e-08,3.96488810356563e-09,7.2408893832423e-05
3991.52049135024,1770.52303200627,-3020.76899135246,0.000141721159874069,7.4849699476553e-06,3.56427198103751e-07,0.000141721159874069
3800,1892.55538350968,-3025.51066698124,0.00117609863713393,6.76774388146635e-06,1.13356583624618e-05,0.00117609863713393
3800,2123.40421336565,-3024.4494908114,0.000971640826270732,2.57679966295883e-05,1.36588893768265e-05,0.000971640826270732
4005.11108102963,2007.9206190011,-3019.42242753157,0.000151457631329097,6.86300997339003e-06,3.94959014624085e-07,0.000151457631329097
4402.35391185841,1380.69845505977,-3014.15880307597,5.02345191598427e-05,9.73285411072162e-09,3.72227259473241e-08,5.02345191598427e-05
4492.3233541531,1200,-3013.306403147,8.74807165960794e-05,2.6158984546283e-06,7.8966408620878e-08,8.74807165960794e-05
4185.40855827932,1878.92261053051,-3041.46001858336,0.000451221927281367,0,3.64466266046608e-09,0.000451221927281367
4185.39006784847,1878.91445648608,-3028.2398389622,0.000416874406500867,3.00038370616774e-08,8.057882618353e-09,0.000416874406500867
4360.8149484483,1752.67942234257,-3041.07246125845,0.000366838335141336,0,8.57471088125097e-10,0.000366838335141336
4360.81540019794,1752.65639994315,-3027.40383261054,0.000337353360954295,8.45954555760416e-09,2.26215409234961e-09,0.000337353360954295
4509.44988403355,1583.63867172498,-3027.95472087136,9.88309195698214e-05,4.35834401651168e-08,1.50860767231911e-08,9.88309195698214e-05
4509.44398951345,1583.65770384933,-3042.07553569548,9.40019024898163e-05,0,4.62227819240312e-09,9.40019024898163e-05
4616.91470855689,1390.31425651064,-3041.01362618138,0.000216849384434668,0,3.60096708560129e-07,0.000216849384434668
4616.92739522779,1390.28183723257,-3026.90654754602,0.000186952225414048,1.97566448399655e-06,5.61967643182871e-07,0.000186952225414048
4723.12020530297,1200,-3025.52673359976,0.000263599301212407,2.43060800024725e-06,8.83748903671845e-07,0.000263599301212407
4723.12500060889,1200,-3039.74688778873,0.000285328353376911,0,5.93283811989528e-07,0.000285328353376911
4005.06149064398,2234.60325800979,-3044.5993770491,0.000410237627834856,0,1.57967211518098e-07,0.000410237627834856
4005.04461546285,2234.61744875455,-3032.14647922499,0.000386454704327819,6.04289584372964e-06,2.12772771588974e-07,0.000386454704327819
3800,2354.27273190321,-3039.40288561649,0.00112714951675116,1.44083944893717e-05,4.64900631017734e-06,0.00112714951675116
3800,2354.30058713214,-3051.74809647706,0.00125659111816746,0,4.01937795728456e-06,0.00125659111816746
4200.19711142581,2107.62321793902,-3026.05330612967,0.000721490606936057,2.65046537385267e-08,5.66121835542796e-09,0.000721490606936057
4200.21026582377,2107.6277444262,-3038.7269702454,0.000798562467700855,0,2.95792402256514e-09,0.000798562467700855
4005.02774028172,2234.6316394993,-3019.69358140088,0.000356092561007457,5.63767230146344e-06,3.75081988386693e-07,0.000356092561007457
3800,2354.24490522872,-3027.05767475591,0.000980759818154062,7.51326259655294e-06,8.12160431564724e-06,0.000980759818154062
3999.42386003022,2467.42024818122,-3036.50604382669,0.000193839528362715,6.23323840603042e-06,1.82639237799135e-07,0.000193839528362715
3999.44475760665,2467.39955964602,-3048.8551033638,0.000186797064769949,0,1.54815468734798e-07,0.000186797064769949
3800,2585.12394542473,-3056.46262695845,0.0013390217179214,0,1.15197397860869e-06,0.0013390217179214
3800,2585.0896764469,-3044.1689242081,0.00121321422943932,1.20222764918525e-06,1.49731020436437e-06,0.00121321422943932
3948.11330652168,1367.93341701217,-2979.95548788557,0.000109064084551512,9.39661190306158e-06,2.2099426408967e-05,0.000109064084551512
3800,1430.83718719573,-2984.14556748202,0.000792236934472251,7.23437696150225e-05,0.000234346327065377,0.000792236934472251
3800,1200,-2983.00157454857,0.000651315458270359,1.14128930299861e-06,9.43549425381735e-05,0.000651315458270359
4030.73177074908,1200,-2976.87274860487,0.000150636869437155,1.43299878759542e-07,8.08571180020551e-07,0.000150636869437155
3966.52315149124,1546.8184002368,-2994.06128038153,0.000129175696822439,1.9951608277276e-05,6.08649474032272e-06,0.000129175696822439
3800,1661.68466437804,-2999.11127910229,0.000875663787959407,2.78345976024752e-05,6.26919150925012e-05,0.000875663787959407
4150.048380372,1410.35494490787,-2988.57709525233,0.000283528999511211,2.48542609015937e-08,3.56020583811015e-08,0.000283528999511211
4261.5156742339,1200,-2987.17243199297,3.88173744146373e-05,1.4772854917525e-08,4.8077754202641e-09,3.88173744146373e-05
3991.49643251884,1770.52126584925,-3007.37091580161,0.000158279752275299,6.93975322110568e-06,1.75904734645149e-07,0.000158279752275299
3800,1892.54047821129,-3012.45100800944,0.00101837122919344,5.6198292967153e-06,2.40702658743945e-05,0.00101837122919344
3800,2123.38346391564,-3011.93053118767,0.000858415399689402,2.33526896890242e-05,2.81060595084923e-05,0.000858415399689402
4005.09091219354,2007.92127248305,-3006.55064148168,0.000156617997969267,6.26544324658082e-06,1.58232686428612e-07,0.000156617997969267
4402.36211046081,1380.67874524082,-3000.26911566593,4.72035640848465e-05,1.85783801067149e-09,7.76518509848262e-08,4.72035640848465e-05
4492.32120952882,1200,-2999.43035617469,8.25689894243499e-05,2.51704426349449e-06,1.96437344468797e-07,8.25689894243499e-05
4616.94008189869,1390.2494179545,-3012.79946891067,0.000153647274081798,2.15998465010539e-06,9.89601555661338e-07,0.000153647274081798
4723.11546859859,1200,-3011.30657941079,0.000246043296728251,2.39101671025617e-06,1.64344554112398e-06,0.000246043296728251
4385.3763153568,1991.7054602209,-3037.58164179446,0.00048146117141255,0,2.02826721093237e-10,0.00048146117141255
4385.37739539615,1991.68815302864,-3024.48739505941,0.000451306782440704,2.94942855075906e-09,8.13538760730568e-10,0.000451306782440704
4602.2090937143,1848.19891842431,-3024.68277530755,0.000140950212162176,2.43031206810431e-06,7.25925341257891e-08,0.000140950212162176
4602.20273608981,1848.23339356636,-3038.34218021733,0.000124410735849414,0,7.37175360990509e-08,0.000124410735849414
4744.5195698065,1604.65009115257,-3026.26508380846,0.00020965760979452,1.86433637949519e-08,4.86573394734538e-09,0.00020965760979452
4744.51767347422,1604.68690855032,-3040.62989647513,0.000260419890817123,0,9.59735549505459e-10,0.000260419890817123
4847.01407630395,1392.43010337754,-3038.60776843993,6.52733345185681e-05,0,9.80677434904234e-08,6.52733345185681e-05
4847.0211586595,1392.38999838692,-3024.06756481639,7.41253959502528e-05,4.3600142832371e-06,7.8385136061549e-08,7.41253959502528e-05
4953.89364889931,1200,-3022.07723828276,0.000105367204718631,8.54312328935271e-09,5.91294509219257e-08,0.000105367204718631
4953.90861127159,1200,-3036.84413537109,0.000127035403376511,0,6.37835437246666e-10,0.000127035403376511
4197.13939357048,2345.46509462353,-3029.2667202261,0.000383024925660064,2.51820590606219e-08,6.89094646201323e-09,0.000383024925660064
4197.15274403108,2345.45443596242,-3041.72803951132,0.000392558259063568,0,2.62710301679218e-09,0.000392558259063568
4394.96597538454,2228.4326852577,-3036.57573040027,0.000739286833208174,0,1.38761966789219e-11,0.000739286833208174
4394.96713044492,2228.43303055173,-3023.89711726055,0.000684067931388637,2.18196862036843e-10,7.05768687212451e-11,0.000684067931388637
4005.01086510059,2234.64583024406,-3007.24068357678,0.000330095109151723,5.08391564151872e-06,2.40548235244972e-07,0.000330095109151723
3800,2354.21707855421,-3014.71246389534,0.000854385654906958,6.72488091450387e-06,1.92004302909864e-05,0.000854385654906958
3999.4029624538,2467.44093671643,-3024.15698428959,0.000216807930494816,6.00618395481274e-06,3.58589497932045e-07,0.000216807930494816
3800,2585.05543523191,-3031.87522145776,0.000998700308117315,1.27848265558347e-06,5.62416968554119e-06,0.000998700308117315
4189.48250064095,2577.6463611663,-3034.03010153205,0.000154348259209371,1.32320209571402e-08,6.76937787824574e-09,0.000154348259209371
4189.50058629051,2577.63199362693,-3046.40095275863,0.000144183927624531,0,1.66185021534233e-09,0.000144183927624531
3988.74117766611,2698.74355307388,-3053.55623531585,0.000123741320776063,0,8.92054375758538e-08,0.000123741320776063
3988.71563726709,2698.75956273817,-3041.27572521101,6.80909437748761e-05,1.57188404789832e-06,6.76333027627325e-08,6.80909437748761e-05
3800,2815.96648572009,-3058.53815745783,0.00184489074106142,0,1.64865643004262e-07,0.00184489074106142
3800,2815.91985537507,-3046.73255788812,0.00166046641618468,1.37049371604195e-06,1.68902485410763e-07,0.00166046641618468
3948.10559955788,1367.93572383528,-2966.50382360792,0.000101693150145048,7.06006816772221e-06,0.000101693150145048,9.27816824790832e-05
3800,1430.83282185817,-2970.7620296533,0.000673664843195088,4.33389581197588e-05,3.42430465098089e-05,0.000673664843195088
3800,1200,-2969.79890384531,0.000538391436911738,1.36205294185272e-06,5.28736266813539e-07,0.000538391436911738
4030.72969665166,1200,-2963.49468205886,0.0001080450943111,4.95501054740803e-08,2.17648662650792e-06,0.0001080450943111
3966.50533364407,1546.82738076586,-2980.4594927389,0.000133875066846575,8.28529437018922e-06,2.16507179410095e-05,0.000133875066846575
3800,1661.67601948825,-2985.59668179747,0.000749710094502615,2.36023073360099e-05,0.000109770835025104,0.000749710094502615
4150.04261606224,1410.35063995599,-2974.91778887443,0.000247093114687502,1.95417674172871e-08,2.3640473635827e-08,0.000247093114687502
4261.51308006656,1200,-2973.56570538833,9.72373654682633e-06,8.15834657607039e-09,7.99169047401271e-09,9.72373654682633e-06
3991.47237368744,1770.51949969223,-2993.97284025076,0.00016410838507569,6.14383946832117e-06,2.44142676943034e-06,0.00016410838507569
3800,1892.52557291291,-2999.39134903765,0.000880572581423675,1.53300223579759e-06,4.27396361911697e-05,0.000880572581423675
3800,2123.36271446562,-2999.41157156393,0.000757555972633142,1.84048051585793e-05,4.90044489994405e-05,0.000757555972633142
4005.07074335745,2007.92192596501,-2993.67885543178,0.000161658489843899,5.45521190656589e-06,1.67768214821581e-06,0.000161658489843899
4402.37030906322,1380.65903542188,-2986.37942825589,4.54940384211927e-05,1.12891049921798e-10,1.11044282020911e-07,4.54940384211927e-05
4492.31906490452,1200,-2985.55430920237,7.46259475987324e-05,2.29844217035459e-06,3.63167684895507e-07,7.46259475987324e-05
4616.95276856958,1390.21699867643,-2998.69239027532,0.000130689763916251,2.1002557539033e-06,1.81423955103063e-06,0.000130689763916251
4723.11073189418,1200,-2997.08642522182,0.00022922234725441,2.34197105011588e-06,5.32703218104994e-06,0.00022922234725441
4847.02824101505,1392.3498933963,-3009.52736119284,9.00399629306788e-05,4.80274587057714e-06,7.82887134664165e-08,9.00399629306788e-05
4953.87873861786,1200,-3007.31034119444,9.31704199091804e-05,1.21594778834808e-10,7.3955281169062e-08,9.31704199091804e-05
4583.48525855306,2125.37686942702,-3021.57672110902,0.000661213405622671,6.90756234270338e-10,2.76448234937382e-09,0.000661213405622671
4583.47701222368,2125.40234346126,-3034.54345006645,0.000707198608840802,0,1.21293846781476e-10,0.000707198608840802
4785.42572574104,2058.0334133023,-3034.23775697765,0.000112508913324974,0,2.49771224275674e-09,0.000112508913324974
4785.43466348931,2057.99540265836,-3020.89085888445,0.000132534065868978,6.52133894713792e-09,4.08359095626229e-09,0.000132534065868978
4855.2272439989,1826.55774716201,-3036.11839122166,9.87254799935486e-05,0,3.06176619501487e-07,9.87254799935486e-05
4855.22731239851,1826.5103364917,-3022.08518176889,0.000116613229477789,2.02400226429798e-06,4.17789588737545e-07,0.000116613229477789
5069.08910862082,1403.90765647991,-3020.38048428864,0.000253806377012196,4.51040905363531e-09,1.20386848575058e-09,0.000253806377012196
5184.66240515908,1200,-3018.23825048659,0.000261532930804642,7.58764396270319e-10,1.80211370110566e-10,0.000261532930804642
5069.08481949055,1403.95513060353,-3035.39675441113,0.000268247349574499,0,6.06801415603137e-10,0.000268247349574499
5184.68571907146,1200,-3033.46420668813,0.000285010582101384,0,2.49769206455725e-11,0.000285010582101384
4962.79003235909,1603.87395611519,-3022.29886847126,0.000231237814484672,2.13808370258156e-08,8.08019224420937e-09,0.000231237814484672
4962.79352632248,1603.92098898158,-3037.08521389202,0.000217854029476168,0,1.01918888424419e-09,0.000217854029476168
4386.92862268949,2468.43109748382,-3027.93357518701,0.000476345853552388,1.87409728389662e-10,4.85650818592959e-11,0.000476345853552388
4386.92887451091,2468.42789619978,-3040.4755810107,0.000506273050213803,0,1.63582545521929e-11,0.000506273050213803
4578.88163844783,2368.46419734973,-3037.31648881575,0.00037076051787532,0,5.27218487989048e-11,0.00037076051787532
4578.88450266073,2368.45642577349,-3024.49647572919,0.000379066684281877,5.21345446708857e-10,7.34730799934004e-10,0.000379066684281877
4004.99398991946,2234.66002098882,-2994.78778575267,0.000305681850815949,4.38527692305518e-06,1.51591886061704e-06,0.000305681850815949
3800,2354.1892518797,-3002.36725303476,0.0007387827006886,5.09862248996684e-06,3.95507187608933e-05,0.0007387827006886
3999.38206487738,2467.46162525164,-3011.80792475248,0.000225818760665769,5.6008754093324e-06,1.7213338542686e-07,0.000225818760665769
3800,2585.02119401691,-3019.58151870741,0.000844598346939567,9.70111013137037e-07,1.0784300464149e-05,0.000844598346939567
3988.69009686808,2698.77557240245,-3028.99521510617,6.16342038673652e-05,1.48040411546144e-06,1.00403820813214e-07,6.16342038673652e-05
3800,2815.87325200152,-3034.92695831842,0.00138383719872137,1.32914594022296e-06,4.18900308459846e-07,0.00138383719872137
4377.65890555944,2713.46872443811,-3031.36552504913,3.77860410273977e-05,5.80999473224221e-09,8.5729272630555e-10,3.77860410273977e-05
4377.67748772181,2713.50388038382,-3043.62547760374,2.64065465591573e-05,0,4.28829740398638e-11,2.64065465591573e-05
4182.07466972336,2819.72105193013,-3034.02562308001,0.000153739453397925,2.51119720733357e-08,8.21815310120486e-10,0.000153739453397925
4182.08336332331,2819.73167114758,-3045.62055847679,0.000140289802284864,0,5.12873566131293e-10,0.000140289802284864
3999.60020760235,2928.498199762,-3048.33339327056,0.000211080649290791,0,3.74404922629734e-08,0.000211080649290791
3999.59951940151,2928.50249597434,-3037.34469273013,0.000205177077302026,5.28612902636194e-07,5.08943880302521e-08,0.000205177077302026
3800,3046.71528572383,-3042.50830799527,0.00141100827996723,2.56527551950721e-09,3.44055793255148e-08,0.00141100827996723
3800,3046.76978131431,-3052.97516643762,0.00157138811666309,0,4.50322100692826e-09,0.00157138811666309
3948.09789259409,1367.93803065838,-2953.05215933026,0.000177605237930674,4.41092977866784e-06,0.000177605237930674,0.000110150910738787
3800,1430.82845652062,-2957.37849182459,0.00129294786902076,7.68573105808769e-06,0.00129294786902076,0.000499608242847967
3800,1200,-2956.59623314204,0.000393954361167381,2.23046234610788e-06,0.000351646328833576,0.000393954361167381
4030.72762255422,1200,-2950.11661551284,6.78818179862005e-05,1.32652293428561e-08,4.59829487920997e-06,6.78818179862005e-05
3966.48751579689,1546.83636129492,-2966.85770509628,0.000125965128005805,6.11668980124925e-06,8.05088818629144e-05,0.000125965128005805
3800,1661.66737459846,-2972.08208449266,0.000614508535913285,1.24202725027261e-05,5.93846494066831e-06,0.000614508535913285
4150.03685175248,1410.34633500411,-2961.25848249653,0.000214507423583899,1.11078188520172e-08,5.79095661732943e-09,0.000214507423583899
4261.51048589921,1200,-2959.95897878368,2.20864874891511e-05,2.76734164039588e-09,1.44061386986259e-08,2.20864874891511e-05
3991.44831485604,1770.51773353521,-2980.57476469991,0.000162577681045793,5.0881927647723e-06,1.08464550536312e-05,0.000162577681045793
3800,1892.51066761451,-2986.33169006586,0.000750911993721403,1.27660566436808e-06,6.70998722880039e-05,0.000750911993721403
3800,2123.3419650156,-2986.89261194019,0.000657790951575745,6.92561575480338e-06,8.4668185091533e-05,0.000657790951575745
4005.05057452136,2007.92257944697,-2980.80706938189,0.00016719238205784,4.44014857112937e-06,7.80591874236011e-06,0.00016719238205784
4402.37850766562,1380.63932560293,-2972.48974084585,4.58874740133273e-05,2.77505245900161e-09,1.3057183785777e-07,4.58874740133273e-05
4492.3169202802,1200,-2971.67826223006,6.40210791339814e-05,1.95071614654072e-06,1.85212275197702e-07,6.40210791339814e-05
4616.96545524048,1390.18457939836,-2984.58531163996,0.000112299046545114,2.06153142664475e-06,5.60354468089463e-06,0.000112299046545114
4723.10599518974,1200,-2982.86627103284,0.000211534736057172,2.28079975836015e-06,9.49480736227838e-06,0.000211534736057172
4847.03532337061,1392.30978840569,-2994.9871575693,0.000102525624065454,5.19359946846282e-06,1.1576543024896e-07,0.000102525624065454
4953.8638283363,1200,-2992.54344410611,7.70583844093683e-05,2.79927607693808e-09,1.17362177777881e-07,7.70583844093683e-05
5069.09339775109,1403.86018235628,-3005.36421416615,0.000244923669305139,2.99195485592418e-09,2.0615007023435e-09,0.000244923669305139
5184.63913682657,1200,-3003.01229428506,0.000251217515712823,1.68314573644129e-10,6.18740687152086e-11,0.000251217515712823
4770.07279356427,2265.4789851645,-3034.36965148425,0.000253385439670891,0,1.23385668445303e-08,0.000253385439670891
4770.0793424694,2265.45956144188,-3021.30759093537,0.000265983849124647,2.80405053119354e-08,1.4198758984495e-08,0.000265983849124647
4917.7457030185,2169.11854871859,-3031.29544462776,0.000572015589117715,0,6.25398937552807e-09,0.000572015589117715
4917.74715780737,2169.09177402979,-3017.9589404014,0.000544545685692668,9.72108518159917e-08,1.06229989619312e-09,0.000544545685692668
4989.84112257985,1993.99725266519,-3031.69101670615,0.000388908617176874,0,4.44172186227943e-09,0.000388908617176874
4989.8422845267,1993.94785140484,-3017.8401071751,0.000385458783695657,5.66534541949746e-08,9.11548667690186e-10,0.000385458783695657
5086.83548191329,1793.33728409224,-3032.67381510372,0.000390364736642946,0,2.67118574144319e-11,0.000390364736642946
5086.83367269415,1793.27854199831,-3018.13096764848,0.000374906636787547,3.05429442918193e-10,2.77870841897693e-11,0.000374906636787547
5415.43335126263,1200,-3028.47273396114,1.34554645150552e-05,0,8.78886535745879e-12,1.34554645150552e-05
5299.91944057135,1404.03521398225,-3031.22081382935,0.000318994945425508,0,1.1031934063496e-11,0.000318994945425508
5415.41592858648,1200,-3013.44807729651,2.41983085828501e-05,2.74414200140206e-11,1.53156774836523e-11,2.41983085828501e-05
5299.91401357814,1403.97760689886,-3015.99296736976,0.000297974919464909,9.88277755524336e-11,2.56743087619437e-11,0.000297974919464909
5184.56197261115,1604.58966281286,-3033.45466783088,0.000377794281262242,0,1.17487252488035e-10,0.000377794281262242
5184.55377227189,1604.53292816159,-3018.25346197528,0.000379914798135018,1.22837696939775e-09,2.6759121598267e-10,0.000379914798135018
4569.063329133,2599.27816339842,-3027.82694093466,0.000169721788442704,1.01154468379157e-09,1.24450077952255e-10,0.000169721788442704
4569.06595077514,2599.2863647906,-3040.49721159266,0.000135074186612893,0,5.54287291761755e-11,0.000135074186612893
4755.246632049,2502.82054537882,-3037.06894471279,0.000230070100084456,0,3.10428161920282e-08,0.000230070100084456
4755.24862329033,2502.80548696703,-3024.16034853192,0.000255108283321558,5.19963720733828e-07,2.10823899452158e-08,0.000255108283321558
4550.96495945997,2833.87929969389,-3024.61126223058,0.000493728467709596,1.84273891471e-07,4.38884831084152e-08,0.000493728467709596
4550.95953198553,2833.90027254907,-3036.24302661891,0.000518705188849395,0,2.37154369157931e-09,0.000518705188849395
4004.97711473833,2234.67421173357,-2982.33488792856,0.000281684406072003,3.55577922285045e-06,6.63771084578987e-06,0.000281684406072003
3800,2354.16142520517,-2990.02204217419,0.000626106116612551,1.28805593612806e-06,6.38205625066497e-05,0.000626106116612551
3999.36116730095,2467.48231378684,-2999.45886521537,0.000226723240159865,5.00472347826037e-06,2.0321055141101e-07,0.000226723240159865
3800,2584.9869528019,-3007.28781595706,0.000726374746894697,1.52495072685997e-06,2.20283640844437e-05,0.000726374746894697
3988.66455646905,2698.79158206673,-3016.71470500132,0.000127470027637831,1.36040669660172e-06,1.96139025517693e-07,0.000127470027637831
3800,2815.82664862793,-3023.12135874872,0.00116563789511309,1.27965953627928e-06,1.24295270832968e-06,0.00116563789511309
3999.59883120067,2928.50679218667,-3026.35599218971,0.000240965173315599,4.52740664354157e-07,6.58366010291579e-08,0.000240965173315599
3800,3046.66081631315,-3032.04144955293,0.00122505226053578,1.97297754985799e-08,9.09683033679727e-08,0.00122505226053578
4373.01826764651,2936.3586706657,-3035.8998659974,0.000421131721912249,0,2.13079603372653e-10,0.000421131721912249
4373.04360639186,2936.36618622017,-3025.21176967302,0.000394235844961337,1.47102249778579e-07,6.96227201982898e-08,0.000394235844961337
4198.46897688875,3045.38273556099,-3028.28916082833,0.000324077425701977,2.87102364008452e-06,1.65267707586202e-07,0.000324077425701977
4198.43664394543,3045.3611631712,-3038.42406806984,0.000325270980143091,0,4.74416775611374e-08,0.000325270980143091
3995.89829365403,3156.27809627808,-3032.48966505415,0.000462595967390795,8.15851237362213e-07,5.20004788688123e-07,0.000462595967390795
3995.85687655281,3156.24685051894,-3042.04544250126,0.00049913563435145,0,2.46734731520081e-07,0.00049913563435145
3800,3277.58451939016,-3049.03541412314,0.0010357689071598,0,1.30386964052977e-06,0.0010357689071598
3800,3277.52120785074,-3039.71636894412,0.000951989630493037,1.15453155628467e-06,4.23544506021788e-06,0.000951989630493037
3948.09018563029,1367.94033748148,-2939.60049505261,0.000180123131733787,2.14696178313854e-06,0.000119601626724979,0.000180123131733787
3800,1430.82409118307,-2943.99495399587,0.00597472258692664,2.1306754473847e-07,0.00597472258692664,0.000236478632582805
3800,1200,-2943.39356243877,0.00180383678401724,1.26940349733123e-08,0.00180383678401724,0.000228027027882816
4030.72554845676,1200,-2936.73854896683,3.68295644153775e-05,6.91170011631051e-09,6.80410824604008e-06,3.68295644153775e-05
3966.46969794972,1546.84534182397,-2953.25591745365,0.000200890941569486,3.92523477174671e-06,0.000200890941569486,0.000120998660747829
3800,1661.65872970867,-2958.56748718784,0.000598701298884097,1.03799277860567e-06,0.000598701298884097,0.000469277616426172
4150.03108744271,1410.34203005223,-2947.59917611863,0.000184963053539877,1.14309558933735e-09,5.93654810840415e-11,0.000184963053539877
4261.50789173183,1200,-2946.35225217904,7.04591722352571e-05,1.84031434248052e-10,3.77666381682306e-08,7.04591722352571e-05
3991.42425602464,1770.51596737819,-2967.17668914906,0.000155982408720418,3.82191769169147e-06,3.03471595755155e-05,0.000155982408720418
3800,1892.49576231612,-2973.27203109406,0.000605272212062119,1.03402340402893e-06,3.72409614106059e-06,0.000605272212062119
3800,2123.32121556557,-2974.37365231645,0.000551134628525849,1.24066964290917e-06,2.34967940395003e-06,0.000551134628525849
4005.03040568528,2007.92323292893,-2967.93528333199,0.000172241363525484,3.2921143985968e-06,5.54271093503117e-06,0.000172241363525484
4402.38670626802,1380.61961578398,-2958.60005343581,5.11404167271389e-05,6.62250770883068e-09,1.0377142156168e-07,5.11404167271389e-05
4492.31477565587,1200,-2957.80221525774,5.25411379879035e-05,1.48025120349979e-06,3.12138357638811e-07,5.25411379879035e-05
4616.97814191137,1390.15216012029,-2970.47823300461,9.19723382351818e-05,1.80161563185645e-06,9.52672255128245e-06,9.19723382351818e-05
4723.10125848528,1200,-2968.64611684387,0.000189152531088684,2.19876953740069e-06,1.73803877250087e-05,0.000189152531088684
4847.04240572616,1392.26968341507,-2980.44695394576,0.000111545575501214,5.4938200547557e-06,3.49014892146146e-07,0.000111545575501214
4953.84891805463,1200,-2977.77654701779,5.89862669916562e-05,1.16498188591391e-08,1.79941521033859e-07,5.89862669916562e-05
5069.09768688136,1403.81270823266,-2990.34794404365,0.000225707279439929,2.07493748612953e-09,2.86603273950434e-09,0.000225707279439929
5184.6158684939,1200,-2987.78633808353,0.000234783337981501,4.29426997131895e-11,9.62096706214258e-11,0.000234783337981501
5415.39854497838,1200,-2998.42342063189,3.27089032570047e-05,1.5089639150788e-11,2.76807355521912e-11,3.27089032570047e-05
5299.90858658493,1403.91999981547,-3000.76512091016,0.000293499365886443,4.93151796269468e-11,3.76207125349736e-11,0.000293499365886443
4967.5331366949,2364.38722601156,-3032.20067817574,0.00034366290869197,0,9.55848078339019e-09,0.00034366290869197
4967.53075528553,2364.36135490012,-3018.91612569394,0.000372751043631314,1.19155480912149e-08,1.68398682453666e-08,0.000372751043631314
5530.64491551101,1400.48472972021,-3010.5210060845,0.000148466943431634,9.59337157515848e-12,2.62488905245826e-12,0.000148466943431634
5646.16122521498,1200,-3008.27952157036,0.000108656931731266,5.27383260431974e-13,9.58506035105033e-13,0.000108656931731266
5530.6335919062,1400.55648876499,-3025.44859105624,0.000149699670753287,0,1.44262922891893e-12,0.000149699670753287
5646.17116624876,1200,-3023.03570866035,0.000109218666595379,0,9.20893734499133e-14,0.000109218666595379
5093.7376903139,2183.77988594239,-3014.62145529625,0.000677244540101468,3.26844315410686e-10,1.39706000203118e-10,0.000677244540101468
5093.73597272419,2183.8090046547,-3028.24299885681,0.000705625151379875,0,3.62777906297321e-11,0.000705625151379875
5194.77332011524,1990.34610489251,-3013.92240549051,0.000548167296520225,1.03514082489703e-09,6.49600095357043e-11,0.000548167296520225
5194.77349856043,1990.4048499813,-3028.13684353506,0.000563184015420561,0,3.52629636957046e-11,0.000563184015420561
5303.13404238461,1793.07130784259,-3013.83984331393,0.000509855117219303,2.01417140783664e-10,1.78875556126802e-11,0.000509855117219303
5303.14220158641,1793.14027247138,-3028.68501026415,0.000525115811500181,0,1.56230126665382e-11,0.000525115811500181
5420.16996055817,1592.97049330649,-3027.92200358442,0.00033635559082702,0,6.76338801503769e-12,0.00033635559082702
5420.16073972188,1592.90811825501,-3012.82546813743,0.000330493701616376,9.37099041728361e-11,8.81452522308215e-12,0.000330493701616376
4759.94451852228,2750.14000560548,-3023.74236567772,0.000219783657637453,1.05799881739625e-07,9.886409210852e-09,0.000219783657637453
4759.94282485733,2750.18967153148,-3036.12235657233,0.000169442583306804,0,3.47599205018152e-09,0.000169442583306804
4932.54366691323,2603.87928230775,-3035.16662649491,5.99146445547332e-05,0,8.55196538395523e-09,5.99146445547332e-05
4932.53546232807,2603.85156220024,-3022.14298618521,5.77736608555117e-05,8.26790267466271e-09,1.0723405685768e-08,5.77736608555117e-05
4690.14114483209,2938.8590806502,-3029.92283004632,0.000612111714691796,0,4.22522339391861e-08,0.000612111714691796
4690.15820018377,2938.85280593778,-3018.87169178346,0.000593526510116255,5.66005023913166e-06,2.69587200467478e-07,0.000593526510116255
4566.91640386186,3030.09405365145,-3018.39845872035,0.000458632422949182,0.000110335483022946,3.65595797753306e-06,0.000458632422949182
4566.88854428082,3030.07341557285,-3028.60062717021,0.000451182904610033,0,6.5059958348508e-07,0.000451182904610033
4004.9602395572,2234.68840247833,-2969.88199010445,0.000253880721910086,2.65725238356883e-06,1.47255892607944e-05,0.000253880721910086
3800,2354.13359853064,-2977.67683131361,0.000504116476837537,1.0741038044852e-06,5.31248344565713e-07,0.000504116476837537
3999.34026972453,2467.50300232205,-2987.10980567827,0.000223368874761438,4.20829552674219e-06,2.40114897300256e-06,0.000223368874761438
3800,2584.95271158687,-2994.99411320671,0.000629046817966991,1.34358159057745e-06,3.86937977569603e-05,0.000629046817966991
3988.63901607003,2698.80759173102,-3004.43419489648,0.000175085423169616,1.20979619497481e-06,3.81979389461054e-07,0.000175085423169616
3800,2815.78004525432,-3011.31575917901,0.000984131658854051,1.2123983599347e-06,4.27481952013204e-06,0.000984131658854051
3999.59814299983,2928.511088399,-3015.36729164928,0.000252440528375869,3.830119961456e-07,9.50913371209412e-08,0.000252440528375869
3800,3046.60634690243,-3021.57459111058,0.00105299709304698,6.32988430590314e-09,2.52327976980834e-07,0.00105299709304698
3995.93971075524,3156.30934203723,-3022.93388760705,0.000401358062096535,7.56198569913808e-07,1.11251455519168e-06,0.000401358062096535
3800,3277.45792169966,-3030.3973237651,0.000854078353782923,1.16342545482973e-06,6.81975979660811e-06,0.000854078353782923
4399.0729022179,3171.701303709,-3018.15598126281,0.000673541924253333,3.93400344349838e-06,1.10274278388165e-05,0.000673541924253333
4398.996903222,3171.65418746479,-3027.21505459636,0.000735402331359287,0,4.0444764273138e-06,0.000735402331359287
4198.35974106627,3269.38001565543,-3034.30466985802,0.000822337368864099,0,6.71046007890834e-07,0.000822337368864099
4198.40091303023,3269.27776734804,-3025.32791225976,0.000754534618069727,2.16575213709645e-06,3.1220967687248e-06,0.000754534618069727
3994.79034612901,3384.55168286759,-3036.01438860863,0.000688981855150297,2.56416453492149e-05,3.69859923596052e-07,0.000688981855150297
3994.76270889959,3384.63449512638,-3045.23603123017,0.000744781015147733,0,3.40054468117144e-07,0.000744781015147733
3800,3508.12057435417,-3060.24089266592,0.0015418771032662,0,3.14498332398037e-07,0.0015418771032662
3800,3508.07665456294,-3050.47789919349,0.00138902594639954,2.46339150907765e-06,1.93000352731564e-07,0.00138902594639954
4004.96641354149,3599.54315013757,-3058.2098710712,0.000232540427567537,0,6.12992401973282e-08,0.000232540427567537
4004.97424169571,3599.52556310823,-3048.2729837457,0.000205321909353729,6.70936366678344e-07,3.63706935587779e-08,0.000205321909353729
3800,3738.54321779913,-3074.62423918916,0.00232725968997283,0,1.42076473743404e-07,0.00232725968997283
3800,3738.53007303047,-3064.10433634884,0.00207985796892477,1.18657607059035e-06,3.98235664922606e-07,0.00207985796892477
3948.0824786665,1367.94264430459,-2926.14883077495,6.48652078326746e-05,8.08913652623415e-07,3.34452744880896e-05,6.48652078326746e-05
3800,1430.81972616902,-2930.61141616716,0.00336216842385395,2.33681199684323e-05,0.00336216842385395,0.00017602477130324
3800,1200,-2930.1908917355,0.00330765000824499,4.47116651599548e-06,0.00330765000824499,9.23044264651096e-05
4030.72347435929,1200,-2923.36048242082,7.01650183962874e-05,1.34017532545705e-08,5.91347607569295e-05,7.01650183962874e-05
3966.45188010255,1546.85432235303,-2939.65412981102,0.000201579155261595,2.10155120767672e-06,0.000201579155261595,0.000142738677189111
3800,1661.65008481887,-2945.05288988302,0.00410744732366545,4.44738393701385e-07,0.00410744732366545,0.00027398741448012
4261.50529756442,1200,-2932.7455255744,0.000178890742921798,1.62002297176283e-10,3.9917598133957e-08,0.000178890742921798
4150.02532313295,1410.33772510034,-2933.93986974073,0.000166387346093389,1.35488096892637e-09,5.87371612294974e-11,0.000166387346093389
3991.40019719324,1770.51420122117,-2953.77861359821,0.00015012536170526,2.57304513551655e-06,6.93326667751468e-05,0.00015012536170526
3800,1892.48085701772,-2960.21237212227,0.0004600276640332,2.83591422288006e-06,0.0004600276640332,0.000434217726792141
3800,2123.30046611554,-2961.85469269271,0.00072116684207863,2.4573472118358e-06,0.00072116684207863,0.0004282674572901
4005.01023684919,2007.92388641089,-2955.0634972821,0.000184861622790841,2.20060048632052e-06,1.65916955396736e-05,0.000184861622790841
4402.39490487042,1380.59990596504,-2944.71036602577,6.91248311361428e-05,7.46947701424359e-09,8.61052296290168e-08,6.91248311361428e-05
4492.31263103151,1200,-2943.92616828543,3.9459935516426e-05,9.76886334182921e-07,9.93143005889344e-07,3.9459935516426e-05
4616.99082858227,1390.11974084222,-2956.37115436926,5.84160260348496e-05,1.46036633289162e-06,6.91021181859913e-06,5.84160260348496e-05
4723.09652178078,1200,-2954.4259626549,0.000153608723380683,2.09123621768297e-06,9.64078881068547e-06,0.000153608723380683
4847.04948808171,1392.22957842446,-2965.90675032222,0.000116382068137156,5.6014441721255e-06,1.36992180326291e-07,0.000116382068137156
4953.83400777285,1200,-2963.00964992946,3.8935352547078e-05,2.19436321179267e-08,2.339489653824e-07,3.8935352547078e-05
5069.10197601164,1403.76523410903,-2975.33167392116,0.000201495771232028,1.60592748212902e-09,3.55294157681855e-09,0.000201495771232028
5184.59260016106,1200,-2972.560381882,0.000214318728021918,2.00852677771186e-11,2.46415096184177e-10,0.000214318728021918
5415.38116137015,1200,-2983.39876396726,4.30400301724007e-05,6.77154936796744e-12,4.05749070707913e-11,4.30400301724007e-05
5299.90315959172,1403.86239273208,-2985.53727445057,0.000278234687498955,1.19991170944358e-11,4.55522885758325e-11,0.000278234687498955
5530.65623911583,1400.41297067544,-2995.59342111276,0.000142790355743791,8.78179258735233e-12,7.7037570054146e-12,0.000142790355743791
5646.15131673704,1200,-2993.52333448037,0.000106631150172124,3.44499442280592e-13,2.08218103341034e-12,0.000106631150172124
5122.09466459058,2527.58867686168,-3029.9391916379,0.000566023868787206,0,5.36327016300311e-11,0.000566023868787206
5122.08470396324,2527.56103110316,-3016.58433601785,0.000562596950823587,4.62934379783824e-10,6.44414075870853e-11,0.000562596950823587
5187.29051431575,2354.40761841582,-3027.64188566182,0.000519962837768761,0,4.68518253458589e-11,0.000519962837768761
5187.28634547012,2354.37610188907,-3014.001244848,0.000535036617000591,4.45388576821179e-10,3.24886090995794e-11,0.000535036617000591
5281.44420526465,2489.06477138114,-3025.62479146149,0.000719609076783981,0,5.38837983099475e-11,0.000719609076783981
5281.43583208082,2489.02900713261,-3012.04927692195,0.000712829810929702,5.54032293623646e-10,5.17783814768166e-11,0.000712829810929702
6232.46792991002,1381.0466555231,-2997.6390453567,0.000108853114250096,3.42338277919405e-12,2.98666593795982e-13,0.000108853114250096
6338.48220572719,1200,-2997.00635976749,0.000164404884049517,5.47587084952665e-14,5.98927372107039e-16,0.000164404884049517
6107.70680119596,1200,-3000.66881815463,0.000142877807301258,9.93436436788591e-14,9.62338363886087e-16,0.000142877807301258
6232.4215990677,1381.15561888958,-3012.4595533191,0.000106927629755109,0,3.03025032795464e-13,0.000106927629755109
6338.48733325341,1200,-3011.92008347834,0.000189009211902695,0,2.73306849196447e-17,0.000189009211902695
6107.71339460578,1200,-3015.52009583874,0.000157080988790864,0,1.46378077915985e-16,0.000157080988790864
5761.22441117986,1405.74608714652,-3005.22681096967,0.000137811938684159,1.32372478682731e-11,1.04357783432589e-12,0.000137811938684159
5876.93045050471,1200,-3004.26335273309,0.000179735590480271,6.34802237422288e-14,3.76801051429806e-14,0.000179735590480271
5761.19510453073,1405.83109740317,-3019.89444184877,0.000149851594931476,0,9.62633280895787e-13,0.000149851594931476
5876.93757171,1200,-3018.99954594908,0.000196399152953423,0,9.6275428908537e-15,0.000196399152953423
5991.93251155177,1405.83389488629,-3001.4127951185,0.000106780651790505,6.99682003577531e-12,6.93296392199666e-13,0.000106780651790505
5991.89351202159,1405.93081713211,-3016.14016963992,0.000110123520285072,0,6.95560787957963e-13,0.000110123520285072
5656.5884419544,1598.55696494168,-3021.593369758,0.000228144390746831,0,4.01790029782684e-12,0.000228144390746831
5656.59891359918,1598.4793751938,-3006.83941862102,0.000233118241209318,7.60505407905197e-11,4.51283615361241e-12,0.000233118241209318
5296.18208306021,2187.39207709719,-3010.5216520892,0.000739682560171747,2.45934510359075e-10,2.76430998637309e-11,0.000739682560171747
5296.1871369609,2187.43202691518,-3024.45150602708,0.000777486177870828,0,2.42856032549042e-11,0.000777486177870828
5416.14817109647,1994.30031559913,-3008.88101797706,0.000542744131727062,1.51440869202857e-10,1.8266992141785e-11,0.000542744131727062
5416.15346265337,1994.3668133649,-3023.15069031379,0.000563390864903535,0,1.75996822486487e-11,0.000563390864903535
5529.95121908365,1795.29466321716,-3022.58136757653,0.000347499780162982,0,9.50684773882799e-12,0.000347499780162982
5529.95272777098,1795.2204829358,-3008.03624075119,0.000339448009980269,1.11750337307221e-10,1.37229966033424e-11,0.000339448009980269
4845.9236836378,2897.86515950039,-3028.85105162438,0.000533351025712414,0,5.04308205870506e-08,0.000533351025712414
4845.93724441333,2897.8395827147,-3017.28390361372,0.000545468342375538,2.485221227428e-06,6.58973600720102e-08,0.000545468342375538
4950.98455626597,2789.48377566936,-3031.00466913537,0.000179870320235118,0,1.67615345066764e-08,0.000179870320235118
4950.98514272005,2789.43290214489,-3018.68930799114,0.000233111858186084,7.06906160843125e-08,1.90002520114758e-08,0.000233111858186084
4841.74953098589,3032.61865238244,-3012.87589313081,0.000359659703437422,2.98407039565893e-06,7.37745450660666e-08,0.000359659703437422
4841.72038595095,3032.61329637687,-3023.46135461182,0.000362118277734867,0,1.47688482299366e-08,0.000362118277734867
5092.35414919234,2706.97885401522,-3030.17781305728,0.000176385534102699,0,1.84411669511683e-10,0.000176385534102699
5092.34094757914,2706.90366842858,-3017.19749896183,0.000249480630252642,2.77539103666774e-08,3.62486985889871e-09,0.000249480630252642
4870.51236832212,3152.77854233903,-3018.55044348357,0.000708920983748239,0,1.31301609827151e-07,0.000708920983748239
4724.12677484337,3151.42762769428,-3021.36249610907,0.000676878854109908,0,3.23017123531283e-06,0.000676878854109908
4870.548314931,3152.77897165834,-3008.60403893034,0.00063384634121482,1.24344380681197e-07,2.82416240172997e-07,0.00063384634121482
4724.16607167059,3151.44674049126,-3011.71242112702,0.000664902010461277,5.41338277536062e-05,1.19412363963746e-05,0.000664902010461277
4581.57178417782,3199.51429284594,-3021.94621762117,0.00131092526487546,0,9.14268249947139e-06,0.00131092526487546
4581.57807271444,3199.5721094776,-3012.8953418558,0.00114976861199192,8.74987058492922e-05,2.47308557085105e-05,0.00114976861199192
4517.72324462912,3312.83011908867,-3018.81678928454,0.000465117161504376,3.78116105469187e-07,1.63451012141747e-08,0.000465117161504376
4517.68149674391,3312.96113300105,-3027.92016345553,0.000509005865712096,0,1.93553429408711e-07,0.000509005865712096
4004.94336437607,2234.70259322309,-2957.42909228035,0.000219880284899092,1.81074731980339e-06,2.69533101024597e-05,0.000219880284899092
3800,2354.10577185609,-2965.33162045304,0.000512779672787593,2.41525876195625e-06,0.000512779672787593,0.000372236682004662
3999.31937214811,2467.52369085726,-2974.76074614116,0.000219660857403836,3.2352211076312e-06,5.25015941178533e-06,0.000219660857403836
3800,2584.91847037183,-2982.70041045637,0.000540485701677264,1.74995172305571e-06,5.87756662673616e-05,0.000540485701677264
3988.61347567101,2698.8236013953,-2992.15368479164,0.000203644561870474,1.0273712337543e-06,1.65221501343257e-07,0.000203644561870474
3800,2815.73344188067,-2999.51015960931,0.00082394577453541,1.10972887149335e-06,7.06974048169129e-06,0.00082394577453541
3999.59745479899,2928.51538461134,-3004.37859110885,0.000248793689683674,3.15639038998623e-07,1.44987248326378e-07,0.000248793689683674
3800,3046.55187749168,-3011.10773266823,0.000889759633625333,7.70004105292852e-09,4.18883567800398e-07,0.000889759633625333
3995.98112785646,3156.34058779637,-3013.37811015994,0.000348966950762944,6.38106955461235e-07,3.66011407220835e-06,0.000348966950762944
3800,3277.39463554852,-3021.07827858608,0.000760284884811107,9.34003327376384e-07,1.0939871426009e-05,0.000760284884811107
3994.81798335844,3384.46887060879,-3026.79274598709,0.000597884020287596,2.41477841540486e-05,1.66941659876388e-07,0.000597884020287596
3800,3508.03275936772,-3040.71490572105,0.00121306561794835,2.4077335181755e-06,1.48753352410573e-07,0.00121306561794835
4371.98296663656,3380.04694140316,-3026.31970954768,0.000383697424889116,4.30050725694238e-05,1.79785007915645e-07,0.000383697424889116
4371.94072707843,3380.15174080764,-3035.5792390942,0.000400702215870477,0,3.91336359293426e-07,0.000400702215870477
4189.7567390221,3495.40836013031,-3037.58549371897,0.000260805150820723,2.93835727438365e-07,5.01950524244913e-08,0.000260805150820723
4189.73373583408,3495.46519852041,-3047.22502434803,0.00023650935377204,0,1.28892420516839e-08,0.00023650935377204
4173.17424884221,3668.41447114658,-3048.33032698005,0.000284838236233651,1.22259043279075e-07,1.68571533179762e-08,0.000284838236233651
4173.17062648047,3668.42028632418,-3058.5876724606,0.000362798202326258,0,9.87659040745327e-09,0.000362798202326258
4004.98206984992,3599.50797607888,-3038.33609642021,0.000238308472588914,5.83017869091086e-07,8.55976776143015e-08,0.000238308472588914
3800,3738.51695206457,-3053.58443350853,0.00173255452739228,9.17449805324515e-07,9.6750482721646e-07,0.00173255452739228
4017.36952206608,3839.85116091924,-3069.38040244019,0.00073944212966009,0,1.01697867870536e-07,0.00073944212966009
4017.34548019927,3839.85845461069,-3058.9363458616,0.000641409849438754,4.03362435267544e-06,1.53755153063955e-07,0.000641409849438754
3800,3969.22663503616,-3066.62828084814,0.00214854022418074,1.6698729024711e-06,2.68327672779015e-08,0.00214854022418074
3800,3969.23112514873,-3076.87158426095,0.00244186673697757,0,2.57072315561836e-07,0.00244186673697757
3975.73250275183,4050.7530615646,-3065.39290378671,0.000278641233472656,0,1.69436234205654e-07,0.000278641233472656
3975.73064919965,4050.74415888652,-3055.79801807945,0.000260045209226201,7.53220023034822e-05,1.57064440644418e-06,0.000260045209226201
3800.00005785072,4200.00002222008,-3070.00838231923,0.00207827688746639,0,8.88045935905628e-06,0.00207827688746639
3800,4200,-3060.81712495826,0.00187120410529744,9.02685998641707e-05,2.79973416602368e-05,0.00187120410529744
6449.74450295738,1362.84456427784,-2994.14749911118,9.3952488460246e-05,1.37105501545078e-12,9.65730256447844e-14,9.3952488460246e-05
6569.2563597701,1200,-2993.25832205605,0.000299883164290062,4.60099892624578e-14,1.52291993374218e-15,0.000299883164290062
6449.69092501715,1362.96419276443,-3009.01150246644,0.000106909870661512,0,8.93529604475595e-14,0.000106909870661512
6569.25902361073,1200,-3008.17721058606,0.000327406186573046,0,7.93178124250236e-17,0.000327406186573046
6635.82703955976,1346.6158892422,-3005.98923865022,5.41881218909973e-05,0,8.86298003662355e-15,5.41881218909973e-05
6635.88734302105,1346.48714501126,-2991.10255224449,5.76175023660088e-05,2.38722006282374e-13,1.06937630181457e-14,5.76175023660088e-05
6800,1200,-2988.25973647511,0.000860244829043521,4.73344094416958e-14,5.27954586753391e-15,0.000860244829043521
6800,1200,-3003.20258851724,0.000956653363159632,0,2.3329183946791e-16,0.000956653363159632
3966.43406225537,1546.86330288209,-2926.0523421684,0.000102913031110364,9.45701768394576e-07,0.000102913031110364,8.32739857089545e-05
3800,1661.6414405761,-2931.5382925782,0.00493988800014373,6.25250058222145e-06,0.00493988800014373,0.000110798872406066
4150.01955882319,1410.33342014846,-2920.28056336283,9.6302506939531e-05,1.0730008131779e-08,3.94635772392282e-09,9.6302506939531e-05
4261.502703397,1200,-2919.13879896976,9.86615519497419e-05,1.19576890647381e-09,6.97081964113005e-08,9.86615519497419e-05
3991.37613836184,1770.51243506415,-2940.38053804736,0.000171678439735936,1.5239131105446e-06,7.39499989177691e-05,0.000171678439735936
3800,1892.46595171932,-2947.15271315047,0.00257039366346845,6.55219626415106e-08,0.00257039366346845,0.000205432453348626
3800,2123.2797166655,-2949.33573306898,0.00339358256615823,5.18591337941391e-08,0.00339358256615823,0.000287469051984009
4004.9900680131,2007.92453989285,-2942.1917112322,0.000225907697960922,1.29510933647301e-06,3.9755866315887e-05,0.000225907697960922
4402.40310347283,1380.58019614609,-2930.82067861573,0.000128537363654142,5.32752439903338e-09,3.30342877973046e-08,0.000128537363654142
4492.31048640713,1200,-2930.05012131311,2.11336811454144e-05,6.42401642583314e-07,1.2318856058802e-05,2.11336811454144e-05
4617.00351525317,1390.08732156415,-2942.2640757339,5.11766309421654e-05,6.69987314143593e-07,5.11766309421654e-05,4.1233881410511e-05
4723.09178507626,1200,-2940.20580846593,9.72490394294638e-05,2.12076095755077e-06,3.44808909183246e-05,9.72490394294638e-05
4953.81909749097,1200,-2948.24275284114,1.59133444393995e-05,2.98404361057144e-08,2.06913800000424e-07,1.59133444393995e-05
4847.05657043726,1392.18947343384,-2951.36654669868,0.000118362366810243,5.32742235547722e-06,3.37800939986674e-06,0.000118362366810243
5069.10626514191,1403.71775998541,-2960.31540379867,0.000175459727622744,1.37087296570284e-09,4.17515682337063e-09,0.000175459727622744
5184.56933182804,1200,-2957.33442568047,0.000188269266683194,1.03112091386277e-11,5.66272387170899e-10,0.000188269266683194
5415.3637777618,1200,-2968.37410730264,5.19313921033722e-05,4.24505386182702e-12,4.75352129217854e-11,5.19313921033722e-05
5299.89773259851,1403.80478564869,-2970.30942799097,0.000256288518443707,4.43205089130659e-11,4.67238475577934e-11,0.000256288518443707
5530.66756272064,1400.34121163066,-2980.66583614102,0.000135741888617123,1.26503896552552e-11,2.2314938062225e-12,0.000135741888617123
5646.14140825903,1200,-2978.76714739039,0.000104203821144651,2.77517905446694e-13,3.60386024733155e-12,0.000104203821144651
6232.51426075234,1380.93769215662,-2982.81853739429,0.000113877376486997,3.46690004909221e-12,2.82978853218257e-13,0.000113877376486997
6338.47709122369,1200,-2982.09263605665,0.000126921987815424,1.59732437480249e-13,1.93791728434273e-15,0.000126921987815424
6107.70022731984,1200,-2985.81754047051,0.000111331720294067,1.90293360817545e-13,3.10217574843239e-15,0.000111331720294067
5761.25371782898,1405.66107688986,-2990.55918009056,0.000125830531324742,1.34252613629555e-11,1.31979313970116e-12,0.000125830531324742
5876.92335534405,1200,-2989.5271595171,0.000160415718774805,1.74774178452254e-13,7.69013410844039e-14,0.000160415718774805
5991.97151108196,1405.73697264047,-2986.68542059708,0.000110038975357822,7.04238219701022e-12,7.10637989231719e-13,0.000110038975357822
5241.72074698444,2648.39406658695,-3026.70473059745,0.000282938604174657,0,4.61850722190987e-11,0.000282938604174657
5241.70910599083,2648.35206841435,-3013.40716451379,0.000361521058261155,3.33936162082491e-09,1.89818596599994e-10,0.000361521058261155
5363.3280206857,2353.85584854143,-3009.44844676649,0.000686205951410577,3.14673763391041e-10,3.78250939540535e-11,0.000686205951410577
5363.33597600998,2353.89883286448,-3023.23982240422,0.0006972944858866,0,3.06326469551918e-11,0.0006972944858866
5381.64198345584,2602.251814544,-3023.09241341583,0.000438609703230962,0,6.56129515744963e-11,0.000438609703230962
5381.62716890337,2602.19806621205,-3009.58705145413,0.000477018846424619,1.13272336156986e-09,1.64184622022731e-10,0.000477018846424619
5409.17820934942,2482.55333561813,-3022.27087775264,0.000681046731104675,0,4.16606672762211e-11,0.000681046731104675
5409.16789609541,2482.51037565671,-3008.59956632701,0.000695501229556146,4.16240836136014e-10,7.24696843524727e-11,0.000695501229556146
6340.14638251666,1563.02579540077,-2994.59024264023,0.000173041362564434,8.52406486395439e-12,8.91607374457073e-13,0.000173041362564434
6340.10184385461,1563.13604749507,-3009.32169275372,0.000174062988575086,0,8.74857682144124e-13,0.000174062988575086
6118.65007104988,1583.04996257634,-3012.8484582639,0.00018760598685219,0,1.91733810552056e-12,0.00018760598685219
6118.68729042306,1582.94984954449,-2998.17659296052,0.000189484755382069,1.72625173173616e-11,1.94638824306787e-12,0.000189484755382069
5892.07134147107,1590.86433938527,-3001.91683637494,0.000207687176008042,2.60874118766466e-11,3.02317232524005e-12,0.000207687176008042
5892.04109811022,1590.95411183632,-3016.52849233711,0.000200725641258831,0,3.00501252235336e-12,0.000200725641258831
5762.66572033356,1795.87706167074,-3002.05874516457,0.000307318060201634,1.07499559418918e-10,7.52032100395462e-12,0.000307318060201634
5762.64292409297,1795.95875811323,-3016.27235198789,0.000322792266427988,0,7.40024589514078e-12,0.000322792266427988
5517.64725386785,2202.91388777381,-3004.85834148584,0.000617913766047247,2.00018328630611e-10,2.34068621847502e-11,0.000617913766047247
5517.64603732668,2202.96733266265,-3018.65134590432,0.000643669436960902,0,2.21567478137413e-11,0.000643669436960902
5634.74793527145,2005.53161360221,-3016.94314807347,0.00041694628753333,0,1.33227912937233e-11,0.00041694628753333
5634.76006743402,2005.45905494299,-3002.99472700896,0.000413896423827555,1.49697953658207e-10,1.39553705090707e-11,0.000413896423827555
4971.17316700494,2967.25411498166,-3012.11151750866,0.000377607040558305,1.90020658932467e-09,3.01208574046091e-08,0.000377607040558305
4971.14824020418,2967.27175025652,-3023.36833182992,0.000340702214427689,0,2.92265068403449e-08,0.000340702214427689
5079.12082883476,2869.14720247479,-3023.88775719652,0.000768970119792724,0,2.1042910824113e-09,0.000768970119792724
5079.13000360682,2869.10539341579,-3011.88480288834,0.000737019355188702,2.13608012840922e-07,1.95803126341367e-08,0.000737019355188702
5097.73938769781,2982.28779765204,-3018.68570567336,0.000799446351686621,0,5.17196610508936e-09,0.000799446351686621
5097.76403452797,2982.26682370802,-3007.3145178595,0.000781748492672526,2.96064401694437e-06,5.11437020070925e-08,0.000781748492672526
4960.50786568054,3099.86310377155,-3018.29736332944,0.000469576795542899,0,9.79340298266761e-08,0.000469576795542899
4960.54257371846,3099.87617622338,-3007.88811992511,0.000457620959783173,2.24636806224297e-05,1.07608164298378e-07,0.000457620959783173
5216.5669311225,2800.21186992916,-3022.41202919069,0.000839634213080474,0,9.27018141260769e-11,0.000839634213080474
5216.56456807171,2800.1496887918,-3009.81621259071,0.00082923316264907,3.26609704340802e-08,3.96643062115048e-09,0.00082923316264907
4937.03485171342,3198.73016563839,-3016.00072390928,0.0010359868298911,0,7.55843093469061e-06,0.0010359868298911
4937.09400624496,3198.74789715296,-3006.12605929561,0.000902627718173801,4.87504800094673e-05,1.62882994056442e-05,0.000902627718173801
4843.20727070885,3263.56149887544,-3018.81530540424,0.00102877374097275,0,3.46373095787909e-06,0.00102877374097275
4843.22950552861,3263.441778858,-3009.18811955969,0.000906855275662956,4.88550667932145e-06,7.02677166868151e-06,0.000906855275662956
4680.75374422331,3338.40415811162,-3016.8885756049,0.000403487430789655,8.5503143880524e-07,1.53072718728492e-07,0.000403487430789655
4680.71389029854,3338.51041932146,-3026.41214890039,0.000414326488615072,0,7.44068677914357e-07,0.000414326488615072
4540.40835403677,3471.12396109464,-3037.60029499589,9.21559272138311e-05,0,4.14535536355097e-07,9.21559272138311e-05
4540.44044269077,3471.04489203507,-3027.84193607628,9.73247934494455e-05,2.0634710239215e-06,3.61546114596022e-07,9.73247934494455e-05
4004.92648919493,2234.71678396785,-2944.97619445624,0.000178438802019615,1.11062179308034e-06,4.66320998822385e-05,0.000178438802019615
3800,2354.07794518154,-2952.98640959246,0.00278051698393157,4.53302266324418e-08,0.00278051698393157,0.000232397391227633
3999.29847457169,2467.54437939247,-2962.41168660406,0.000216346230136554,2.23018274248744e-06,1.39366748732658e-05,0.000216346230136554
3800,2584.88422915677,-2970.40670770602,0.000472162575422246,2.51337994727322e-06,9.37398505199278e-05,0.000472162575422246
3988.58793527199,2698.83961105958,-2979.87317468679,0.000214916925738935,8.16001778489736e-07,2.22001772512331e-07,0.000214916925738935
3800,2815.686838507,-2987.70456003961,0.00067327493174789,7.84622147083135e-07,1.18135718932051e-05,0.00067327493174789
3999.59676659815,2928.51968082367,-2993.38989056843,0.000236472860043203,2.48309097883209e-07,2.58937553502425e-07,0.000236472860043203
3800,3046.49740808089,-3000.64087422589,0.000730595009097913,1.95729884897104e-08,3.69821862796773e-07,0.000730595009097913
3996.02254495768,3156.37183355552,-3003.82233271284,0.000301349675180571,5.52796727162684e-07,5.09626234488533e-06,0.000301349675180571
3800,3277.33134939734,-3011.75923340705,0.00066838457422914,1.41241576619957e-06,1.79334620834101e-05,0.00066838457422914
3994.84562058786,3384.38605835,-3017.57110336555,0.000520913810116808,2.21535328062143e-05,1.84203579295419e-07,0.000520913810116808
3800,3507.98886417247,-3030.95191224861,0.00105315388689061,2.28581779946112e-06,2.17912822454386e-07,0.00105315388689061
4374.32369597748,3623.55814791214,-3040.99681760101,0.000176819525135667,2.19198317726753e-05,3.85902868333222e-07,0.000176819525135667
4374.31166507973,3623.58533707776,-3051.20993521178,0.000202963080966554,0,2.65706432761887e-07,0.000202963080966554
4268.50155345077,3839.3270993779,-3061.12952681913,0.000748908201465656,0,1.2047267873058e-08,0.000748908201465656
4268.492145013,3839.30412415162,-3050.68203239404,0.000637284148071714,2.96437318258213e-07,4.29411216748831e-08,0.000637284148071714
4004.98989800414,3599.49038904954,-3028.39920909471,0.000248302835655472,5.03132376756969e-07,1.1818171931781e-07,0.000248302835655472
3800,3738.50383109869,-3043.06453066821,0.00144144485121129,7.92974632353586e-07,3.86613823376723e-06,0.00144144485121129
3800,3969.22216793547,-3056.38497743532,0.0017532067562828,1.9009935018162e-06,6.40098926268283e-07,0.0017532067562828
4017.32143833246,3839.86574830214,-3048.492289283,0.00045868210475968,3.5052225499851e-06,2.41185681234705e-07,0.00045868210475968
4145.65639059033,4034.04222245756,-3049.08457723511,0.000192698872373511,4.48144460079524e-05,8.38058033514968e-07,0.000192698872373511
4145.64855690238,4034.04942173084,-3058.63835078793,0.000203685317735181,0,2.03811236475966e-07,0.000203685317735181
3975.72879564747,4050.73525620844,-3046.20313237219,0.00026704068041451,5.62340108479522e-05,4.84336907688037e-06,0.00026704068041451
4029.26461619106,4200,-3048.57448297826,0.000602471822907489,0.000250639308762789,7.75876964534296e-05,0.000602471822907489
4029.23753114003,4200,-3057.34446720334,0.000683036953762996,0,2.31587100413328e-05,0.000683036953762996
3800,4200,-3051.62586759729,0.00166585710386096,7.4703947986565e-05,5.89738694969231e-05,0.00166585710386096
6449.7980808976,1362.72493579126,-2979.28349575592,0.000105435537015106,1.39855920589629e-12,1.024295546439e-13,0.000105435537015106
6569.25370244115,1200,-2978.33943352603,0.000265575863517252,5.5986742010759e-14,1.28955897216672e-14,0.000265575863517252
6635.94764648233,1346.35840078032,-2976.21586583877,3.32432986836938e-05,2.49388650449667e-13,6.43375900767955e-15,3.32432986836938e-05
6800,1200,-2973.31688443299,0.000757459683265885,5.20732157870418e-14,9.36749356092437e-15,0.000757459683265885
6586.37817678789,1547.65799014699,-3005.19777187089,0.000144597231329801,0,1.76897532287486e-13,0.000144597231329801
6586.43172938043,1547.53583995974,-2990.45003737622,0.000133874458404967,2.16190805799228e-12,1.84086124021181e-13,0.000133874458404967
6800,1430.89403308417,-2987.19060750967,0.000902041423225776,3.57515707518944e-14,9.77446560814551e-15,0.000902041423225776
6800,1430.9024938261,-3001.99781547682,0.00103823731556217,0,3.31720773975863e-17,0.00103823731556217
3991.35207953043,1770.51066890713,-2926.98246249651,0.000101111074067513,8.16992068093463e-07,8.45848861311146e-05,0.000101111074067513
3800,1892.45104739146,-2934.09305417868,0.00764361565008302,5.13355248016671e-06,0.00764361565008302,3.54970832823117e-05
3800,2123.25896850955,-2936.81677344524,0.00606729816964429,6.79177669803568e-06,0.00606729816964429,7.31984472200268e-05
4004.96989917701,2007.92519337481,-2929.31992518231,0.00013893029156475,6.90025929294662e-07,5.85712151863834e-05,0.00013893029156475
4167.25841146789,1650.06756363006,-2934.13264409982,0.000149223351864062,1.29195178918898e-10,7.60539907889788e-08,0.000149223351864062
4167.2342831675,1650.05168654284,-2920.35725492763,8.15010747501152e-06,4.57410217244273e-09,2.48955327202585e-08,8.15010747501152e-06
4402.41130207523,1380.56048632714,-2916.93099120569,0.000107217846173415,3.80497641805062e-09,4.64694069892407e-09,0.000107217846173415
4492.30834178274,1200,-2916.1740743408,9.89936609073197e-06,4.57747087440169e-07,5.30575929478322e-06,9.89936609073197e-06
4322.94627034038,1566.24926721018,-2931.48504050504,0.000105734483931684,2.51810037697374e-10,8.32359765910607e-08,0.000105734483931684
4322.94775210802,1566.24054238531,-2917.54919790958,0.000106740380777345,1.6430061084078e-11,8.41158226290493e-08,0.000106740380777345
4617.01620192406,1390.05490228608,-2928.15699709855,0.000368685571493094,1.50453885663976e-08,0.000368685571493094,0.000150804141135986
4723.08704837171,1200,-2925.98565427696,0.000641843094452637,7.09304924553288e-07,0.000641843094452637,8.04213315881792e-06
4953.80418720897,1200,-2933.47585575282,1.16481674567312e-05,3.24155195450828e-08,1.39941505240868e-07,1.16481674567312e-05
4847.06365279281,1392.14936844322,-2936.82634307514,0.000128615376643876,4.41871295216636e-06,1.36906505627178e-05,0.000128615376643876
5069.11055427218,1403.67028586179,-2945.29913367617,0.000149028038459407,1.12966669092497e-09,5.60656291812207e-09,0.000149028038459407
5184.54606349485,1200,-2942.10846947893,0.000150736364477739,2.12956385970393e-11,7.21173317498956e-10,0.000150736364477739
5299.8923056053,1403.7471785653,-2955.08158153138,0.000229429328274456,3.49660204420802e-11,3.74811181324378e-11,0.000229429328274456
5415.34639415333,1200,-2953.34945063801,5.61992607065028e-05,2.59225720514867e-12,4.7904794900462e-11,5.61992607065028e-05
5530.67888632545,1400.26945258588,-2965.73825116928,0.000128811360545264,1.32615412655917e-11,1.79065251064483e-11,0.000128811360545264
5646.13149978096,1200,-2964.0109603004,0.000101074949338263,3.89975965562829e-13,5.435400253408e-12,0.000101074949338263
6232.56059159466,1380.82872879013,-2967.99802943189,0.00011057137271858,3.51759200648623e-12,3.24134176344183e-13,0.00011057137271858
6338.47197672016,1200,-2967.17891234581,0.000103426244276686,2.27234017595892e-13,1.25090045856111e-14,0.000103426244276686
6107.69365344368,1200,-2970.96626278639,8.97436876446168e-05,1.63088031290792e-13,2.27607198732724e-14,8.97436876446168e-05
5992.01051061214,1405.64005039465,-2971.95804607566,0.000108170818924384,7.09769069173062e-12,7.2838608639777e-13,0.000108170818924384
5876.91626018335,1200,-2974.79096630112,0.00014173799899553,2.07305650930555e-13,1.2977671351052e-13,0.00014173799899553
5761.28302447811,1405.57606663321,-2975.89154921145,0.000112152889750655,1.36444206066926e-11,1.30860560746196e-12,0.000112152889750655
6423.33102498172,1724.3069993399,-3005.99236889745,0.000177768899754126,0,1.16747548515956e-12,0.000177768899754126
6423.37853883492,1724.19534483539,-2991.55604741691,0.000159304789543959,1.10187731106487e-11,1.20526457418239e-12,0.000159304789543959
5342.51771107376,2751.42115246508,-3020.70405588375,0.000614725298157854,0,8.18699614324756e-11,0.000614725298157854
5342.51078266081,2751.34328742494,-3007.74065886753,0.000639042277982694,8.27052617420723e-09,1.50908108062995e-09,0.000639042277982694
5477.46646412239,2677.92973431035,-3019.0839777355,0.000227018343989308,0,1.09681413998846e-10,0.000227018343989308
5477.44450902492,2677.86762789228,-3005.74278876712,0.000320882435183552,3.09220657962081e-09,4.22879252170799e-10,0.000320882435183552
5523.72822326333,2397.40279644293,-3004.86584037932,0.000654948669501731,2.98210477146688e-10,3.86284476177305e-11,0.000654948669501731
5523.73333933149,2397.45471669455,-3018.49761975426,0.000660163262134794,0,3.69068990285201e-11,0.000660163262134794
5507.18326628867,2537.75265599362,-3005.58566523436,0.0006012523452375,5.35574246041567e-10,9.75837957579062e-11,0.0006012523452375
5507.19427957132,2537.79795561342,-3019.09684248668,0.00058036003393956,0,5.61173447398253e-11,0.00058036003393956
5651.13522463532,2324.34291591361,-3014.56822035441,0.000498644577072259,0,2.67538441923778e-11,0.000498644577072259
5651.14259422376,2324.28531447021,-3001.03979855996,0.000504135302325833,2.41762703304322e-10,2.7063300388044e-11,0.000504135302325833
6239.0353861088,1759.66323845251,-3008.56528244925,0.000190508350094069,0,2.72467318185913e-12,0.000190508350094069
6239.07758502813,1759.56023143342,-2994.23449392509,0.000187668250403807,2.32973311370495e-11,2.79115637269679e-12,0.000187668250403807
6007.65126245071,1781.33775387284,-2997.7207050778,0.000228390519292406,8.80830934378951e-11,5.10091863831201e-12,0.000228390519292406
6007.61581197958,1781.43005653899,-3011.93657495941,0.000233747767112567,0,5.0351954867013e-12,0.000233747767112567
5868.3309894675,1989.04006905306,-2997.39124063148,0.000362425405984126,1.28132420527784e-10,1.04362022750668e-11,0.000362425405984126
5868.30009572994,1989.12005406273,-3011.10467249788,0.00037274902260901,0,1.01840968096605e-11,0.00037274902260901
5729.55888566692,2169.30900761526,-3012.60370049281,0.000504763316918917,0,1.72234078576473e-11,0.000504763316918917
5729.57848245221,2169.2414450149,-2999.067438781,0.000486011036321163,1.71716460172331e-10,1.7672468933924e-11,0.000486011036321163
5055.14584874271,3072.1735889399,-3016.46970165286,0.000773825376801882,0,2.67966831763283e-08,0.000773825376801882
5055.18512290181,3072.17280213693,-3005.71070160976,0.000734666169131423,1.11261439105139e-05,3.29201090444114e-07,0.000734666169131423
5192.66579307605,2931.61396824077,-3017.75759450239,0.000851258308060534,0,3.39484673020729e-10,0.000851258308060534
5192.68242338865,2931.57974136699,-3005.98403278963,0.000842548236227545,2.46935527564983e-07,4.22317295967697e-08,0.000842548236227545
5171.56889188004,3043.66635422088,-3002.57179533298,0.00110712723611601,3.6759260027882e-06,2.98948748008768e-07,0.00110712723611601
5171.53607898895,3043.67884176166,-3013.68128977215,0.00119881575087955,0,5.44979878777389e-09,0.00119881575087955
5053.00744299973,3192.3280816468,-3002.87302616786,0.000982177526102358,8.53951127485334e-05,2.26178602775013e-05,0.000982177526102358
5052.94271959333,3192.32174519341,-3013.023342135,0.00106924880606783,0,8.75152228388835e-06,0.00106924880606783
5321.89405041255,2912.55703023406,-3014.39684075969,0.0010063413268869,0,3.9781591408833e-10,0.0010063413268869
5321.90661142534,2912.51360284237,-3002.36152347544,0.000964760450404207,1.5767380762956e-07,5.20552748817885e-08,0.000964760450404207
4970.67315378197,3295.47499900517,-3007.86573560843,0.000540572907899954,2.55163431627241e-05,3.57767918187443e-08,0.000540572907899954
4970.63764767018,3295.55857203749,-3017.92797478323,0.000562171372189652,0,2.64178182999678e-07,0.000562171372189652
5081.87876151936,3296.56649491203,-3014.5011277823,0.000996381497115983,0,1.12930285829226e-07,0.000996381497115983
5081.92564841383,3296.49263082488,-3004.1953128134,0.000931187104485041,1.17046621202866e-05,7.81051764618016e-08,0.000931187104485041
4921.66991242696,3367.98290544149,-3012.56137104261,0.000364756873763812,2.64941965428726e-05,3.48784406939648e-07,0.000364756873763812
4921.63607872874,3368.05387712447,-3022.76940132563,0.000353039329764709,0,2.34157348914525e-07,0.000353039329764709
4825.42699138492,3389.92463495407,-3016.05027030041,0.000376072162335593,1.43309233558648e-05,3.75113441799252e-08,0.000376072162335593
4825.39395796306,3390.00077027239,-3026.10306567797,0.000359078398845982,0,8.24700222500157e-08,0.000359078398845982
4756.59023896423,3506.40490222615,-3034.33792753726,0.000431052971384788,0,1.28107729921072e-09,0.000431052971384788
4756.61345102879,3506.35570491306,-3023.99046549114,0.000421749007090335,2.996204663717e-07,5.10127640519679e-08,0.000421749007090335
4599.82326378974,3657.20361321146,-3047.98849836869,0.000711489604221794,0,2.10452667870993e-08,0.000711489604221794
4599.83144725155,3657.18716500029,-3037.3975718881,0.000586051957095106,3.18237063566563e-07,8.17142276624149e-08,0.000586051957095106
4004.9096140138,2234.7309747126,-2932.52329663213,0.000100990792900467,6.54982679292494e-07,6.5292066580115e-05,0.000100990792900467
3800,2354.05012012462,-2940.64119873189,0.00699433026821882,4.97916918322489e-06,0.00699433026821882,6.36755540686434e-05
3999.27757699526,2467.56506792767,-2950.06262706695,0.000224071879523475,1.35871609398479e-06,3.58706839617619e-05,0.000224071879523475
3800,2584.8499879417,-2958.11300495567,0.00159484872167935,4.58668621867416e-07,0.00159484872167935,0.000445196854200437
3988.56239487297,2698.85562072387,-2967.59266458195,0.000209424920983597,5.86646408615164e-07,5.68876309731981e-06,0.000209424920983597
3800,2815.6402351333,-2975.89896046991,0.00052502449822773,5.52442472822061e-07,2.72153632471861e-05,0.00052502449822773
3999.59607839731,2928.52397703601,-2982.401190028,0.000221151492116707,1.8229354369206e-07,3.89310540814445e-07,0.000221151492116707
3800,3046.44293867007,-2990.17401578354,0.000576261293331899,2.18505745428683e-08,7.93434665881461e-08,0.000576261293331899
3996.0639620589,3156.40307931466,-2994.26655526573,0.000255376625502759,4.98792107762754e-07,6.69380904379456e-08,0.000255376625502759
3800,3277.26806324611,-3002.44018822803,0.000573361974378052,1.89094058391824e-06,1.76476572507448e-05,0.000573361974378052
3994.87325781729,3384.3032460912,-3008.34946074401,0.000451989026663332,1.95757111236506e-05,2.26875304876839e-06,0.000451989026663332
3800,3507.94496897719,-3021.18891877617,0.000904347984021532,2.09047927412213e-06,9.86515546578276e-07,0.000904347984021532
4489.1433940808,3820.66743254819,-3055.19319901861,0.00131647589616488,0,1.33593218347718e-06,0.00131647589616488
4489.14315103471,3820.6251205364,-3044.62862933084,0.001152307102612,1.71944948888482e-05,2.33591179711584e-06,0.001152307102612
4376.22286023634,4004.89063287133,-3051.40240861971,0.00025094571721539,0,3.20739299985961e-07,0.00025094571721539
4376.23560656525,4004.87952798045,-3041.71076076455,0.000227773457071381,3.41314929668244e-05,2.08483651635305e-07,0.000227773457071381
4004.99772615836,3599.4728020202,-3018.46232176922,0.000242596716976992,4.21205972355516e-07,1.94160755853542e-07,0.000242596716976992
3800,3738.49071013282,-3032.5446278279,0.00118541372898702,6.73000456170592e-07,6.59749038703936e-06,0.00118541372898702
3800,3969.21770083477,-3046.1416740225,0.001437850801619,2.07299420291105e-06,3.50154142663504e-06,0.001437850801619
4017.29739646564,3839.8730419936,-3038.0482327044,0.000321840406705105,2.91567591700668e-06,4.13840668324208e-07,0.000321840406705105
4258.63722927101,4200,-3038.5838023512,0.000600959231844886,0.000189003232881187,5.22741851251901e-05,0.000600959231844886
4258.59684085668,4200,-3047.2226699525,0.000668810479104882,0,1.72282784823543e-05,0.000668810479104882
3975.72694209529,4050.72635353036,-3036.60824666494,0.000256911230487356,4.39126037827041e-05,1.84671746181716e-05,0.000256911230487356
4029.29175467011,4200,-3039.80449875317,0.000502731790820916,0.000202712923992325,1.22100356761626e-05,0.000502731790820916
4145.66422427829,4034.03502318427,-3039.53080368229,0.000174553803692147,3.6394172495745e-05,3.74021515340549e-06,0.000174553803692147
3800,4200,-3042.43461023632,0.00145887417269137,5.91916339018892e-05,5.8467330873021e-05,0.00145887417269137
6449.85165883783,1362.60530730467,-2964.41949240066,0.000102872890460405,1.43246381345665e-12,1.08307330850783e-13,0.000102872890460405
6569.25104511219,1200,-2963.42054499602,0.000242588527493746,1.31949161218249e-13,1.83591560052799e-14,0.000242588527493746
6636.00794994362,1346.22965654938,-2961.32917943305,1.62126552375301e-05,3.1826272852892e-13,5.5077353929138e-15,1.62126552375301e-05
6800,1200,-2958.37403239087,0.0006692736617222,3.39227819425602e-14,9.0029223162096e-15,0.0006692736617222
6586.48528197298,1547.41368977249,-2975.70230288155,0.000106486399271038,2.17220082467843e-12,1.97504693845746e-13,0.000106486399271038
6800,1430.88557234225,-2972.38339954252,0.000753200253323537,8.13139455384508e-14,1.98800554298014e-14,0.000753200253323537
6597.47551174933,1795.42323556933,-2987.82795283546,0.000128872555152048,6.25383744218249e-12,4.34302146067303e-13,0.000128872555152048
6597.42166281622,1795.54046286087,-3002.12344229125,0.000140610020077788,0,4.1728343753152e-13,0.000140610020077788
6800,1661.80092535957,-3000.28571082422,0.000918246116134539,0,1.69691747611511e-16,0.000918246116134539
6800,1661.78431370845,-2985.72473231185,0.000809275047750751,6.05936461089526e-14,1.1201905843006e-14,0.000809275047750751
4185.26063483252,1878.85737817505,-2935.69858161404,0.000242270738108156,1.28041909332768e-09,5.97727076773184e-08,0.000242270738108156
4185.24214440167,1878.84922413062,-2922.47840199288,0.00013170392743933,5.35504093778585e-10,7.0788612946012e-08,0.00013170392743933
4200.09187624209,2107.58700604155,-2924.66399320382,0.000164917293389717,7.1385649040146e-11,1.34865642286634e-07,0.000164917293389717
4200.10503064006,2107.59153252873,-2937.33765731955,0.000221419889217393,2.62028981341508e-09,1.61662764930208e-08,0.000221419889217393
4617.02888859496,1390.02248300801,-2914.0499184632,0.000374258330610259,6.82220328448827e-07,0.000374258330610259,0.000127936542080875
4723.08231166714,1200,-2911.76550008799,0.000850699228304374,9.03804483725669e-08,0.000850699228304374,7.97093467045786e-05
4360.8185624454,1752.49524314719,-2931.72343207518,9.50575298128015e-05,9.10822269498717e-10,2.14127385817738e-08,9.50575298128015e-05
4360.81901419503,1752.47222074777,-2918.05480342727,1.66839027152485e-05,1.10286572613028e-10,2.67417921565511e-08,1.66839027152485e-05
4509.4911456742,1583.50544685453,-2929.10901710254,6.92929298699859e-05,5.26973332300901e-09,8.10610618351912e-08,6.92929298699859e-05
4509.4970401943,1583.48641473018,-2914.98820227843,7.18797710000179e-05,2.51938620455242e-09,1.00601995559246e-09,7.18797710000179e-05
4953.78927692687,1200,-2918.70895866449,3.78401162682139e-05,1.29599851938671e-08,4.53943038170247e-08,3.78401162682139e-05
4847.07073514837,1392.10926345261,-2922.28613945159,0.000232476654265304,2.74810567367943e-06,2.23746166516727e-05,0.000232476654265304
5069.11484340245,1403.62281173816,-2930.28286355368,0.000120874241450688,5.17485681679423e-10,4.04583953360809e-09,0.000120874241450688
5184.52279516148,1200,-2926.8825132774,8.92262183092949e-05,3.22975560562702e-11,9.84822235153758e-11,8.92262183092949e-05
5299.8868786121,1403.68957148192,-2939.85373507179,0.000197006585224585,1.0061225008718e-11,3.5075190743872e-11,0.000197006585224585
5415.32901054473,1200,-2938.32479397339,5.17021757890592e-05,1.41286257849095e-12,2.57264976691861e-11,5.17021757890592e-05
5530.69020993027,1400.19769354111,-2950.81066619754,0.000123918787629323,1.41408843658245e-11,2.21095749472364e-11,0.000123918787629323
5646.12159130282,1200,-2949.25477321042,9.60791546859063e-05,8.0771011809585e-13,6.87549427435111e-12,9.60791546859063e-05
6232.60692243698,1380.71976542365,-2953.17752146949,0.000103654852409335,3.5737289003066e-12,3.22943266658184e-13,0.000103654852409335
6338.4668622166,1200,-2952.26518863496,8.78468368753445e-05,1.62322917647968e-13,1.70581114262169e-14,8.78468368753445e-05
6107.68707956748,1200,-2956.11498510228,7.39583475898258e-05,1.98477660767933e-13,3.26138672728785e-14,7.39583475898258e-05
5876.9091650226,1200,-2960.05477308513,0.000123261347812593,2.74910690704885e-13,2.72654116504628e-13,0.000123261347812593
5992.04951014232,1405.54312814884,-2957.23067155424,0.000103401730016566,7.16233690490092e-12,7.46564376635917e-13,0.000103401730016566
5761.31233112724,1405.49105637656,-2961.22391833235,9.85077427591256e-05,1.38884803614043e-11,1.34159809743331e-12,9.85077427591256e-05
6406.15866898481,1908.52213869463,-2989.80013488891,0.000119753137641133,1.87704733579554e-11,2.1573848312471e-12,0.000119753137641133
6406.11063205035,1908.62803137838,-3003.84011380535,0.000119752531660297,0,2.07483082527172e-12,0.000119752531660297
5449.2849117361,2835.17609353661,-3013.40843668588,0.000940669615668997,0,1.87386701513029e-10,0.000940669615668997
5449.28833240627,2835.11357240921,-3000.8660651538,0.000911411308300372,3.32721060134051e-08,5.12860160780432e-09,0.000911411308300372
5435.89807397515,2958.12335931617,-3008.37982165819,0.00131261507916275,0,1.36350674442981e-09,0.00131261507916275
5435.91761985715,2958.08679691118,-2996.51671692916,0.00123385152002015,3.6351587838306e-07,1.85589594356569e-08,0.00123385152002015
5587.79192339698,2627.55745031085,-3015.6203873446,0.000306048585086166,0,8.17593925150876e-11,0.000306048585086166
5587.78522564945,2627.48747165005,-3002.33776732691,0.000365059821612837,1.41400312909339e-09,1.07407013769901e-10,0.000365059821612837
5596.06119530054,2786.75000042106,-3009.8467920905,0.000741387076972633,0,2.0791197185207e-10,0.000741387076972633
5596.06516959318,2786.6828397935,-2997.16340484637,0.000736607601773683,1.92686027581959e-08,2.03614481121326e-09,0.000736607601773683
5664.92791174951,2490.54819576644,-3013.5588994297,0.00052127728397974,0,4.3740345450666e-11,0.00052127728397974
5664.93235990796,2490.49208605728,-3000.2455178473,0.000525495190268824,4.09601957284454e-10,5.250822759687e-11,0.000525495190268824
5808.53129062815,2354.51337900039,-2996.10313539389,0.000518886236644092,2.28413940775586e-10,2.4643507266261e-11,0.000518886236644092
5808.51079759027,2354.58000989233,-3009.36036626828,0.000518453909309428,0,2.44812023756652e-11,0.000518453909309428
6151.57070500136,1994.66832709516,-2992.77164015734,0.000212297300079524,9.66102897635319e-11,6.16964996875856e-12,0.000212297300079524
6151.52944395347,1994.76043273656,-3006.54353018992,0.000207385638255613,0,5.99714121584484e-12,0.000207385638255613
5958.28123231219,2200.66118061469,-2993.45171212096,0.000406217151269176,1.45556819308566e-10,1.35135123759227e-11,0.000406217151269176
5958.24575682391,2200.738117969,-3006.77492581706,0.000416255578356211,0,1.33307758886653e-11,0.000416255578356211
5168.48537098487,3148.12561578032,-2999.56331058812,0.00140740099084099,2.634510046676e-05,4.11882478743648e-07,0.00140740099084099
5168.43713205716,3148.14239054739,-3010.09117770636,0.00154108990757067,0,3.29630381809395e-08,0.00154108990757067
5274.82950260729,3029.89835369067,-2999.41296982619,0.00139941356146176,2.11386670760599e-06,1.8616525091586e-07,0.00139941356146176
5274.79959913824,3029.91612722888,-3010.71858115893,0.0015468583992223,0,1.76534674699301e-08,0.0015468583992223
5238.76491234655,3109.90993710569,-3008.644226876,0.00213170882329075,0,6.76488915505949e-08,0.00213170882329075
5238.8083294992,3109.9097628174,-2997.84145925497,0.00194709740577236,7.41528258946339e-06,1.57618293482104e-07,0.00194709740577236
5166.99611906164,3241.16445454369,-3008.8267094471,0.00218780975728849,0,1.84970746852598e-05,0.00218780975728849
5167.04229019304,3241.10284404723,-2998.58762635195,0.00187904265022727,4.80010203719995e-05,2.82611140379308e-05,0.00187904265022727
5167.73835673541,3360.12637046867,-3003.5473672033,0.00127461269412461,1.32140145901726e-05,1.76991775941998e-07,0.00127461269412461
5167.70350083715,3360.18038196816,-3014.23332115456,0.0014347974886317,0,6.23370711905719e-08,0.0014347974886317
5373.55391997712,3028.34551991866,-3007.42757375079,0.00183151910534409,0,3.0040287217509e-08,0.00183151910534409
5373.58249377064,3028.32449582061,-2996.00457264976,0.00161331894555658,1.43530184059717e-06,1.354743329507e-07,0.00161331894555658
5482.72170881188,3034.96439444817,-2991.79485224201,0.00162537568378892,2.1441126016786e-06,2.29663800591071e-07,0.00162537568378892
5482.69156077556,3034.98593982684,-3003.27049346839,0.0018311280963546,0,2.60346680078643e-08,0.0018311280963546
5043.91446097068,3396.44089228285,-3020.83397480536,0.000458494119885679,0,3.1950374953579e-08,0.000458494119885679
5043.94689889629,3396.38829876532,-3010.24481923948,0.000446957708994126,6.17893895086452e-07,4.63944482158748e-07,0.000446957708994126
4924.63416584227,3475.5324524337,-3028.28471853147,0.00038112502645712,0,2.21323949030394e-08,0.00038112502645712
4924.6548820908,3475.49040186168,-3017.66516827948,0.00040493246905185,1.69573261825508e-06,1.6111599146929e-07,0.00040493246905185
5169.55007913607,3478.61138485089,-3019.71653574145,0.000976525820340562,0,3.51535787248685e-09,0.000976525820340562
5169.56173657471,3478.58436860286,-3008.62533003594,0.000915064916743063,1.11381220535405e-06,6.88661155135083e-08,0.000915064916743063
4914.1104959818,3596.72929257649,-3034.93092654813,0.000192206342683801,0,3.61454733413072e-09,0.000192206342683801
4914.11577124446,3596.71641310192,-3023.92241471424,0.000222056552322475,1.30139059433093e-07,2.25659866014672e-08,0.000222056552322475
4814.99865226106,3687.29799915936,-3042.6284119004,0.000596311387589328,0,6.13233025869123e-09,0.000596311387589328
4814.99378949308,3687.29343634199,-3031.52103312532,0.000458875367385396,2.497349959559e-08,3.31386343605907e-08,0.000458875367385396
4709.77401570722,3844.83236317191,-3046.18023897242,0.000505424245141775,0,3.62903310213659e-07,0.000505424245141775
4709.76640325885,3844.78164696703,-3035.4144010819,0.000409892610214277,2.77000795279108e-05,4.26951096875935e-07,0.000409892610214277
4197.03258988574,2345.55036391241,-2929.57616594437,0.000175614206211247,4.29975729557471e-10,1.60129338212694e-08,0.000175614206211247
4197.04594034633,2345.5397052513,-2942.03748522959,0.000178784442274738,4.51471869775979e-09,1.35146142004757e-08,0.000178784442274738
3999.25667941884,2467.58575646288,-2937.71356752985,0.000134473723431142,7.7176671629715e-07,7.14861970357375e-05,0.000134473723431142
3800,2584.81574866789,-2945.81930220532,0.00705542501358395,2.09983245938786e-06,0.00705542501358395,0.000194793560908802
3988.53685447395,2698.87163038815,-2955.31215447711,0.000190252718944394,3.8765568276212e-07,2.47756263514456e-05,0.000190252718944394
3800,2815.59363175957,-2964.0933609002,0.000395463629455376,2.12419551461636e-07,0.000255687002821197,0.000395463629455376
3999.59539019647,2928.52827324834,-2971.41248948757,0.000213513995377057,1.21417079535163e-07,3.9319718140884e-07,0.000213513995377057
3800,3046.38846925921,-2979.70715734119,0.000432823338355175,7.08821549573976e-09,3.69823700848204e-07,0.000432823338355175
3996.10537916011,3156.43432507381,-2984.71077781863,0.000208892418746476,4.09285613621508e-07,1.88607973680327e-05,0.000208892418746476
3800,3277.20477709484,-2993.121143049,0.000479841996132293,2.60104906600903e-06,2.61169013267935e-05,0.000479841996132293
3994.90089504671,3384.22043383241,-2999.12781812247,0.000383384551654682,1.63416374844387e-05,9.87951878443153e-06,0.000383384551654682
3800,3507.90107378187,-3011.42592530373,0.000762458222193462,1.81651160991648e-06,5.76489941117732e-06,0.000762458222193462
4596.58989696398,4014.49760657002,-3032.76027146986,0.000150066178937943,6.87621358311557e-07,5.94464723557253e-08,0.000150066178937943
4596.56525272436,4014.50206839558,-3042.34741116301,0.000172666147000459,0,2.20188664216744e-08,0.000172666147000459
4486.09451909467,4200,-3038.24360514012,0.000642323985026685,0,6.68764949966978e-06,0.000642323985026685
4486.14209207846,4200,-3029.60224242954,0.000578171656735201,3.28014443900229e-05,3.07010046901519e-05,0.000578171656735201
4005.00555431257,3599.45521499086,-3008.52543444372,0.000226024246572843,3.35704893509995e-07,3.55843634059832e-07,0.000226024246572843
3800,3738.47758916696,-3022.02472498758,0.000947669807379303,6.6486934517803e-07,1.10580355282651e-05,0.000947669807379303
3800,3969.21323373406,-3035.89837060968,0.00117483456141133,2.02164202796098e-06,6.88301541887921e-06,0.00117483456141133
4017.27335459883,3839.88033568505,-3027.60417612581,0.000217325964105496,2.29691874487962e-06,3.37203018938536e-07,0.000217325964105496
4258.67766669371,4200,-3029.94493474989,0.000480573422661814,0.000157729908322143,0.000115786938181813,0.000480573422661814
4376.24835289416,4004.86842308957,-3032.0191129094,0.000212741538480958,2.54391352092185e-05,2.66406327701741e-06,0.000212741538480958
3975.72508854312,4050.71745085229,-3027.01336095768,0.000239786990787294,2.95604639942792e-05,3.48382018325114e-05,0.000239786990787294
4029.31889314928,4200,-3031.03451452808,0.000396197274213798,0.000132970430159638,5.59420133758273e-05,0.000396197274213798
4145.67205796624,4034.02782391099,-3029.97703012948,0.000143277759901959,2.55550627418622e-05,1.63515817215776e-05,0.000143277759901959
3800,4200,-3033.24335287535,0.00126820592054537,2.3133664804486e-05,6.54513196801895e-06,0.00126820592054537
6449.90523677806,1362.48567881808,-2949.55548904539,9.32274143775662e-05,1.47042079126316e-12,1.20249289417608e-13,9.32274143775662e-05
6569.24838778322,1200,-2948.50165646601,0.000224085493997622,1.59185546666919e-13,2.59302824985342e-14,0.000224085493997622
6636.06825340491,1346.10091231845,-2946.44249302732,2.17786649481563e-06,3.35058107238872e-13,4.578889520627e-15,2.17786649481563e-06
6800,1200,-2943.43118034875,0.000589024518771635,4.04951423220817e-14,6.07092769484939e-13,0.000589024518771635
6586.53883456552,1547.29153958523,-2960.95456838688,8.5971294760265e-05,2.18636614719263e-12,2.13430799698461e-13,8.5971294760265e-05
6800,1430.87711160033,-2957.57619157537,0.000637083133093908,1.08212372139551e-13,2.69041759139059e-12,0.000637083133093908
6800,1661.76770205732,-2971.16375379947,0.000676239740064275,1.11975952941072e-13,1.71539636169705e-13,0.000676239740064275
6597.52936068245,1795.3060082778,-2973.53246337967,0.000102694938997647,6.28373252546973e-12,4.66021205490522e-13,0.000102694938997647
6597.82991286479,2022.36551333686,-2985.38604110774,1.64441417992084e-05,6.14763242814543e-12,8.70109001072711e-13,1.64441417992084e-05
6597.77515397088,2022.47654453854,-2999.20799628791,2.15746898346583e-05,0,6.67014940367943e-13,2.15746898346583e-05
6800,1892.66674987425,-2983.56507248551,0.000704083129551404,1.27276478654328e-13,7.21224621009995e-14,0.000704083129551404
6800,1892.69096637656,-2997.68418539834,0.000808870286356194,0,3.18369148410877e-14,0.000808870286356194
4385.38603571094,1991.54969549054,-2919.73342117908,5.09095417499995e-05,1.10401702704964e-10,1.86614854925885e-09,5.09095417499995e-05
4385.38495567159,1991.5670026828,-2932.82766791412,1.74120856774047e-05,4.69777152599187e-10,3.38622578836237e-10,1.74120856774047e-05
4394.97521586762,2228.43544760994,-2935.14682528248,0.000132997908396371,5.18709445176749e-10,2.91807544657902e-11,0.000132997908396371
4394.976370928,2228.43579290397,-2922.46821214276,0.000121336183250138,7.0875786068338e-10,4.02422851341799e-10,0.000121336183250138
4953.77436664466,1200,-2903.94206157617,2.17115008421055e-05,7.29990244582692e-09,9.04950855775209e-08,2.17115008421055e-05
4847.07781750392,1392.06915846199,-2907.74593582805,0.000190814596862986,9.75025272738832e-07,2.60735503151438e-05,0.000190814596862986
4744.53284413249,1604.39236936833,-2925.71139514175,0.000186705408162739,1.86808696769379e-08,1.17398422089659e-06,0.000186705408162739
4744.53474046477,1604.35555197058,-2911.34658247508,0.000201169208933632,5.57992081010703e-08,0.000151866988280738,0.000201169208933632
4602.25995471029,1847.92311728791,-2915.40753602931,0.000302559482052425,4.17430989198257e-07,9.91127794402649e-06,0.000302559482052425
4602.25359708579,1847.95759242996,-2929.06694093909,0.000374356268776391,1.28252884073091e-06,6.63870195133126e-06,0.000374356268776391
5069.11913253272,1403.57533761454,-2915.26659343118,8.27445903052888e-05,1.46048450707966e-10,7.90266378122254e-09,8.27445903052888e-05
5184.49952682794,1200,-2911.65655707587,1.70694632557127e-05,7.26658426591387e-12,4.58463193914846e-10,1.70694632557127e-05
5299.88145161889,1403.63196439853,-2924.62588861219,0.000152665035559465,1.33404658819619e-11,1.04602428261885e-10,0.000152665035559465
5415.311626936,1200,-2923.30013730876,3.20419879555911e-05,1.17498079821816e-12,7.00476203979797e-12,3.20419879555911e-05
5530.70153353508,1400.12593449633,-2935.88308122579,0.000124124906353689,1.5553057910857e-11,2.42998571513718e-11,0.000124124906353689
5646.11168282461,1200,-2934.49858612043,8.55557552257768e-05,9.96329465799362e-13,8.06356547536635e-12,8.55557552257768e-05
5761.34163777636,1405.4060461199,-2946.55628745324,8.68876863074465e-05,1.21496764984923e-11,1.39610689279974e-12,8.68876863074465e-05
5876.90206986181,1200,-2945.31857986914,0.000104346449505307,3.41496403655944e-13,3.73984015815156e-13,0.000104346449505307
5992.08850967251,1405.44620590302,-2942.50329703282,9.7170223132459e-05,7.23375957719633e-12,7.65521551476426e-13,9.7170223132459e-05
6107.68050569124,1200,-2941.26370741816,6.17930660176318e-05,2.32372881279452e-13,4.60774170558694e-14,6.17930660176318e-05
6232.6532532793,1380.61080205717,-2938.35701350709,9.54595685923329e-05,3.63311484153415e-12,3.28967410187128e-13,9.54595685923329e-05
6338.46174771302,1200,-2937.35146492412,7.6739653347885e-05,1.78552199130002e-13,2.36690135240602e-14,7.6739653347885e-05
6384.39029587702,2129.43454995622,-2987.49953378439,9.85533783489709e-05,2.78640542482285e-11,3.60401488491715e-12,9.85533783489709e-05
6384.34243696054,2129.53301483877,-3001.08170895965,8.93730416578304e-05,0,3.41527791669113e-12,8.93730416578304e-05
5558.07990076587,2937.2732010176,-2992.66078266926,0.00100091794675407,3.68615470466567e-07,6.67303143143742e-08,0.00100091794675407
5558.05731717928,2937.3120528715,-3004.6023106177,0.00104417675971186,0,7.1827631733025e-10,0.00104417675971186
5570.91885122723,3052.76533796019,-2998.84015884707,0.00167463240618013,0,8.36467197563994e-09,0.00167463240618013
5570.95875847655,3052.74820154926,-2987.47429328846,0.00151932714577209,3.65603431867177e-06,5.43231544627669e-08,0.00151932714577209
5675.39886866698,2894.37859122286,-3001.79151482872,0.00072727631306455,0,4.54098853480131e-09,0.00072727631306455
5675.42552951892,2894.33668363287,-2989.75974460608,0.000713249459729523,1.76701833075615e-08,3.84305457958903e-09,0.000713249459729523
5716.21379067032,2657.04799007498,-2997.20230780254,0.000214857941682845,1.55513937877324e-09,1.01266923066507e-10,0.000214857941682845
5716.20890529464,2657.11342306126,-3010.22029404395,0.000146939752855528,0,9.78374096892835e-11,0.000146939752855528
5753.62820362058,2789.84077837784,-3003.30844671654,0.000686870334087166,0,2.21362651399942e-10,0.000686870334087166
5753.64697414205,2789.78180472115,-2990.83285109774,0.000681958898359644,2.55945327081116e-08,1.02523153823877e-09,0.000681958898359644
5865.11442403164,2527.55999144024,-2993.36395028837,0.000443337469920874,5.74762069600714e-10,4.43639937527428e-11,0.000443337469920874
5865.09089926265,2527.62599872748,-3006.33699593785,0.000436133792978104,0,4.28381201054372e-11,0.000436133792978104
6011.89706030875,2401.31086907551,-2990.77469056036,0.000427851293836257,1.91206084474875e-10,1.96096427848823e-11,0.000427851293836257
6011.86271433987,2401.3858491574,-3003.85294492296,0.000429791803279616,0,1.95798078424028e-11,0.000429791803279616
6198.42673009538,2255.379789562,-2988.94535922672,0.000272281224767147,1.09476932763651e-10,8.84832659916048e-12,0.000272281224767147
6198.38523815862,2255.46640784828,-3002.27087819903,0.00026509909847943,0,8.8266514617943e-12,0.00026509909847943
5257.64605453908,3195.4341448151,-2995.61868899664,0.00171615024508632,0.000146217573654055,6.55468600849744e-05,0.00171615024508632
5257.59730153611,3195.44650652699,-3006.11900525365,0.00193604144784841,0,1.02847255560865e-05,0.00193604144784841
5329.59755710133,3120.82267777688,-2994.11933249227,0.00256819903753112,7.55366511401905e-06,3.38063914230085e-07,0.00256819903753112
5329.55463982076,3120.83013182408,-3004.98701465376,0.00286755832968739,0,6.22442809818881e-07,0.00286755832968739
5274.10944816188,3407.17539243838,-3012.03240697295,0.00241516086156691,0,2.97763519194224e-07,0.00241516086156691
5274.13314738128,3407.13554336861,-3001.04758048984,0.00204909429379978,1.97993579334416e-06,5.72126321390068e-07,0.00204909429379978
5270.56188397435,3306.46051774716,-3007.90293705065,0.00338827702532123,0,2.05046873900233e-06,0.00338827702532123
5270.60220398384,3306.40302602865,-2997.24451097194,0.00326288612314218,4.7997845792882e-05,1.24959219646928e-06,0.00326288612314218
5439.22742845995,3132.94757464719,-2989.69213902055,0.00373415537418842,2.56566134671544e-06,5.11962301720485e-07,0.00373415537418842
5439.18193671496,3132.96290007339,-3000.61368666767,0.00394790723694558,0,2.0184366436913e-06,0.00394790723694558
5534.42869930761,3127.83252991121,-2997.08252532199,0.00308242140666972,0,1.00896204255231e-06,0.00308242140666972
5534.47770387546,3127.81985373657,-2986.10575672837,0.00259929797627285,1.82947154625246e-06,1.3794810745988e-06,0.00259929797627285
5619.55124336572,3106.99630933134,-2983.22964240834,0.0017048528944938,3.0544271088903e-06,1.20280611905789e-06,0.0017048528944938
5619.49921744289,3106.9980894372,-2994.26978975189,0.00187334545423699,0,1.89759862136436e-07,0.00187334545423699
5618.78848642365,3193.11135950582,-2992.31909828363,0.00247017542456906,0,1.36017905195471e-06,0.00247017542456906
5618.84221287858,3193.09759018261,-2981.49152489277,0.00205379793115409,6.57163184745215e-05,1.52794908911536e-06,0.00205379793115409
5359.16610614161,3458.33224140962,-3010.28335254916,0.00269907744072021,0,1.03060043279917e-06,0.00269907744072021
5292.4574578163,3523.93761963101,-3016.01660442105,0.00151320821857826,0,5.8049672072187e-09,0.00151320821857826
5359.17884595076,3458.30363544947,-2999.06637902182,0.00232132364301639,1.09895776380382e-06,9.00118068669818e-07,0.00232132364301639
5292.4553264124,3523.92230120646,-3004.61883972912,0.0013776058372784,1.69541417114043e-06,2.59843521996942e-08,0.0013776058372784
5391.59847410039,3551.1323540199,-3000.88959799969,0.00139862130019285,1.21715740283317e-06,4.68442535387425e-08,0.00139862130019285
5441.24803470136,3453.98487366094,-2995.19464787014,0.00300537632254081,1.16901790195931e-05,7.78510346065581e-07,0.00300537632254081
5391.61048003513,3551.14106424539,-3012.47353630757,0.00160431824255802,0,9.10378619458256e-09,0.00160431824255802
5441.23619213228,3454.01283386594,-3006.49409502146,0.00308543512577714,0,3.23950479994826e-06,0.00308543512577714
5064.85616247707,3570.02727081407,-3028.70746366311,0.000259430226997416,0,1.96792066587261e-09,0.000259430226997416
5064.85116785593,3570.01907520503,-3017.44067480902,0.000283608107348464,1.29576966523368e-07,3.33219884947739e-08,0.000283608107348464
5204.9348835601,3590.98340153059,-3011.59387264655,0.000709654671687444,1.99577424644269e-07,1.73211070930889e-08,0.000709654671687444
5204.95332554927,3590.98019911605,-3023.13388240865,0.000749398721216798,0,1.19636914576069e-09,0.000749398721216798
4982.31549856398,3724.25367765247,-3038.18619926298,0.00084893952360691,0,4.04506310676502e-10,0.00084893952360691
4982.29092122909,3724.27115298139,-3026.63333237398,0.000654186345486776,2.79925061206244e-09,1.94849507490501e-09,0.000654186345486776
4911.81584048894,3846.0546624032,-3027.19414245791,0.000130171255367794,3.14926766035775e-07,3.08850060151349e-08,0.000130171255367794
4911.83333191249,3846.11806101007,-3038.34102672827,0.000197337021499646,0,2.02839275007096e-08,0.000197337021499646
4806.83945002109,4022.1158741663,-3023.810366509,0.000206237906198303,2.42107690416812e-05,1.56583993031702e-07,0.000206237906198303
4806.8259749071,4022.13273281573,-3033.79686996075,0.000205897870329234,0,2.4859082411795e-07,0.000205897870329234
4386.92660811817,2468.45670775611,-2927.5975285975,0.000247661098700833,3.79577522028927e-10,6.12827696002981e-11,0.000247661098700833
4386.92685993959,2468.45350647208,-2940.13953442119,0.000273096570816985,1.58382884823951e-10,3.47971642063674e-11,0.000273096570816985
4189.33781544446,2577.76130148128,-2935.06329171945,0.000220937948581967,3.52469330445009e-10,4.6949455289994e-08,0.000220937948581967
4189.35590109402,2577.74693394191,-2947.43414294603,0.000218294074004284,3.7432913169319e-09,3.97895635689871e-08,0.000218294074004284
3988.51131407493,2698.88764005243,-2943.03164437226,0.000110051512996707,2.46529074476946e-07,5.35450487478507e-05,0.000110051512996707
3800,2815.54703065074,-2952.2877613305,0.00217069384219301,3.19977328175127e-07,0.00217069384219301,0.000159122051681283
3999.59470199563,2928.53256946068,-2960.42378894715,0.000226833209605405,7.21204116799511e-08,2.1099551898203e-07,0.000226833209605405
3800,3046.33399984832,-2969.24029889885,0.000325545751485936,9.34537507218605e-09,0.000115689069502732,0.000325545751485936
3996.14679626133,3156.46557083295,-2975.15500037152,0.000157547435907459,4.10359019058556e-08,8.88971059567412e-05,0.000157547435907459
3800,3277.14149094352,-2983.80209786998,0.000452633219262424,6.72803160411499e-07,0.000452633219262424,0.000395934994967938
3994.92853227614,3384.13762157362,-2989.90617550093,0.000311083745397212,6.08711075211558e-06,3.10985332921568e-05,0.000311083745397212
3800,3507.85717858653,-3001.66293183129,0.000626898076588103,1.44517783287373e-06,9.77010245443093e-06,0.000626898076588103
4704.31954621733,4200,-3029.22109182838,0.00078634726287133,0,1.42738668082882e-05,0.00078634726287133
4704.364493161,4200,-3020.40424684698,0.000686777010948246,0.000139566213999184,4.14520726649982e-05,0.000686777010948246
4486.18970968874,4200,-3020.96087971895,0.00042974431698925,2.2762015150366e-05,6.50314158490304e-05,0.00042974431698925
4596.61454120359,4014.49314474445,-3023.17313177672,0.000131067785582295,3.06015091290598e-07,3.85112399712737e-08,0.000131067785582295
4005.01338246679,3599.43762796151,-2998.58854711823,0.000203047819344566,2.50213809494778e-07,4.04178924869918e-07,0.000203047819344566
3800,3738.46446820113,-3011.50482214727,0.000711433130589115,5.63533023381281e-07,2.23849393749689e-05,0.000711433130589115
3800,3969.20876663334,-3025.65506719687,0.000947128785737649,1.72909638850229e-06,8.45833943940173e-06,0.000947128785737649
4017.24931273202,3839.8876293765,-3017.16011954721,0.000135468225008446,1.67071195185039e-06,1.79672846059989e-07,0.000135468225008446
4258.71810411657,4200,-3021.30606714858,0.000386135644370436,0.000114157181925821,3.19850641257815e-06,0.000386135644370436
4376.26109922307,4004.85731819869,-3022.32746505425,0.000182474764411219,8.36162924162258e-06,1.40199025376664e-05,0.000182474764411219
3975.72323499094,4050.70854817421,-3017.41847525042,0.000217460333897172,1.98021309816402e-05,3.98194883290253e-05,0.000217460333897172
4029.34603162855,4200,-3022.26453030299,0.000548553669791195,6.58561305300919e-05,0.000548553669791195,0.000319254698542976
4145.67989165419,4034.02062463771,-3020.42325657666,0.000116427476801903,1.83701231229751e-05,3.63086057698787e-05,0.000116427476801903
3800,4200,-3024.05209551438,0.00106055696323649,4.204180150073e-06,0.000412548597496447,0.00106055696323649
6449.95881471828,1362.36605033149,-2934.69148569013,7.93540034165337e-05,1.5105799949007e-12,1.25487426989634e-13,7.93540034165337e-05
6569.24573045423,1200,-2933.582767936,0.000204243536823905,1.85645379406679e-13,3.53900863337051e-14,0.000204243536823905
6636.1285568662,1345.97216808751,-2931.5558066216,1.39098404687697e-05,3.52691419401601e-13,4.70129104628988e-15,1.39098404687697e-05
6800,1200,-2928.48832830662,0.000510910846012918,4.54298074617651e-14,2.71322584142905e-14,0.000510910846012918
6586.59238715807,1547.16938939798,-2946.20683389221,6.98597253155331e-05,2.20320798938008e-12,2.3038457827207e-13,6.98597253155331e-05
6800,1430.86865085841,-2942.76898360822,0.00054132369455616,1.3610651004605e-13,3.03553783092842e-11,0.00054132369455616
6800,1661.7510904062,-2956.6027752871,0.000570238080867147,1.75138321290874e-13,1.20813266873509e-14,0.000570238080867147
6597.58320961557,1795.18878098626,-2959.23697392389,8.15299545191188e-05,6.32179571911625e-12,5.02168858001935e-13,8.15299545191188e-05
6597.88467175869,2022.25448213517,-2971.56408592757,5.76530794647998e-06,8.16756676284954e-12,1.7487386713332e-12,5.76530794647998e-06
6800,1892.64253337195,-2969.44595957268,0.000582793979956625,1.72375705855319e-13,1.34211572187819e-13,0.000582793979956625
6597.41789185897,2239.84692691367,-2995.81140989988,0.000109974325077967,0,5.62862677898149e-12,0.000109974325077967
6597.47114095859,2239.74314741672,-2982.34998447965,0.000106237346713488,2.87288770735117e-11,7.91987065974959e-11,0.000106237346713488
6800,2123.57597455357,-2994.64834071377,0.00070170796984349,0,8.66137119048322e-13,0.00070170796984349
6800,2123.54499316868,-2980.94044498603,0.000614404097001217,1.36916691043533e-11,8.09382609730281e-13,0.000614404097001217
4578.90455215106,2368.40202473987,-2934.7563841232,0.000415657183353799,3.57548645132649e-10,5.22769233699765e-09,0.000415657183353799
4578.90741636397,2368.39425316363,-2921.93637103663,0.000424069418849565,2.0667439172093e-10,8.39077229318631e-10,0.000424069418849565
4583.55122918807,2125.17307715312,-2917.84288944961,0.000243026069659805,7.06341097425138e-09,4.83289869243814e-08,0.000243026069659805
4583.54298285869,2125.19855118736,-2930.80961840704,0.000259244476806654,1.33584403947651e-08,1.20904848473733e-08,0.000259244476806654
5069.12342166299,1403.52786349091,-2900.25032330869,6.89012892258684e-05,1.20506157957931e-10,1.78645547992562e-08,6.89012892258684e-05
5184.47625849423,1200,-2896.43060087434,3.39127285770775e-05,5.45810284098756e-10,1.13503456825352e-09,3.39127285770775e-05
4962.76557461535,1603.5447260504,-2918.7944505259,0.000155548860599165,3.08900945273855e-09,6.29460258648364e-08,0.000155548860599165
4962.76208065196,1603.497693184,-2904.00810510514,0.000125642001957212,7.11612472546469e-09,1.05387264457686e-09,0.000125642001957212
4855.22779119579,1826.17846179958,-2923.85271559952,0.000299077285841611,4.52219201342304e-07,0.000132354490407247,0.000299077285841611
4855.2278595954,1826.13105112927,-2909.81950614675,0.00059590959638409,7.69945151341181e-11,0.00059590959638409,0.000219878579067164
4785.49722772721,2057.72932815081,-2927.46257223202,0.000307515387269043,2.60205342536054e-08,2.02579405186156e-07,0.000307515387269043
4785.50616547548,2057.69131750688,-2914.11567413882,0.000435256785524891,2.22087411526675e-08,0.000435256785524891,0.00035814729558274
5299.87602462568,1403.57435731514,-2909.3980421526,7.23691471308612e-05,2.03750254422904e-11,4.54424469357109e-10,7.23691471308612e-05
5415.29424332715,1200,-2908.27548064414,1.44547040590388e-05,7.5375870770716e-13,9.71138907266292e-12,1.44547040590388e-05
5530.7128571399,1400.05417545155,-2920.95549625405,0.000134416028332857,1.36791871431245e-11,2.6799998765091e-11,0.000134416028332857
5646.10177434634,1200,-2919.74239903044,5.85175369614367e-05,5.645968686628e-13,1.01400053954592e-11,5.85175369614367e-05
5761.37094442549,1405.32103586325,-2931.88865657414,8.05616744258834e-05,9.84651221544486e-12,1.45385836356506e-12,8.05616744258834e-05
5876.89497470097,1200,-2930.58238665315,8.33254374019375e-05,4.04775696735947e-13,3.0512631151381e-13,8.33254374019375e-05
5992.12750920269,1405.3492836572,-2927.7759225114,9.08912460793591e-05,7.30763014997616e-12,7.85495990474901e-13,9.08912460793591e-05
6107.67393181496,1200,-2926.41242973404,5.13405509809514e-05,2.64886655926543e-13,6.46481140752949e-14,5.13405509809514e-05
6232.69958412162,1380.50183869068,-2923.53650554469,8.72201627687894e-05,3.69312546396896e-12,3.40948049539608e-13,8.72201627687894e-05
6338.4566332094,1200,-2922.43774121327,6.69124383658232e-05,1.9408282340236e-13,3.2991086370871e-14,6.69124383658232e-05
6403.11511298513,2363.35765804017,-2984.00755672856,0.000233987903868669,2.83149015190019e-11,3.29493090265703e-11,0.000233987903868669
6403.06888653496,2363.449872733,-2997.23832105501,0.000237023153264562,0,5.25314593211341e-12,0.000237023153264562
5671.02784113709,3014.90748364238,-2996.19774106508,0.00114154050794761,0,8.23826470909844e-09,0.00114154050794761
5671.06847501776,3014.88748083363,-2984.69726004237,0.00106675258349527,2.2798038949149e-06,6.05152327324347e-08,0.00106675258349527
5702.99330053449,3128.91217833608,-2978.79554785354,0.00136497759447906,1.8250762023395e-06,5.59247931099392e-08,0.00136497759447906
5702.93140655229,3128.92364914486,-2989.67648475181,0.0015485410673259,0,9.73857960247355e-07,0.0015485410673259
5779.0389883071,2929.44441045038,-2984.05845079121,0.000562465172575928,9.95780538281564e-09,6.28881456240916e-09,0.000562465172575928
5778.99782313797,2929.4726280583,-2995.80158020454,0.000578755396788225,0,1.02791473887661e-09,0.000578755396788225
5890.86342935823,2705.23145641538,-3002.07032169548,0.000110447644967551,0,1.07548382442128e-10,0.000110447644967551
5890.8903450681,2705.16771729416,-2989.47932438602,0.000164876615119651,1.35270353870664e-09,9.51823294978033e-11,0.000164876615119651
5866.11316941205,2843.43462001888,-2996.15886438492,0.000670207220151525,0,4.20168621898995e-10,0.000670207220151525
5866.15108892586,2843.39374951272,-2984.11840893725,0.000646879688119556,1.88543907539241e-08,1.78397474409605e-09,0.000646879688119556
6043.76508980914,2618.31438327079,-3000.35860621379,3.69205558282222e-05,0,5.21182963621751e-11,3.69205558282222e-05
6043.79842457006,2618.24359520448,-2987.60389476259,4.0327574845723e-05,4.14912628785189e-10,4.37006167068221e-11,4.0327574845723e-05
6221.11408262394,2492.55798566273,-2985.80356958008,0.000166543938291909,1.50813250947138e-10,1.46022743742676e-11,0.000166543938291909
6221.0741858796,2492.63923643025,-2998.78825946325,0.000141445959820778,0,1.33328348540814e-11,0.000141445959820778
5611.84804902352,3302.28192660518,-2982.69603556585,0.0028111918085434,4.3365638853581e-05,2.36810296095685e-06,0.0028111918085434
5708.78544584666,3239.32241399963,-2977.07769456942,0.00174956370074049,8.60474517219458e-07,1.90900789764051e-07,0.00174956370074049
5611.8038415091,3302.33208550386,-2993.61564618814,0.00280809096728616,0,6.53831089886893e-06,0.00280809096728616
5708.7253379274,3239.36527790115,-2987.82496593136,0.00203396606724775,0,1.95174609947484e-08,0.00203396606724775
5390,3250,-2990.28851317217,0.00108157456727334,0.000447877829407956,9.15323602407272e-05,0.00108157456727334
5390.00000000001,3250.00000000003,-3000.85800840337,0.0014169088188867,0,2.51262230846821e-05,0.0014169088188867
5390,3350,-2993.80989447076,0.00158825225613829,0.000164020485315524,5.17910245634472e-05,0.00158825225613829
5390,3350,-3004.75053556786,0.00260388351030082,0,3.18490908671388e-05,0.00260388351030082
5490,3350,-3000.34274595592,0.00195218533825183,0,2.21956343485834e-05,0.00195218533825183
5490,3350,-2989.34482548704,0.00164780188253626,0.00139609174623406,0.000345037819022489,0.00164780188253626
5490,3250,-2996.9365779682,0.00131699970167749,0,3.24158047622942e-05,0.00131699970167749
5490,3250,-2986.25812367165,0.000991174910635727,0.000158580379055314,8.64812177673536e-05,0.000991174910635727
5439.27292020494,3132.93224922099,-2978.77059137342,0.00365629283823969,2.22080307365821e-06,5.08290494917032e-06,0.00365629283823969
5490,3250,-2975.5796693751,0.00446505967226053,0.000204232559422777,0.000128756306000689,0.00446505967226053
5534.52670844331,3127.80717756194,-2975.12898813474,0.00233701161504418,2.02976223480652e-06,1.16342972407895e-06,0.00233701161504418
5618.89593933351,3193.0838208594,-2970.66395150192,0.00182932439416509,6.36480427657042e-05,5.73301442386657e-06,0.00182932439416509
5270.64252399333,3306.34553431014,-2986.58608489323,0.00322017401697745,4.9249024123801e-05,1.64423144932826e-06,0.00322017401697745
5390,3250,-2979.71901794098,0.00217999690997215,0.000827298750716045,0.00088839235983212,0.00217999690997215
5257.69480754205,3195.42178310322,-2985.11837273963,0.00163634727552047,8.4839516955006e-05,0.000147816594051935,0.00163634727552047
5329.64047438191,3120.81522372967,-2983.25165033078,0.00240318716840334,6.69009252576855e-06,1.78241140145902e-06,0.00240318716840334
5390,3350,-2982.86925337366,0.00183851477594996,9.27815137903389e-05,0.00015431173152284,0.00183851477594996
5274.15684660068,3407.09569429883,-2990.06275400673,0.00182911668250915,1.54257318613123e-06,7.69671985151173e-07,0.00182911668250915
5359.19158575992,3458.27502948933,-2987.84940549448,0.00214286085301263,4.2719791590002e-06,1.3599702942286e-06,0.00214286085301263
5607.49271909503,3405.66545775182,-2997.05483017111,0.00180111212335867,0,4.3132431220273e-06,0.00180111212335867
5607.51694399591,3405.62679820105,-2985.82484168403,0.00166443882997364,1.74323548259581e-05,2.34816081985977e-06,0.00166443882997364
5528.61879977157,3462.42670252318,-2991.42446868063,0.00184673566683987,4.98266715312995e-06,1.8009440930991e-06,0.00184673566683987
5528.60969996343,3462.45355590186,-3002.82212209955,0.00198519204118669,0,2.91080608912818e-06,0.00198519204118669
5490,3350,-2978.34690501816,0.00364833333941375,0.00179102811744565,0.00039266824290547,0.00364833333941375
5441.25987727045,3453.95691345594,-2983.89520071883,0.00313522449519798,6.81982344052816e-06,6.40931951361651e-07,0.00313522449519798
5499.08571710141,3546.21987616713,-3006.69654436752,0.00192628550559663,0,3.00379725936507e-08,0.00192628550559663
5499.07669800463,3546.20596566486,-2995.09493619145,0.0016869196254663,7.38430399922443e-07,1.33499887169214e-07,0.0016869196254663
5448.40820908482,3636.81369790986,-3001.04946775441,0.000616061421423016,2.50496361898274e-07,2.53295591282089e-08,0.000616061421423016
5448.43313744695,3636.79841890696,-3012.95651372626,0.00059820461175152,0,4.23203145548675e-09,0.00059820461175152
5304.46953000683,3671.30084636931,-3021.67743632603,0.000157307570284346,0,2.08799712095937e-09,0.000157307570284346
5304.42802039918,3671.29195263821,-3009.78642238142,0.000102981409077294,7.3869816382228e-08,7.6322921893382e-09,0.000102981409077294
5157.99117558484,3711.79073382246,-3029.87935993676,0.000524058627697561,0,4.7642865435789e-10,0.000524058627697561
5157.95015891411,3711.77848741689,-3018.09930920324,0.0003691477925905,9.60270680292422e-09,1.15519547631712e-09,0.0003691477925905
5100.50921817123,3863.45324374467,-3018.50932010861,0.000282390456824025,1.38801313158049e-07,8.25976439014544e-09,0.000282390456824025
5100.54148778368,3863.5218385857,-3029.89158968301,0.000364415522753465,0,7.57488539278256e-09,0.000364415522753465
4569.04235599589,2599.21255226095,-2926.46477567065,0.000437871106291603,1.92967843619274e-10,6.59301121206188e-10,0.000437871106291603
4569.04497763803,2599.22075365313,-2939.13504632865,0.000404080184183357,3.94991733407382e-10,3.45439851739813e-10,0.000404080184183357
5007.28333274432,4019.36281029929,-3026.10933319008,0.000116895967128115,0,1.67503232067007e-07,0.000116895967128115
5007.28353509012,4019.33075668668,-3015.6643680075,0.000127673055180587,1.7250059629075e-05,3.47179769700053e-07,0.000127673055180587
4910.23760680358,4200,-3021.03768823698,0.00106642947263356,0,1.01727188733652e-05,0.00106642947263356
4910.26484940478,4200,-3011.73786498558,0.000904047183105859,8.55153450156326e-05,2.49321911148834e-05,0.000904047183105859
4377.51024826051,2713.18747687246,-2933.28590461229,0.000340216391468995,6.69874774549072e-10,3.62343735483806e-10,0.000340216391468995
4377.52883042288,2713.22263281817,-2945.54585716689,0.000345310274095648,2.81137941361253e-10,1.79338974297016e-10,0.000345310274095648
4182.00512092379,2819.63609819056,-2941.26613990571,0.000205703624414326,7.31000404051512e-09,4.72951033528618e-08,0.000205703624414326
4182.01381452374,2819.646717408,-2952.8610753025,0.000193282097631358,6.74824202299792e-09,5.66266793137505e-08,0.000193282097631358
3999.59401379479,2928.53686567301,-2949.43508840672,0.000158907126118178,4.32868325586091e-08,8.57833100763367e-06,0.000158907126118178
3800,3046.279533026,-2958.7734404565,0.000964092466700393,5.47311218241372e-07,0.000964092466700393,0.000161973889352945
3996.18821336255,3156.4968165921,-2965.59922292442,0.000249151612451554,3.1537381952072e-09,0.000249151612451554,9.59603981284281e-05
3800,3277.07820479215,-2974.48305269096,0.00160284856560034,1.24954236858414e-07,0.00160284856560034,0.000330210002196456
3994.95616950556,3384.05480931482,-2980.68453287939,0.000235848149444038,3.58810601745192e-06,6.12822062590222e-05,0.000235848149444038
3800,3507.81328339115,-2991.89993835885,0.000494561175420465,8.32439366333858e-07,3.02014802046452e-07,0.000494561175420465
4704.40948052713,4200,-3011.58740186557,0.000521940978749767,0.000114609072242042,9.33500907651885e-05,0.000521940978749767
4806.85292513507,4022.09901551686,-3013.82386305725,0.000185339602044016,1.90282614738384e-05,1.96309544560151e-07,0.000185339602044016
4486.23732729921,4200,-3012.31951700836,0.000322748169257646,5.31071385965061e-06,3.04648608971304e-05,0.000322748169257646
4596.63918544321,4014.48868291888,-3013.58599208357,0.000119084690314558,3.49508289726767e-07,6.28283046525592e-08,0.000119084690314558
4005.02121062101,3599.42004093217,-2988.65165979273,0.000177854994907309,1.67915216883878e-07,3.34442104179276e-07,0.000177854994907309
3800,3738.4513472353,-3000.98491930696,0.000455101162578456,4.81989963290082e-07,2.65855401749008e-06,0.000455101162578456
3800,3969.20429953261,-3015.41176378405,0.000739175365173637,1.14128675759472e-06,8.5949165062942e-06,0.000739175365173637
4017.2252708652,3839.89492306796,-3006.71606296861,6.85992578991796e-05,1.08505250109071e-06,9.73049695433073e-07,6.85992578991796e-05
4258.75854153959,4200,-3012.66719954727,0.000392101127187186,6.27554949553156e-05,0.000392101127187186,0.000295195267242321
4376.27384555198,4004.84621330781,-3012.63581719909,0.000148091177077223,4.58814532697757e-06,3.3682095310206e-05,0.000148091177077223
3975.72138143876,4050.69964549613,-3007.82358954316,0.000179155935675658,4.76591648959081e-06,5.12362529556329e-05,0.000179155935675658
4029.37317010793,4200,-3013.4945460779,0.00158776099202924,1.02382513015843e-05,0.00158776099202924,0.000248687307652391
4145.68772534215,4034.01342536442,-3010.86948302384,9.65253547504439e-05,5.33323619210964e-06,5.32499749505416e-05,9.65253547504439e-05
3800,4200,-3014.86083815341,0.00177290775376062,5.60950774702018e-07,0.00177290775376062,0.000844334414947913
6450.01239265851,1362.24642184491,-2919.82748233487,6.23206673879021e-05,1.55122962118081e-12,1.15083618901979e-13,6.23206673879021e-05
6569.24307312524,1200,-2918.66387940598,0.000175322277084898,2.10057648953423e-13,4.02550596254251e-13,0.000175322277084898
6636.18886032748,1345.84342385657,-2916.66912021587,2.55371116432291e-05,3.70549286984741e-13,5.56247477176358e-15,2.55371116432291e-05
6800,1200,-2913.5454762645,0.000429176562586205,8.98099247261938e-14,3.48005984883095e-14,0.000429176562586205
6586.64593975062,1547.04723921073,-2931.45909939754,5.72434692825701e-05,2.22145192067241e-12,2.34425499185203e-13,5.72434692825701e-05
6800,1430.86019011649,-2927.96177564107,0.000457135039772243,1.63074187499681e-13,2.65742642112616e-14,0.000457135039772243
6800,1661.73447875507,-2942.04179677473,0.000481103454231151,1.237366361081e-13,3.1404056554237e-14,0.000481103454231151
6597.63705854868,1795.07155369473,-2944.9414844681,6.3479711826589e-05,6.36601989722358e-12,6.09686195840324e-13,6.3479711826589e-05
6597.9394306526,2022.14345093348,-2957.7421307474,1.02417419778857e-05,6.31315808966981e-12,2.77910157648501e-12,1.02417419778857e-05
6800,1892.61831686965,-2955.32684665985,0.000489025954265448,2.09600769397098e-13,2.41888250975088e-13,0.000489025954265448
6800,2123.51401178379,-2967.23254925829,0.000503381369411057,9.94997658488329e-12,1.67749436344807e-12,0.000503381369411057
6597.52439005821,2239.63936791977,-2968.88855905943,8.55879520511603e-05,2.84240894409954e-11,2.12559235703675e-10,8.55879520511603e-05
6603.9082583476,2471.38683523143,-2978.57071546164,2.33421640104812e-05,5.21515434921258e-08,1.48520956079702e-09,2.33421640104812e-05
6603.85688193813,2471.48297125647,-2991.67841212859,1.48300333097361e-05,0,2.8695362459906e-09,1.48300333097361e-05
6800,2354.43891195686,-2990.24379582192,0.00104086938419103,0,1.36890687974075e-12,0.00104086938419103
6800,2354.4033909792,-2976.88602506118,0.000914930438408749,8.82548179790025e-11,1.15794057687894e-10,0.000914930438408749
4755.26256197969,2502.70007808452,-2933.80017526587,0.000627495509178126,3.95957498168706e-07,2.05650838461306e-06,0.000627495509178126
4755.26455322103,2502.68501967273,-2920.89157908501,0.000562309173776678,1.55383727163498e-07,3.45087068987771e-05,0.000562309173776678
4770.13173371043,2265.30417166094,-2916.81110654429,0.000502863601670342,1.30795194526265e-09,0.000271757274791461,0.000502863601670342
4770.1251848053,2265.32359538355,-2929.87316709318,0.000423158546288408,1.21269019784694e-08,7.090083798393e-08,0.000423158546288408
5299.87059763247,1403.51675023175,-2894.17019569301,4.95746142117059e-05,1.5372581962803e-11,3.68254509253125e-10,4.95746142117059e-05
5415.27685971818,1200,-2893.25082397951,1.13077286935785e-05,6.03513073392671e-12,5.82678184174397e-11,1.13077286935785e-05
5184.48816955786,1604.07905095145,-2896.64381513044,0.000149008039644051,9.45413470981935e-11,1.85114173623655e-08,0.000149008039644051
5184.49636989711,1604.13578560272,-2911.84502098605,0.00020116691288484,3.6868450083293e-10,9.92339840765305e-09,0.00020116691288484
5086.82100816011,1792.86734734076,-2916.33103546178,0.000341306776224823,7.30243156568296e-09,3.12517476665955e-10,0.000341306776224823
5086.81919894096,1792.80860524683,-2901.78818800654,0.000327787770996839,1.93373040819543e-09,4.59570252681675e-08,0.000327787770996839
4989.85158010147,1993.55264132209,-2907.03283092675,0.000345076120855142,1.31646165015155e-08,3.47948409281784e-07,0.000345076120855142
4989.85041815463,1993.60204258244,-2920.88374045779,0.000334026853612227,1.2273437520736e-09,6.47811966440781e-08,0.000334026853612227
4917.75879611838,2168.87757651932,-2911.26690659058,0.000484656263734485,6.26799359246022e-08,1.37274630542917e-06,0.000484656263734485
4917.7573413295,2168.90435120813,-2924.60341081693,0.000547382721128052,1.39692539678175e-07,1.72752390712452e-07,0.000547382721128052
5530.72418074471,1399.98241640678,-2906.02791128231,0.000161383332610523,1.09238286338943e-11,4.00252086895095e-11,0.000161383332610523
5646.091865868,1200,-2904.98621194046,1.69387905779481e-05,6.57244904207489e-13,1.34909601376563e-11,1.69387905779481e-05
5761.40025107462,1405.2360256066,-2917.22102569503,8.60393630988132e-05,9.89712072092708e-12,1.33701466344352e-12,8.60393630988132e-05
5876.88787954009,1200,-2915.84619343716,5.46880648880441e-05,4.66093911679282e-13,3.1888843619432e-13,5.46880648880441e-05
5992.16650873287,1405.25236141138,-2913.04854798998,8.70578453210921e-05,7.37732977528748e-12,8.06563435612402e-13,8.70578453210921e-05
6107.66735793864,1200,-2911.56115204992,3.88010903413754e-05,2.9589251659551e-13,9.3414771185768e-14,3.88010903413754e-05
6232.74591496394,1380.3928753242,-2908.71599758228,7.95021081554823e-05,3.75050974168322e-12,3.07850889582451e-13,7.95021081554823e-05
6338.45151870576,1200,-2907.52401750243,5.28618272114147e-05,2.12221454780188e-13,4.5820506046993e-14,5.28618272114147e-05
6410.65634232771,2589.23141047823,-2993.60947356134,0.00041117228567666,0,1.86899625144106e-10,0.00041117228567666
6410.70114506951,2589.14739640525,-2980.72927012698,0.000345497781933555,3.63029006968704e-09,1.6977639405229e-10,0.000345497781933555
5809.84344957898,3046.01163618218,-2988.72166343876,0.000807844504320102,0,1.32729783924668e-08,0.000807844504320102
5809.90101039045,3046.00424005442,-2977.51707702177,0.000751904525943871,1.14359507268098e-06,3.51777967810138e-08,0.000751904525943871
5808.67648084552,3163.80745308777,-2973.63357855102,0.00091083811442045,1.61103973635056e-07,1.58961666703249e-08,0.00091083811442045
5808.61541257585,3163.84047235798,-2984.40165964452,0.000995565717501653,0,5.93014912402559e-09,0.000995565717501653
5917.39407829504,2963.46227447838,-2988.10402766598,0.000586649068225362,0,6.11077500939855e-10,0.000586649068225362
5917.4532618154,2963.45045300611,-2976.67931381932,0.00057039159144851,5.0851962533907e-08,2.60594874499847e-09,0.00057039159144851
6032.82798010427,2826.45961195602,-2979.14598410232,0.00053771546255209,7.91359150052131e-10,2.48472750569933e-10,0.00053771546255209
6032.786174762,2826.49504029292,-2991.11272915646,0.00055968331401203,0,9.50987605699395e-11,0.00055968331401203
6223.56220794214,2713.11665633315,-2980.46789963753,2.80672627583747e-05,4.47646843868681e-10,3.41048179117791e-11,2.80672627583747e-05
6223.52220494573,2713.18095136652,-2993.01326491972,7.38644418504977e-05,0,3.87720764926883e-11,7.38644418504977e-05
5611.89225653795,3302.23176770651,-2971.77642494356,0.00284012389976247,3.77840854850327e-05,1.90225962806641e-06,0.00284012389976247
5714.1140622321,3348.97223057338,-2990.23670395513,0.00162024705720438,0,5.33739897795492e-08,0.00162024705720438
5714.1535400763,3348.92478378367,-2979.18025729372,0.00139833474512826,3.50469605261385e-06,2.00115756177954e-07,0.00139833474512826
5800.63421383788,3293.27008358829,-2984.97738300746,0.00104345823465714,0,1.49731170350056e-08,0.00104345823465714
5800.68932024261,3293.21611241006,-2974.09803187339,0.00096180962203728,4.31565550905504e-07,5.87076183604387e-08,0.00096180962203728
5439.31841194993,3132.91692379479,-2967.8490437263,0.00358357955523183,8.54056057476178e-07,3.29505116296363e-05,0.00358357955523183
5490,3250,-2964.90121507854,0.00495770581957892,0.000414270647782309,0.00495770581957892,0.00336553902807558
5534.57571301116,3127.7945013873,-2964.15221954111,0.00210341158298625,2.21817337023924e-06,1.10373550034092e-06,0.00210341158298625
5618.94966578844,3193.0700515362,-2959.83637811107,0.00160710959432325,6.3674882446666e-05,3.36255818735538e-05,0.00160710959432325
5270.68284400282,3306.28804259164,-2975.92765881452,0.00305949067531523,2.36340048363446e-05,2.37320009078506e-05,0.00305949067531523
5390,3250,-2969.14952270978,0.00957718176708586,0.00183243397444555,0.00957718176708586,0.00343529939376756
5257.74356054501,3195.40942139133,-2974.61805648262,0.0015741222185378,9.56557314375428e-05,0.000107071904749873,0.0015741222185378
5329.68339166249,3120.80776968247,-2972.38396816929,0.00226437026256458,7.5710149436533e-06,1.29675518915191e-05,0.00226437026256458
5390,3350,-2971.92861227656,0.00290121867425255,0.000107531905051305,0.00290121867425255,0.00190217681923349
5274.18054582008,3407.05584522906,-2979.07792752362,0.00158594252646249,1.43381763971086e-06,1.12400901558237e-06,0.00158594252646249
5359.20432556908,3458.24642352918,-2976.63243196713,0.00197983027187297,3.43080672947573e-06,2.25139695158678e-06,0.00197983027187297
5270.72316401231,3306.23055087313,-2965.26923273581,0.00273768988405594,1.48263204005065e-05,0.000148748361019953,0.00273768988405594
5390,3250,-2958.58002747858,0.00928513713928942,0.00216548573870647,0.00928513713928942,0.00215187206364076
5257.79231354798,3195.39705967944,-2964.11774022561,0.001474540076985,7.7655621261716e-05,0.000424686476633586,0.001474540076985
5329.72630894307,3120.80031563526,-2961.5162860078,0.00206221745703509,8.34142438411285e-06,8.23384622214809e-05,0.00206221745703509
5439.36390369492,3132.90159836859,-2956.92749607918,0.00341721972991552,1.07386085272471e-06,8.20614315107416e-05,0.00341721972991552
5607.54116889679,3405.58813865029,-2974.59485319695,0.00170096086481343,1.11478993707516e-05,1.11967618611483e-05,0.00170096086481343
5528.62789957971,3462.3998491445,-2980.0268152617,0.00189726816508434,7.15726357687197e-06,3.27446322275876e-06,0.00189726816508434
5701.71552458376,3448.35839451665,-2982.37220991565,0.00113807955744885,7.82134732365764e-07,2.92373965513347e-08,0.00113807955744885
5701.69572110451,3448.39297900018,-2993.69958505772,0.00124525321415472,0,1.02858929553761e-08,0.00124525321415472
5621.87054135637,3534.19729700223,-3000.03802726998,0.00146689846856467,0,5.8444692509988e-09,0.00146689846856467
5621.86679709835,3534.1769353933,-2988.43385038185,0.00131245291582516,8.3922039220452e-07,3.09336550947572e-08,0.00131245291582516
5390,3350,-2960.98797117945,0.00829849895689477,0.000128546382779426,0.00829849895689477,0.00256478874290767
5490,3350,-2967.34898454928,0.0159470584439794,0.00251494601610263,0.0159470584439794,0.00448458365955969
5441.27171983953,3453.92895325094,-2972.59575356751,0.00317130471974064,1.03533660710929e-05,8.46805926170279e-06,0.00317130471974064
5573.58144096729,3632.29449111047,-2994.11542878655,0.000480890875056915,2.01757485161276e-07,2.20846193942306e-08,0.000480890875056915
5573.61566580621,3632.27832371873,-3006.03385408238,0.000469187129800212,0,4.34771531954611e-09,0.000469187129800212
5416.21464127296,3741.28148606995,-3016.00567132762,0.000371563472196451,0,1.8256628445341e-09,0.000371563472196451
5416.17074437954,3741.27137548606,-3004.03709501754,0.00022507801330353,2.45597731501926e-08,2.9111856931733e-09,0.00022507801330353
5518.80768885742,3714.13083695089,-2998.05412426157,9.20047162994362e-05,3.94949428937832e-08,5.21058370826361e-09,9.20047162994362e-05
5518.85721845089,3714.16485202878,-3010.06308178366,0.000105513467540847,0,2.85389921998165e-09,0.000105513467540847
5274.20424503948,3407.01599615928,-2968.09310104052,0.00129300227165399,1.39656586503988e-06,2.72002536576662e-06,0.00129300227165399
5359.21706537823,3458.21781756904,-2965.41545843979,0.00177874584085976,1.59327037418994e-06,2.85450453461045e-06,0.00177874584085976
5309.85173308349,3852.16935607253,-3018.43979100335,2.28788622255765e-05,0,4.15751380709134e-10,2.28788622255765e-05
5309.80828338822,3852.10004257852,-3006.87370937956,3.25229924692591e-05,2.22320858356497e-09,6.41242005211303e-10,3.25229924692591e-05
5209.16142092845,4030.54983545954,-3005.03132273832,0.000120470871506809,2.07055857602194e-06,6.8813836033926e-08,0.000120470871506809
5209.17631706432,4030.58686308359,-3015.75307866548,0.000102352286830437,0,6.88507327278391e-08,0.000102352286830437
4759.95806784192,2749.74267819754,-2924.70243852084,0.000388199027364617,2.18229757457056e-09,1.98262946554131e-06,0.000388199027364617
4759.95637417696,2749.79234412353,-2937.08242941545,0.000424641596524599,5.07734187581167e-09,1.81449914898177e-07,0.000424641596524599
4551.00837925553,2833.7115168525,-2931.55714712397,0.000509543288008214,4.75508510055629e-09,2.50011148434256e-07,0.000509543288008214
4551.00295178109,2833.73248970767,-2943.1889115123,0.000477573087711022,2.09355348513779e-08,1.06950953450993e-07,0.000477573087711022
5110.31545737195,4200,-3013.04054839042,0.00098144999030976,0,2.9320582231888e-06,0.00098144999030976
5110.32220924794,4200,-3003.22042106765,0.000803192709079925,4.85600021847735e-06,5.99812518154741e-06,0.000803192709079925
4910.29212846202,4200,-3002.43804173418,0.000698745856235859,7.60731748552321e-05,4.70987695181033e-05,0.000698745856235859
5007.28373743592,4019.29870307408,-3005.21940282491,0.000111506178570427,1.52212146774528e-05,3.9381131955169e-07,0.000111506178570427
4373.22097760927,2936.41879510142,-2950.39509540231,0.000405840583981215,2.56932483020719e-08,1.85477374668831e-07,0.000405840583981215
4373.24631635462,2936.42631065589,-2939.70699907793,0.000391754536971238,1.00441157283596e-08,4.77745580814012e-08,0.000391754536971238
4198.69530749201,3045.53374228945,-2957.34481013777,0.000182744290746663,2.27219070222538e-07,5.27611301338417e-05,0.000182744290746663
4198.72764043533,3045.55531467923,-2947.20990289626,0.000197231243940077,2.16366256524717e-07,4.24051653889592e-05,0.000197231243940077
3996.22963046376,3156.52806235124,-2956.04344547731,0.000574970765163425,5.28690031596354e-07,0.000574970765163425,5.784257446363e-05
3800,3277.014921553,-2965.16400751193,0.00462810088311127,5.93672419510315e-06,0.00462810088311127,0.000155132252988862
3994.98380673499,3383.97199705603,-2971.46289025785,0.000154818262987895,1.67954665329252e-06,0.000120359403377327,0.000154818262987895
3800,3507.76938819574,-2982.13694488641,0.0005082166541564,2.31350016840433e-07,0.0005082166541564,0.00037716368315432
4704.45446789346,4200,-3002.77055688416,0.000400134786699527,8.07368581218483e-05,1.30270335008485e-05,0.000400134786699527
4806.86640024905,4022.08215686743,-3003.8373596055,0.000159104280817562,1.41056418681681e-05,6.25531050754219e-06,0.000159104280817562
4486.28494490987,4200,-3003.67815429777,0.00045281792752053,1.99153444205488e-06,0.00045281792752053,0.000242728074911766
4596.66382968283,4014.48422109332,-3003.99885239043,0.000116042799811257,6.18879101094973e-07,2.74506659163909e-07,0.000116042799811257
4005.02903877522,3599.40245390283,-2978.71477246724,0.000158320565334995,1.01136603758695e-07,2.8138865275897e-06,0.000158320565334995
3800,3738.43822626949,-2990.46501646664,0.000302765732987282,6.69591286871892e-09,0.000302765732987282,0.000143672756674099
3800,3969.19983243187,-3005.16846037123,0.000539060307561908,5.52339806235288e-07,3.24167956126186e-05,0.000539060307561908
4017.20122899839,3839.90221675941,-2996.27200639002,1.73486526340411e-05,6.10179232726875e-07,1.84697195322193e-06,1.73486526340411e-05
4258.79897896278,4200,-3004.02833194596,0.00148245856116062,1.18879132750903e-05,0.00148245856116062,0.000214718479085173
4376.28659188089,4004.83510841693,-3002.94416934394,0.00010752714196916,1.97945211103265e-06,6.46011291498483e-05,0.00010752714196916
3975.71952788658,4050.69074281806,-2998.22870383591,0.000111795747231768,1.84161959618097e-06,7.20070228040745e-05,0.000111795747231768
4029.40030858743,4200,-3004.72456185281,0.00334838592215659,9.03840523317417e-07,0.00334838592215659,0.000188876594751112
4145.6955590301,4034.00622609114,-3001.31570947102,8.1428440295728e-05,2.43303916341905e-06,6.38625357955723e-05,8.1428440295728e-05
3800,4200,-3005.66958079244,0.00474051441229616,3.92046575853328e-06,0.00474051441229616,0.000617376565350983
6450.06597059874,1362.12679335832,-2904.96347897961,4.28112591632829e-05,1.59046949509603e-12,5.03989415434938e-14,4.28112591632829e-05
6569.24041579623,1200,-2903.74499087597,0.000122026471711051,1.45279945132328e-13,4.90097997734863e-14,0.000122026471711051
6636.24916378877,1345.71467962563,-2901.78243381015,2.90812247048698e-05,3.87858857522557e-13,6.89441830270822e-15,2.90812247048698e-05
6800,1200,-2898.60262422238,0.000340051846722305,1.02756589384361e-13,4.53033988240688e-14,0.000340051846722305
6586.69949234316,1546.92508902347,-2916.71136490287,4.76640232080752e-05,2.23976912577848e-12,2.05602753895363e-13,4.76640232080752e-05
6800,1430.85172937456,-2913.15456767392,0.000376151100516699,1.87851525436636e-13,1.3141420658437e-14,0.000376151100516699
6800,1661.71786710395,-2927.48081826236,0.000401811082335084,1.41524830632714e-13,3.64415587103719e-14,0.000401811082335084
6597.6909074818,1794.95432640319,-2930.64599501231,4.81077280700407e-05,6.4150072720901e-12,6.42192504185731e-13,4.81077280700407e-05
6597.99418954651,2022.03241973179,-2943.92017556723,1.47607967653755e-05,6.45341233334847e-12,3.76654157982781e-12,1.47607967653755e-05
6800,1892.59410036734,-2941.20773374702,0.000413431131901596,1.91053014294146e-13,4.49128124818464e-13,0.000413431131901596
6800,2123.4830303989,-2953.52465353056,0.000419635860818977,6.40145493286289e-12,3.62253340991901e-12,0.000419635860818977
6597.57763915784,2239.53558842283,-2955.42713363921,7.07235167226899e-05,2.87692309117769e-11,3.09252706397878e-10,7.07235167226899e-05
6800,2354.36787000154,-2963.52825430044,0.000782534894427225,2.31043974952107e-12,6.04437935718374e-10,0.000782534894427225
6603.95963475708,2471.29069920638,-2965.4630187947,3.37440623286003e-05,5.78148137958778e-08,1.57481117387795e-09,3.37440623286003e-05
6606.57156073696,2700.92205554266,-2972.3037965862,0.000202265048332993,2.65348390439688e-11,2.11695499559661e-10,0.000202265048332993
6606.52203891101,2700.99781771561,-2985.00994649259,0.000244444311500789,0,2.28963110278628e-12,0.000244444311500789
6800,2585.25927178329,-2972.70605137357,0.00039876958642881,3.61294035578382e-08,1.66746802408069e-08,0.00039876958642881
6800,2585.29891715149,-2985.681829864,0.000481330073390361,0,1.44237578137244e-08,0.000481330073390361
4932.47803023194,2603.65752144767,-2930.97750401728,0.000562732866712438,3.65551583710472e-09,1.11395172639021e-06,0.000562732866712438
4932.46982564678,2603.62980134015,-2917.95386370758,0.000494379983533578,2.52992545568453e-10,0.000205358142184993,0.000494379983533578
4846.0457306175,2897.63496842919,-2924.74671952841,0.000547137109645835,6.51143360065774e-07,0.000212899383993785,0.000547137109645835
4950.9898343527,2789.02591394908,-2920.16641883723,0.000867310284644801,5.82432341609273e-09,0.000867310284644801,0.000538388854504422
4846.03216984198,2897.66054521488,-2936.31386753908,0.000743987554248531,2.31764037988012e-06,5.79636009110369e-05,0.000743987554248531
4950.98924789862,2789.07678747355,-2932.48177998147,0.000578067276302501,2.57147786819709e-07,6.02903980291054e-06,0.000578067276302501
5530.73550434952,1399.910657362,-2891.10032631057,0.00011725212945507,1.10836990850232e-11,8.0129528241969e-11,0.00011725212945507
5646.08195738959,1200,-2890.23002485047,6.47691234895066e-05,7.04878404902427e-13,6.47583601750728e-12,6.47691234895066e-05
4967.51170401055,2364.15438600861,-2912.63970583956,0.000539493013815267,2.41525645579002e-10,0.000132033231770094,0.000539493013815267
4967.51408541993,2364.18025712005,-2925.92425832136,0.000612963865023775,3.68424995038724e-09,9.23097272248601e-07,0.000612963865023775
5420.08697303155,1592.40911784316,-2892.05318456154,0.000130432441604735,7.92872706517677e-11,2.03348803295817e-10,0.000130432441604735
5420.09619386784,1592.47149289464,-2907.14972000853,0.000132162299379872,8.30644038383263e-11,3.04546003655822e-10,0.000132162299379872
5303.06876877022,1792.51959081231,-2895.07850771222,0.000254348427605182,1.26461003369862e-10,2.45359130237155e-11,0.000254348427605182
5303.07692797202,1792.58855544109,-2909.92367466243,0.00026972240177614,1.21667315668189e-10,5.01204504874871e-11,0.00026972240177614
5194.77207099895,1989.93488927095,-2914.42133917868,0.000262642200405699,2.80858252064578e-10,4.82102486973789e-09,0.000262642200405699
5194.77189255377,1989.87614418216,-2900.20690113413,0.000288325249324832,2.58903653974474e-10,1.81129640784974e-08,0.000288325249324832
5093.75143103155,2183.54693624394,-2905.64910681175,0.000439202956012278,2.52601570094631e-10,6.90436705669801e-10,0.000439202956012278
5093.74971344184,2183.57605495624,-2919.27065037231,0.000433233456050621,5.68765516390672e-10,2.09497061089908e-10,0.000433233456050621
5761.42955772374,1405.15101534994,-2902.55339481593,0.00011639187150129,9.94865895868406e-12,1.49881997972778e-12,0.00011639187150129
5876.88078437916,1200,-2901.11000022117,1.87575633233844e-06,4.33061274872857e-13,4.96226030810248e-13,1.87575633233844e-06
5992.20550826306,1405.15543916556,-2898.32117346856,9.18895384887737e-05,7.43626970749657e-12,8.31947415519908e-13,9.18895384887737e-05
6107.66078406227,1200,-2896.70987436581,1.34698323017572e-05,3.25903870116372e-13,1.2978115929173e-13,1.34698323017572e-05
6232.79224580626,1380.28391195771,-2893.89548961988,7.27902097187859e-05,3.80113113257081e-12,2.52087010149604e-13,7.27902097187859e-05
6338.44640420208,1200,-2892.61029379159,2.09213418122085e-05,2.26955385540868e-13,6.27088787347571e-14,2.09213418122085e-05
6424.94197426913,2813.30361264737,-2982.86958756993,0.000162984201708893,0,1.21689083364695e-10,0.000162984201708893
6424.99002666661,2813.25449869574,-2970.64494847017,0.000156471465602239,2.90683743640106e-10,2.25154080112158e-11,0.000156471465602239
5946.33453223533,3114.27295704828,-2968.55113815117,0.00100878181982899,4.76242900742333e-07,1.03121988217127e-08,0.00100878181982899
5946.25348140731,3114.25052319496,-2979.29557746536,0.00112818319899886,0,1.93249819912122e-08,0.00112818319899886
5898.95821501616,3332.91010115274,-2981.07249133361,0.000769385075671991,0,3.05028713214873e-08,0.000769385075671991
5894.13904456875,3232.1247359081,-2979.77897249495,0.000959476891311413,0,6.09964217002719e-08,0.000959476891311413
5899.01129416023,3332.85950388497,-2970.10967838324,0.000700844153176075,1.00605898046241e-06,5.94412865463575e-09,0.000700844153176075
5894.21225492944,3232.08948108901,-2969.11645258937,0.000843369340201057,4.44984816644217e-07,3.49055885845291e-09,0.000843369340201057
6088.20819005583,3057.07746437071,-2977.43037206411,0.00070446606489428,0,6.02155540445805e-10,0.00070446606489428
6088.26240149624,3057.09049187974,-2966.44006688142,0.000671625377180886,2.5404380272525e-09,3.1850528865468e-09,0.000671625377180886
6244.96305369955,2942.69543561288,-2979.95883680126,0.000377780650806135,0,3.10503361186734e-09,0.000377780650806135
6245.01308769765,2942.67701076349,-2968.34973438754,0.000366746682565843,9.09751324490239e-08,5.73214842704184e-09,0.000366746682565843
5611.93646405237,3302.18160880784,-2960.85681432128,0.00271746042973075,4.09078966107923e-05,5.69331476209692e-05,0.00271746042973075
5826.86841631775,3418.12537854531,-2986.63207268761,0.000618969384100172,0,1.47273351526043e-07,0.000618969384100172
5826.90084644772,3418.08312013271,-2975.42272842041,0.000595880117380849,4.33522412313986e-07,3.01812538074445e-08,0.000595880117380849
5490,3250,-2954.22276078199,0.00601883899449459,0.000409694453049878,0.00601883899449459,0.00426626723198775
5534.62471757901,3127.78182521266,-2953.17545094748,0.00183918335851716,6.48410895317975e-06,8.3559627066258e-06,0.00183918335851716
5619.00339224337,3193.05628221299,-2949.00880472022,0.00131710077526428,5.71727208048103e-05,9.36500060612921e-05,0.00131710077526428
5270.7634840218,3306.17305915462,-2954.6108066571,0.00226700329152836,1.66944740187814e-05,0.000429882411504589,0.00226700329152836
5390,3250,-2948.01053224738,0.00466388428780587,0.00172863069901247,0.00466388428780587,0.00204107173518762
5257.84106655095,3195.38469796755,-2953.6174239686,0.00128238350816889,8.64582672504903e-05,0.00114748433931836,0.00128238350816889
5439.40939543991,3132.88627294239,-2946.00594843205,0.00317051571915052,1.38663983080992e-06,0.000162802064541348,0.00317051571915052
5329.76922622365,3120.79286158806,-2950.64860384631,0.00180000807172846,9.19874923111142e-06,0.000242122205358521,0.00180000807172846
5607.56539379767,3405.54947909953,-2963.36486470987,0.00169648979953225,9.45000204091013e-06,1.61144707155311e-05,0.00169648979953225
5528.63699938785,3462.37299576583,-2968.62916184278,0.00191583260028138,9.19840874539125e-06,2.90066049779138e-06,0.00191583260028138
5756.86822686147,3548.06033037905,-2981.65050960381,0.000709979892287829,6.33982439839331e-07,1.81452913769223e-08,0.000709979892287829
5756.87253447469,3548.08126620338,-2993.30326931582,0.000763373976260951,0,3.44791970580309e-08,0.000763373976260951
5665.54007394759,3628.52772978345,-3000.65322207673,0.000343433451020568,0,4.66502312508854e-09,0.000343433451020568
5665.51669125511,3628.5273259924,-2988.77055975934,0.000367740208822881,9.7182556081348e-08,1.73516710881079e-08,0.000367740208822881
5390,3350,-2950.04733008235,0.0045954659856452,0.000102082861449889,0.0045954659856452,0.00189327854423537
5490,3350,-2956.3510640804,0.00603074750410106,0.00269497636067455,0.00603074750410106,0.0019691000140148
5441.28356240861,3453.90099304594,-2961.29630641619,0.0030583428499633,1.23442924816364e-05,7.08731671425248e-05,0.0030583428499633
5628.30629313824,3752.45778934104,-3003.33263545855,0.000312792148633763,0,1.36386888483485e-09,0.000312792148633763
5628.26686921021,3752.43041234022,-2991.3562546711,0.000182964069273621,1.13801838511587e-08,1.94332752556334e-09,0.000182964069273621
5508.28024402577,3869.16021512272,-2994.16545961097,0.000185032437694761,1.9306556287942e-09,5.9503110432203e-10,0.000185032437694761
5508.32192549182,3869.221734887,-3005.72448586726,0.000160549307891044,0,4.12016872923927e-10,0.000160549307891044
4971.37258141104,2967.11303278276,-2922.05700293861,0.000519049132898422,2.42203244195545e-08,0.000519049132898422,0.000461661699644652
4971.34765461028,2967.13066805762,-2933.31381725987,0.000534134166193547,1.85556324981215e-07,8.99615185118587e-06,0.000534134166193547
5274.22794425888,3406.9761470895,-2957.10827455741,0.00103941013846374,1.2579295464379e-06,3.32268863110126e-05,0.00103941013846374
5359.22980518739,3458.1892116089,-2954.19848491245,0.0015506319247674,1.89456998678106e-06,2.66692444116664e-05,0.0015506319247674
5420.06930686234,4021.57567356113,-2992.79792379799,0.000212631409553428,6.88838669290539e-08,5.81787866970881e-09,0.000212631409553428
5420.08831516856,4021.6124736399,-3003.70270769696,0.00020967450493613,0,4.21182680845445e-09,0.00020967450493613
5312.33040130009,4200,-2991.50168820035,0.00104317795245923,1.75680863942766e-06,2.68356293144843e-07,0.00104317795245923
5312.33031021352,4200,-3001.54266005294,0.00126630979503553,0,2.42092369935002e-07,0.00126630979503553
4690.29464299718,2938.80260823839,-2930.46258568051,0.000420216843722689,1.20184552052638e-07,2.00037530558505e-05,0.000420216843722689
4690.2775876455,2938.80888295081,-2941.51372394338,0.000376173490143293,6.8070355238272e-07,3.23525588533824e-05,0.000376173490143293
4841.98269126536,3032.661500427,-2928.19220128274,0.00103062521140546,5.21719543562478e-07,0.00103062521140546,0.000499448400464252
4841.95354623043,3032.65614442143,-2938.77766276375,0.000436180902750036,4.4331909522862e-09,0.00013842691608913,0.000436180902750036
4567.11142092914,3030.23852020168,-2946.98327957139,0.000709537645137891,9.90537516880128e-07,2.84399905344781e-05,0.000709537645137891
4567.13928051018,3030.25915828028,-2936.78111112154,0.000622223146994579,4.53303375146761e-07,4.60574030256553e-05,0.000622223146994579
5110.32899372596,4200,-2993.40029374488,0.000584888701098548,3.93733328451139e-06,1.2303772999847e-05,0.000584888701098548
5209.14652479258,4030.51280783548,-2994.30956681116,0.000112368713633024,1.81994685243659e-06,6.8073846466474e-08,0.000112368713633024
4910.31940751938,4200,-2993.13821848277,0.000532452361866239,6.46437423036795e-05,3.47829518998202e-05,0.000532452361866239
5007.28393978171,4019.26664946147,-2994.77443764232,0.000100586912320833,6.34403841160567e-06,3.05671861098762e-07,0.000100586912320833
4399.60489518921,3172.03111741851,-2954.74246792795,0.00223310937766666,4.90553736715165e-06,0.00223310937766666,0.000429122047265222
4399.68089418511,3172.07823366273,-2945.6833945944,0.0033904854218524,2.55565020916091e-05,0.0033904854218524,0.000497464294119711
4198.68911677799,3268.5620291963,-2962.49060907189,0.000944165268618728,1.55674133165278e-06,0.000944165268618728,0.000207317184255467
4198.73028874196,3268.45978088891,-2953.51385147362,0.00183843035792054,5.81892825239984e-06,0.00183843035792054,0.000187789239823785
3995.01144396441,3383.88918479723,-2962.2412476363,0.000426349824910954,7.2078778203041e-07,0.000426349824910954,0.000114599698914612
3800,3507.72549623627,-2972.37395141397,0.00247592626145822,4.48281339168486e-07,0.00247592626145822,0.000151335414962487
4704.49945525999,4200,-2993.95371190275,0.000441028080605558,4.06484052446336e-05,0.000441028080605558,0.000301050374662628
4806.87987536304,4022.06529821799,-2993.85085615374,0.000131199788507236,4.45062851735964e-06,2.11270571537766e-05,0.000131199788507236
4486.33256252073,4200,-2995.03679158718,0.00144425641663139,1.65094170383404e-07,0.00144425641663139,0.000187745970224337
4596.68847392244,4014.47975926775,-2994.41171269728,0.00011156908699536,2.80830451797438e-07,6.92965502345627e-08,0.00011156908699536
4005.03686692944,3599.38486687349,-2968.77788514174,0.000118506587178616,5.89886528205511e-08,1.37451015558328e-05,0.000118506587178616
3800,3738.4251088634,-2979.94511362633,0.0015402225794294,3.98546735029816e-07,0.0015402225794294,5.77194436474732e-05
4017.17718713158,3839.90951045086,-2985.82794981142,5.42721376032954e-05,2.71837734717392e-07,8.1774398654966e-06,5.42721376032954e-05
3800,3969.19536533111,-2994.92515695841,0.000859776989015216,1.15414507217067e-08,0.000859776989015216,0.000352342692019323
4258.83941638612,4200,-2995.38946434465,0.00352323046424234,1.37515725270322e-06,0.00352323046424234,0.000150539456248944
4376.2993382098,4004.82400352605,-2993.25252148879,0.000103780034781299,6.11556820497164e-07,0.000103780034781299,5.0085189300711e-05
3975.71767433441,4050.68184013998,-2988.63381812865,7.44692175740733e-05,2.85072204005528e-07,7.44692175740733e-05,3.05490086437665e-05
4029.42744706704,4200,-2995.95457762772,0.00676940050624108,2.64638533153702e-05,0.00676940050624108,0.000139425225784634
4145.70339271805,4033.99902681786,-2991.7619359182,7.4921669310542e-05,6.70477440031944e-07,7.4921669310542e-05,6.07413268343606e-05
3800,4200,-2996.47832343147,0.00406532891037324,6.96529736334116e-05,0.00406532891037324,0.000391690670966771
6450.11954853896,1362.00716487173,-2890.09947562434,2.40028615414777e-05,1.62574069075482e-12,2.63334902603118e-14,2.40028615414777e-05
6569.23775846721,1200,-2888.82610234596,7.53563835752185e-06,1.48771408460442e-13,8.81480189823769e-14,7.53563835752185e-06
6636.30946725006,1345.58593539469,-2886.89574740442,1.24299065289592e-05,4.03649324232588e-13,6.30232317386241e-15,1.24299065289592e-05
6800,1200,-2883.65977218026,0.000250802065143381,1.14927960359071e-13,5.7075560285585e-14,0.000250802065143381
6586.75304493571,1546.80293883622,-2901.9636304082,4.00579938823834e-05,2.25677403791691e-12,1.88113932467931e-13,4.00579938823834e-05
6800,1430.84326863264,-2898.34735970677,0.000288259111188996,1.26060615854154e-13,2.10621416541821e-14,0.000288259111188996
6800,1661.70125545282,-2912.91983974999,0.000326266713216002,1.5783355340851e-13,5.46828047187018e-14,0.000326266713216002
6597.74475641492,1794.83709911165,-2916.35050555653,3.58201707368032e-05,6.47086120805929e-12,5.78238772463388e-13,3.58201707368032e-05
6598.04894844041,2021.9213885301,-2930.09822038706,1.55265749980093e-05,6.60546863868959e-12,3.68526152790536e-12,1.55265749980093e-05
6800,1892.56988386504,-2927.08862083419,0.000349855957548131,2.1089960336238e-13,7.93475678427485e-13,0.000349855957548131
6800,2123.45204901401,-2939.81675780282,0.00035431253824052,6.23102044938619e-12,7.78637503650996e-12,0.00035431253824052
6597.63088825746,2239.43180892588,-2941.96570821899,5.92369784856603e-05,3.14291526647635e-11,3.17934211801135e-10,5.92369784856603e-05
6800,2354.33234902389,-2950.1704835397,0.000669818725722199,1.64245979607125e-10,1.82572271524228e-09,0.000669818725722199
6604.01101116655,2471.19456318134,-2952.35532212775,3.86943713686931e-05,6.35481292553783e-08,3.09294252410405e-09,3.86943713686931e-05
6800,2585.21962641509,-2959.73027288314,0.000318739969571211,3.36839607944088e-08,2.53247742044117e-08,0.000318739969571211
6606.62108256291,2700.84629336971,-2959.59764667981,0.000162657238446243,3.73581917389991e-11,6.80249123754656e-10,0.000162657238446243
6618.00133251982,2925.81085008059,-2960.21988986844,0.000184622458463317,7.87446626220048e-11,3.41220790860577e-10,0.000184622458463317
6617.94712684505,2925.84654460182,-2972.1827226855,0.000212403231420019,0,4.59204108594484e-12,0.000212403231420019
6800,2815.8908096028,-2961.8902341366,0.00116631053441731,4.67697401831372e-11,7.07334951064966e-10,0.00116631053441731
6800,2815.91907463478,-2974.36414737043,0.00134699748409376,0,1.60068471763393e-10,0.00134699748409376
5122.01497957183,2527.36751079354,-2923.10034667751,0.000443663403421461,8.44732475736007e-09,4.82765040014362e-08,0.000443663403421461
5122.00501894449,2527.33986503502,-2909.74549105747,0.000464501132555613,2.69738853598853e-10,4.89778149394258e-09,0.000464501132555613
5092.23533467354,2706.30218373553,-2913.35498619821,0.000502465034088822,2.7930556586973e-10,1.32809466844386e-09,0.000502465034088822
5092.24853628674,2706.37736932216,-2926.33530029366,0.000378359742645615,1.10932878477057e-09,3.98603059529094e-08,0.000378359742645615
5097.93656233909,2982.12000609987,-2927.71620316254,0.000679156298759306,5.35821373021383e-08,2.74753978759416e-07,0.000679156298759306
5079.19422701128,2868.81273000278,-2927.86412273106,0.000535229761526675,8.08801935202055e-09,3.4133198266959e-07,0.000535229761526675
5097.96120916925,2982.09903215585,-2916.34501534869,0.000625176406381601,1.19292674938159e-08,3.62686359883589e-06,0.000625176406381601
5079.20340178335,2868.77092094377,-2915.86116842288,0.000722338251663643,6.23986691766583e-10,0.000112845878738325,0.000722338251663643
5761.45886437287,1405.06600509329,-2887.88576393682,0.000121551590529303,1.00127027144765e-11,1.52049428457218e-12,0.000121551590529303
5876.87368921819,1200,-2886.37380700518,2.24125446407918e-05,5.72768908056056e-13,1.51081846594379e-12,2.24125446407918e-05
5992.24450779324,1405.05851691974,-2883.59379894714,9.15054533277001e-05,7.48273095599593e-12,8.63862818080528e-13,9.15054533277001e-05
6107.65421018587,1200,-2881.85859668169,8.37683576355227e-06,3.56210201057122e-13,1.61496789704608e-13,8.37683576355227e-06
6232.83857664858,1380.17494859123,-2879.07498165748,5.23438128216082e-05,3.84026475497609e-12,1.68279994388805e-13,5.23438128216082e-05
6338.44128969838,1200,-2877.69657008074,8.76031906501002e-06,2.41878434078941e-13,8.96520102297083e-14,8.76031906501002e-06
5656.67221511267,1597.93624695867,-2903.56176066219,0.000247017100909675,3.43656318609622e-11,6.6521352841475e-12,0.000247017100909675
5656.68268675745,1597.85865721079,-2888.80780952521,0.000227089601324286,3.43992552624321e-11,7.78485355446615e-12,0.000227089601324286
5187.25716355065,2354.15548620182,-2918.5167591513,0.000602645772418349,4.87216234398894e-10,7.25799572448972e-11,0.000602645772418349
5187.25299470501,2354.12396967507,-2904.87611833749,0.000557207752804856,3.12018207304607e-10,6.21386210892539e-09,0.000557207752804856
5281.37721979401,2488.7786573929,-2917.02067514517,0.000689456205940519,3.58672596091085e-10,1.12784719360387e-09,0.000689456205940519
5281.36884661018,2488.74289314437,-2903.44516060563,0.000559671875604789,3.03732280606078e-10,3.41125223563207e-09,0.000559671875604789
5529.96479726959,1794.62704068495,-2891.67522614841,0.000315223003257056,1.15629097593566e-10,2.79296051714112e-11,0.000315223003257056
5529.96328858227,1794.70122096631,-2906.22035297375,0.000355098482560929,1.16181000872704e-10,2.3994957703448e-11,0.000355098482560929
5416.11113019817,1993.83483123875,-2908.99331161988,0.00032126436515181,1.52163792274974e-10,4.21684638226333e-11,0.00032126436515181
5416.10583864127,1993.76833347298,-2894.72363928315,0.000305881317418161,1.481844035221e-10,2.73298181554129e-11,0.000305881317418161
5296.14165185471,2187.07247855325,-2899.08282058618,0.000462416825604666,2.01478243662913e-10,2.21756080018103e-10,0.000462416825604666
5296.1467057554,2187.11242837125,-2913.01267452405,0.000476040630397374,2.227613534587e-10,6.74897027198729e-11,0.000476040630397374
6432.90423844947,3039.78314768526,-2970.17892443408,0.000368830095027768,0,4.40857795307217e-09,0.000368830095027768
6432.95964432243,3039.77593067104,-2958.78776972391,0.0003512633205594,8.55742660814286e-08,3.5672436743401e-09,0.0003512633205594
5959.97878004404,3420.19888390841,-2979.86504283277,0.000443300248798152,0,1.20040803421018e-09,0.000443300248798152
5960.02134436627,3420.15242537567,-2968.72891183919,0.000448097958449707,8.60516401187567e-09,2.45821381988911e-09,0.000448097958449707
6054.17165505274,3275.55239343009,-2962.67212942408,0.000758846080726064,4.07783200219772e-07,2.04278544886724e-08,0.000758846080726064
6054.10404386874,3275.61154847108,-2973.37918399103,0.000814452708446524,0,2.26697209783712e-08,0.000814452708446524
6247.76666886342,3157.77734317167,-2958.2254408229,0.000734582651091002,8.65577706169681e-07,1.85637705410875e-07,0.000734582651091002
6247.71983055195,3157.8191191377,-2969.04088408346,0.000811760212225311,0,1.52637040842386e-07,0.000811760212225311
5611.9806715668,3302.13144990917,-2949.93720369899,0.00246092276545274,5.03891463673559e-05,0.000194800415766155,0.00246092276545274
5929.22528951499,3539.58126206691,-2983.69016401615,0.00045605407429093,0,2.07903168518596e-08,0.00045605407429093
5929.23583469008,3539.55125805238,-2972.17787325625,0.000435624624014616,4.28019551670214e-07,1.13628699695518e-08,0.000435624624014616
5534.67372214686,3127.76914903803,-2942.19868235385,0.00155290238410995,2.35750340690842e-06,2.81190329128838e-05,0.00155290238410995
5490,3250,-2943.54430648544,0.00565129688590558,0.000619273400309068,0.00565129688590558,0.0028104556354876
5619.05711869831,3193.04251288978,-2938.18123132937,0.0010702226837437,4.35629065453259e-05,0.000194375863736872,0.0010702226837437
5270.80380403129,3306.11556743611,-2943.95238057839,0.00157763598092988,8.26103820964222e-06,0.000674077119470626,0.00157763598092988
5390,3250,-2937.44103701618,0.00223240103047905,0.00107486572470697,0.00223240103047905,0.00201626206071675
5257.88981955392,3195.37233625566,-2943.11710771159,0.00291881323544881,7.22959208045401e-05,0.00291881323544881,0.000979988045202838
5329.81214350423,3120.78540754085,-2939.78092168482,0.00148114191678941,1.06440636939617e-05,0.00032999685622134,0.00148114191678941
5439.4548871849,3132.87094751619,-2935.08440078493,0.00268146681781606,2.68134972645176e-06,0.000566774863720279,0.00268146681781606
5607.58961869855,3405.51081954877,-2952.13487622279,0.00163355881082873,1.52682035167964e-05,0.000247780568489648,0.00163355881082873
5528.64609919598,3462.34614238715,-2957.23150842385,0.00186072527986992,1.30205205572256e-05,0.000291480409863177,0.00186072527986992
5794.9400216818,3711.00748349756,-2981.85710903335,0.000197644904315475,6.97536016937569e-09,1.8118385477659e-09,0.000197644904315475
5794.97478619654,3711.05082823595,-2993.77979445364,0.000280574047282185,0,9.8998791075529e-10,0.000280574047282185
5390,3350,-2939.10668898525,0.00624464296993436,0.000202093218624178,0.00624464296993436,0.00252243912567188
5490,3350,-2945.35314361152,0.00867278277780767,0.00187872848643004,0.00867278277780767,0.00182075810000666
5441.29540497769,3453.87303284094,-2949.99685926488,0.00283888884651957,2.3896091101827e-05,0.000232805060163969,0.00283888884651957
5705.05768227266,3890.22972006972,-2981.01658634069,0.000218597063083946,1.6410439296434e-09,3.12923108106549e-10,0.000218597063083946
5705.088820595,3890.27976965875,-2992.48078513405,0.000224878362196377,0,2.50888645734684e-10,0.000224878362196377
5621.2631275128,4030.40340400904,-2990.77049168518,0.000205498079841665,0,9.62778769343476e-11,0.000205498079841665
5621.24840185643,4030.37412784654,-2979.85834024434,0.000206926419887874,6.03700192026299e-10,9.70183636656088e-11,0.000206926419887874
5171.79858211761,3043.57894143539,-2924.8053342588,0.000665591447279165,1.70298133844117e-07,1.13225989489346e-05,0.000665591447279165
5055.46004201556,3072.16729451616,-2930.39770130803,0.000605653500341326,1.05541902373717e-06,8.40277977121929e-05,0.000605653500341326
5171.83139500869,3043.56645389461,-2913.69583981963,0.000722741002893076,3.75076135397213e-08,1.45476178299962e-05,0.000722741002893076
5055.49931617466,3072.16650771319,-2919.63870126492,0.000611592998816738,3.6171175612912e-07,0.000204835302181445,0.000611592998816738
4960.82023802186,3099.98075583798,-2924.61417269052,0.000595954999380964,4.92286056327272e-07,0.000595954999380964,0.000581113317819111
4960.78552998393,3099.96768338615,-2935.02341609485,0.000565714333195805,1.1356014968994e-06,8.93391416562221e-05,0.000565714333195805
4870.83588780199,3152.7824062128,-2929.0328025045,0.00131181279962993,2.65809707148558e-06,0.00131181279962993,0.000613262186362582
4870.79994119312,3152.78197689349,-2938.97920705773,0.000471725338255339,1.05387640838389e-08,0.000446474075880895,0.000471725338255339
5274.25164347828,3406.93629801973,-2946.1234480743,0.000810408174182335,3.53159056931662e-06,0.000125230968077547,0.000810408174182335
5359.24254499654,3458.16060564875,-2942.98151138511,0.00120730854784249,5.19754760926422e-06,0.000234312097837043,0.00120730854784249
5520.5372850798,4200,-2988.75563252953,0.00140167789427565,0,1.4397110307097e-11,0.00140167789427565
5520.5357566147,4200,-2978.58524471197,0.00115899562966684,1.17465921314754e-09,2.76585357653222e-09,0.00115899562966684
5312.33052109023,4200,-2981.46071634777,0.000779636876513662,1.81303744012332e-06,2.32637351303008e-07,0.000779636876513662
5420.05029855612,4021.53887348236,-2981.89313989902,0.000171567797683728,5.16947815714317e-08,9.43536896678942e-09,0.000171567797683728
4724.44114946109,3151.58053007009,-2944.16189625268,0.00179833867146727,8.1801739507492e-07,0.00179833867146727,0.00044747800088696
4724.48044628831,3151.59964286707,-2934.51182127063,0.000609837852675309,2.07914324988082e-05,0.000609837852675309,0.000465164590788402
4581.6220924708,3199.9768258992,-2949.53921149821,0.00113590586180491,5.13511021988501e-05,0.00113590586180491,0.000591265040568166
4581.62838100742,3200.03464253086,-2940.48833573284,0.00104933455118498,9.09503834709263e-05,0.00104933455118498,0.000497239028511051
5110.33577820401,4200,-2983.58016642211,0.000423174129386565,1.14598749232754e-06,2.17380960269823e-05,0.000423174129386565
5209.13162865671,4030.47578021143,-2983.587810884,0.000107835343133973,1.53616699895487e-06,6.95151770949807e-08,0.000107835343133973
4518.05722771078,3311.78200778962,-2945.98979591663,0.00316833126979596,1.02613802492785e-06,0.00316833126979596,0.000308394094119838
4518.01547982557,3311.913021702,-2955.09317008762,0.00109007376465722,5.06304057167021e-08,0.00109007376465722,0.000332920630960847
4910.34668657686,4200,-2983.83839523137,0.000392887788761573,3.62381248034888e-05,1.97251534642997e-05,0.000392887788761573
5007.28414212751,4019.23459584887,-2984.32947245974,8.86957605370232e-05,4.79088034904379e-06,1.42982399659257e-06,8.86957605370232e-05
4372.32088310164,3379.20854616736,-2952.2434731755,0.000274040655436396,8.08992192117403e-07,7.67437941644774e-05,0.000274040655436396
4372.2786435435,3379.31334557183,-2961.50300272202,0.000291955785672901,3.34547858108851e-06,0.000112614625337196,0.000291955785672901
4189.94076452624,3494.95365300948,-2960.46924868653,0.000192457293553093,2.85398117736881e-08,2.20967148222534e-07,0.000192457293553093
4189.91776133822,3495.01049139959,-2970.10877931559,0.000154847927525754,8.53640110412454e-08,4.18408081157441e-07,0.000154847927525754
4704.54444262671,4200,-2985.13686692134,0.00134290898253028,7.15039392489002e-06,0.00134290898253028,0.000213098196170171
4806.89335047702,4022.04843956856,-2983.86435270199,9.9735551540283e-05,2.30632556429063e-06,4.47890944139101e-05,9.9735551540283e-05
4173.20322773613,3668.36794972575,-2966.2715631357,0.000146681113128729,3.37262723696141e-10,5.97360921369926e-08,0.000146681113128729
4173.19960537439,3668.37376490335,-2976.52890861624,0.000160185257631757,4.1711923173e-09,3.52990554549591e-08,0.000160185257631757
4486.38018013177,4200,-2986.39542887659,0.00306889096470319,1.24047496654313e-05,0.00306889096470319,0.000152066380674503
4596.71311816206,4014.47529744219,-2984.82457300413,0.000106004532796266,2.42553204723857e-07,8.14813199394501e-06,0.000106004532796266
4017.15314526477,3839.91680414231,-2975.38389323282,7.13571093189919e-05,9.19527924845367e-08,1.70814108250632e-05,7.13571093189919e-05
3800,3969.19090211362,-2984.6818535456,0.00275670463116609,2.50207468246628e-06,0.00275670463116609,0.000170757765016204
4258.87985380963,4200,-2986.75059674334,0.00789960000308933,1.50512878666608e-05,0.00789960000308933,0.000142164422637858
4376.31208453871,4004.81289863517,-2983.56087363363,0.000145257763230277,1.55300052924724e-07,0.000145257763230277,6.79601697007436e-05
3975.71582078223,4050.6729374619,-2979.03893242139,0.000112967922638251,9.17218304343697e-08,2.98038638071117e-05,0.000112967922638251
4029.45458554675,4200,-2987.18459340263,0.00544138244488202,8.6931670025233e-05,0.00544138244488202,0.000147864041528421
4145.711226406,4033.99182754458,-2982.20816236539,5.52344622618996e-05,1.18484052468877e-07,5.52344622618996e-05,2.21068565378719e-05
3800.00001395321,4200.00000420682,-2987.2870660705,0.00297579387944686,0.0001411239032158,0.00297579387944686,0.000234310731210686
6450.17312647919,1361.88753638514,-2875.23547226908,2.7383171077889e-05,1.81079654084572e-12,2.01503737826248e-14,2.7383171077889e-05
6569.23510113818,1200,-2873.90721381595,3.14700341308947e-05,1.51643511183651e-13,1.46268591133634e-13,3.14700341308947e-05
6636.36977071135,1345.45719116375,-2872.0090609987,1.06938063088588e-05,4.16564171036201e-13,5.79106090863571e-15,1.06938063088588e-05
6800,1200,-2868.71692013813,8.84809772800109e-05,1.24165029842673e-13,5.94713893460822e-14,8.84809772800109e-05
6586.80659752825,1546.68078864897,-2887.21589591353,3.12351251120692e-05,2.2704865276838e-12,1.97749017206463e-13,3.12351251120692e-05
6800,1430.83480789072,-2883.54015173962,0.000180528063951847,1.31607687250409e-13,2.59047012506956e-14,0.000180528063951847
6800,1661.6846438017,-2898.35886123761,0.000247460556203657,1.73822146208285e-13,6.80893428223961e-14,0.000247460556203657
6597.79860534803,1794.71987182012,-2902.05501610074,2.80279636371024e-05,6.54040221861613e-12,6.09388379882242e-13,2.80279636371024e-05
6598.10370733432,2021.81035732841,-2916.27626520689,1.03132936412387e-05,9.88516923544822e-12,2.63672939580536e-12,1.03132936412387e-05
6800,1892.54566736273,-2912.96950792136,0.000294297964607227,2.57375097928702e-13,1.32095756246513e-12,0.000294297964607227
6800,2123.42106762912,-2926.10886207509,0.000301799084411657,2.25710473958079e-12,1.71326258657037e-11,0.000301799084411657
6597.68413735709,2239.32802942893,-2928.50428279877,4.96421762743912e-05,4.1242381292529e-11,2.33398882821674e-10,4.96421762743912e-05
6800,2354.29682804623,-2936.81271277897,0.000569933251818085,7.88064728869003e-10,4.21704006480313e-09,0.000569933251818085
6604.06238757602,2471.09842715629,-2939.24762546081,4.19755272798818e-05,6.91352572540809e-08,8.26433796597023e-09,4.19755272798818e-05
6800,2585.17998104688,-2946.7544943927,0.000253914565168455,2.08789527591319e-08,4.62600844805249e-08,0.000253914565168455
6606.67060438886,2700.77053119675,-2946.89149677342,0.00012685046792816,1.01894853441769e-10,1.48626888788333e-09,0.00012685046792816
6800,2815.86254457082,-2949.41632090278,0.00100408108148087,8.9377138301636e-12,1.88945703209768e-09,0.00100408108148087
6618.05553819459,2925.77515555936,-2948.25705705139,0.000120001703401925,8.60235634540119e-11,1.17545886153408e-09,0.000120001703401925
6613.72695224767,3158.3364517639,-2948.6795978146,0.000471785159186272,3.34066396449359e-09,5.18458236074231e-09,0.000471785159186272
6613.66491095503,3158.38045995385,-2959.87642246339,0.000564690158102377,0,4.5523723202321e-09,0.000564690158102377
6800,3046.43477958621,-2949.2969494351,0.0014968138508474,2.78052301163746e-08,5.296577966774e-10,0.0014968138508474
6800,3046.44130120507,-2961.07182634401,0.00169977983830336,0,1.76629263121342e-09,0.00169977983830336
5241.6276190355,2648.05808120618,-2920.32420192821,0.000674982157324391,4.26629381249132e-10,6.60711613783078e-09,0.000674982157324391
5241.61597804188,2648.01608303359,-2907.02663584455,0.000640909950749778,3.44330023137366e-10,8.15326439398235e-09,0.000640909950749778
5192.81546588943,2931.30592637674,-2911.79553908752,0.000572947235336891,9.46983533534028e-10,0.000139085364221968,0.000572947235336891
5192.79883557683,2931.34015325052,-2923.56910080028,0.00071364927111574,2.5073047697688e-09,2.98056128447157e-07,0.00071364927111574
5216.54802671617,2799.71442083022,-2921.64549639084,0.000809463034834595,3.89007011962614e-10,2.7377643974976e-08,0.000809463034834595
5216.54566366537,2799.65223969285,-2909.04967979085,0.000695306637620754,9.31545716574337e-10,3.30358841733674e-07,0.000695306637620754
5892.31328835785,1590.14615977685,-2885.02358867762,0.000180314025465858,2.55536722078136e-11,3.86800757030989e-12,0.000180314025465858
5892.283044997,1590.2359322279,-2899.63524463979,0.000214561991776489,2.54987373554702e-11,3.67426471351256e-12,0.000214561991776489
6340.50269181306,1562.14377864635,-2876.73864173231,4.47840134427525e-05,8.39770562201692e-12,1.22287874674109e-12,4.47840134427525e-05
6340.45815315101,1562.25403074066,-2891.4700918458,7.45116915996415e-05,8.3981574871737e-12,1.12826623386502e-12,7.45116915996415e-05
6118.94782603537,1582.24905832153,-2895.47353583686,0.000137214919790495,1.69233830717169e-11,2.43685484158776e-12,0.000137214919790495
6118.98504540856,1582.14894528968,-2880.80167053347,0.000116725944279464,1.69249467810745e-11,2.53303283935947e-12,0.000116725944279464
5762.84809025833,1795.2234901308,-2888.34989057799,0.000295462044661461,1.10566656727676e-10,9.46141509963338e-12,0.000295462044661461
5762.82529401773,1795.30518657329,-2902.56349740131,0.000275022411696124,1.10506988781171e-10,1.01286279909215e-11,0.000275022411696124
5381.5234670361,2601.82182788837,-2915.04951772225,0.00054826756826574,3.92254489292213e-10,2.56123999194181e-09,0.00054826756826574
5381.50865248363,2601.76807955642,-2901.54415576055,0.000589658102954755,3.90295785561819e-10,1.42333639626283e-09,0.000589658102954755
5363.26437809148,2353.51197395705,-2899.11744166467,0.000583836187069426,2.54530462440421e-10,3.79580514702431e-10,0.000583836187069426
5363.27233341576,2353.55495828009,-2912.9088173024,0.000551145027896864,2.5554945168166e-10,1.26457747485667e-10,0.000551145027896864
5409.0957033173,2482.20965592676,-2912.90038634761,0.000613580451674456,3.15215876620375e-10,6.31210649273701e-10,0.000613580451674456
5409.08539006328,2482.16669596534,-2899.22907492198,0.00058715997990939,3.12693161763189e-10,4.53643485218951e-10,0.00058715997990939
5634.85712473458,2004.87858566918,-2891.4073584929,0.000370431691350571,1.52750873405106e-10,2.16766194453137e-11,0.000370431691350571
5634.84499257201,2004.95114432841,-2905.35577955741,0.00038600678407432,1.52756469513546e-10,1.94050213873858e-11,0.00038600678407432
5517.65698619721,2202.48632866306,-2894.51430613804,0.000493154472257152,2.02150312097033e-10,4.35703625432917e-11,0.000493154472257152
5517.65576965604,2202.5397735519,-2908.30731055652,0.000433690096181714,2.0291084941352e-10,3.75919717911471e-11,0.000433690096181714
6427.76879055375,3272.84331058005,-2963.24913570097,0.000444915447333634,0,2.66777063361649e-10,0.000444915447333634
6427.81447574222,3272.79097157428,-2952.1076084966,0.000413228261707839,1.73992541568599e-08,1.46864764735514e-09,0.000413228261707839
6098.22456401676,3491.88786834985,-2962.95024524209,0.000518553958010062,7.88898207614422e-09,5.46426126437125e-10,0.000518553958010062
6098.19327243988,3491.92702698691,-2974.2343095156,0.000559588574229379,0,5.73139243340924e-10,0.000559588574229379
6258.06397100972,3382.31305370098,-2957.01878247928,0.000341862066507142,4.17258811116766e-09,9.79223456995842e-11,0.000341862066507142
6258.02381170258,3382.36004810059,-2968.20621645782,0.000349640688399399,0,2.98060750444756e-10,0.000349640688399399
5612.02487908123,3302.0812910105,-2939.0175930767,0.00209479808119054,8.05649186094673e-05,0.000906786954161575,0.00209479808119054
6010.37804835453,3681.28780049225,-2981.39600607316,0.000344313759865411,0,3.07638843316737e-10,0.000344313759865411
6010.35801068427,3681.2536002086,-2969.59097716043,0.000251918474068487,1.70577072093391e-09,5.52380585387163e-10,0.000251918474068487
5490,3250,-2932.86585218888,0.0083710280644641,0.000408268646964489,0.0083710280644641,0.000881837643595775
5534.72272671471,3127.75647286339,-2931.22191376022,0.00120666588410191,2.44543639588518e-06,0.000199727442963852,0.00120666588410191
5619.11084515324,3193.02874356658,-2927.35365793851,0.000827262686830944,1.97078691611671e-05,0.000514833732968593,0.000827262686830944
5275.06873035968,3029.75616538503,-2908.96807916425,0.000703649108481764,2.54740212990153e-08,7.59406261981053e-07,0.000703649108481764
5275.03882689063,3029.77393892323,-2920.27369049699,0.000693605374019498,5.28540890970502e-08,9.96892875037278e-07,0.000693605374019498
5168.82304347886,3148.00819241081,-2925.86824076043,0.000722186690385227,6.22433695331918e-07,0.000400576669299689,0.000722186690385227
5168.87128240657,3147.99141764374,-2915.34037364219,0.000661462854187076,1.30053365372067e-06,0.000567973058611187,0.000661462854187076
5239.11224956774,3109.9085427994,-2922.22208590775,0.000730511190831589,6.27936458415551e-07,0.000180147054851695,0.000730511190831589
5239.15566672039,3109.90836851112,-2911.41931828671,0.000723715982743264,4.29377724574556e-07,8.37473603159913e-05,0.000723715982743264
5270.84412404078,3306.0580757176,-2933.29395449968,0.00285126237713364,6.00359178633393e-06,0.00285126237713364,0.000969200646803716
5390,3250,-2926.87154178498,0.00290706526867497,0.00105108481873081,0.00124035336514535,0.00290706526867497
5257.93857255688,3195.35997454377,-2932.61679145458,0.00671234770234532,3.92226163075145e-05,0.00671234770234532,0.000714550236677508
5329.85506078481,3120.77795349365,-2928.91323952333,0.00121822499145717,1.10329276952066e-05,0.00064186340865068,0.00121822499145717
5439.50037892989,3132.85562208999,-2924.16285313781,0.00211294823173204,2.24477310301718e-06,0.00107302616484041,0.00211294823173204
5607.61384359942,3405.47215999801,-2940.90488773571,0.00146155956948762,2.3598745011013e-05,0.000664795545405334,0.00146155956948762
5528.65519900412,3462.31928900847,-2945.83385500493,0.00167147530423541,1.85413564213687e-05,0.000636974858286333,0.00167147530423541
5912.68719854846,3859.00897247442,-2969.37096967215,7.9521414573842e-05,1.08820148760526e-09,2.10404486856861e-10,7.9521414573842e-05
5912.70941666912,3859.0515992962,-2980.83863173572,7.56060594333929e-05,0,1.68247421597153e-10,7.56060594333929e-05
5390,3350,-2928.16604788815,0.00255594998737628,0.00030642708835209,0.00255594998737628,0.000878350758095803
5490,3350,-2934.35522314265,0.00269677979620506,0.00138102909110969,0.00269677979620506,0.00144547356734719
5441.30724754677,3453.84507263594,-2938.69741211356,0.00227255519111158,1.91303534477498e-05,0.000304003011943621,0.00227255519111158
5809.47511826804,4036.49026333482,-2978.51284532689,0.000158434942834592,0,3.45191185066729e-11,0.000158434942834592
5809.46838306464,4036.47071357565,-2967.63586000129,0.000156652839895373,2.69268444088738e-10,4.47483400826465e-11,0.000156652839895373
5721.78017305374,4200,-2975.81893963046,0.00154246035093726,0,7.83863647838579e-12,0.00154246035093726
5721.7828894238,4200,-2965.61441500405,0.00127056093278862,1.58987459188007e-11,3.35349809032252e-12,0.00127056093278862
4937.5080879657,3198.87201775496,-2937.00340699985,0.00150406135391446,5.61595480901991e-06,0.00150406135391446,0.000609009078221414
4937.56724249723,3198.88974926953,-2927.12874238617,0.0027969292658924,3.53283952218603e-05,0.0027969292658924,0.000571663743703144
5053.52523025097,3192.37877327393,-2921.67049843077,0.00276905448258144,3.21240865987041e-05,0.00276905448258144,0.000670021850037548
5053.46050684456,3192.37243682053,-2931.8208143979,0.00165167090062014,3.63190612095954e-06,0.00165167090062014,0.000733937772669467
4843.38514926694,3262.60373873593,-2941.79781864778,0.0018337909444969,3.47676336737415e-06,0.0018337909444969,0.000668759638696372
4843.40738408671,3262.48401871849,-2932.17063280322,0.00265970163537059,1.49478869352986e-05,0.00265970163537059,0.00066894106459271
5167.3654881129,3240.67157057201,-2926.91404468593,0.00450935613392941,7.70914404579204e-06,0.00450935613392941,0.00059953220238574
5167.41165924431,3240.60996007555,-2916.67496159078,0.00287848633617011,4.85287440042024e-05,0.00287848633617011,0.000576260264501142
5274.27534269768,3406.89644894995,-2935.13862159119,0.000669464047689798,3.77855689271245e-06,0.000287129234982387,0.000669464047689798
5359.2552848057,3458.13199968861,-2931.76453785776,0.000790731721461967,1.19188529457293e-05,0.00031645576511896,0.000790731721461967
5520.53425283289,4200,-2968.41485689441,0.000870967272326656,2.24447580678288e-09,1.19623646588302e-08,0.000870967272326656
5621.23367620007,4030.34485168403,-2968.94618880351,0.000152162408740105,3.5045154977034e-10,7.31043214392011e-10,0.000152162408740105
5312.33064088039,4200,-2971.41974449518,0.000578739466147059,1.70220827483449e-06,2.25457937028999e-07,0.000578739466147059
5420.03129024989,4021.50207340359,-2970.98835600006,0.000145212310296458,3.70891679580225e-08,1.30409039429301e-08,0.000145212310296458
4681.07257562148,3337.55406843289,-2940.69998924094,0.00226051543839722,4.06869512264517e-06,0.00226051543839722,0.00035025356114157
4681.03272169671,3337.66032964273,-2950.22356253644,0.000463425764715197,1.12181315895298e-07,0.000463425764715197,0.000254826650107341
5110.34256268211,4200,-2973.76003909934,0.00030239080143087,9.80642049903959e-07,9.01514953859435e-06,0.00030239080143087
5209.11673252084,4030.43875258737,-2972.86605495684,0.000104681782781304,1.22315433314362e-06,1.01759261291296e-07,0.000104681782781304
4540.66506326875,3470.49140861813,-2959.53342363902,0.000547004999831835,8.00831232805063e-08,0.000547004999831835,0.000244303830291788
4540.69715192274,3470.41233955856,-2949.77506471941,0.0017546837832587,2.21742185054467e-07,0.0017546837832587,0.000294831402517162
4910.37396563448,4200,-2974.53857197997,0.000282787022342111,1.74208795717233e-05,0.000282787022342111,0.000269224500932605
5007.28434447331,4019.20254223626,-2973.88450727715,8.09957952857826e-05,3.32046304914785e-06,9.73254108745779e-06,8.09957952857826e-05
4374.41994315949,3623.3406345872,-2959.29187671487,0.000509225494577623,1.03230934690649e-06,0.000240862100941972,0.000509225494577623
4374.40791226174,3623.36782375282,-2969.50499432564,0.000576495528092432,2.69795164842732e-06,0.000157598972194477,0.000576495528092432
4704.58942999363,4200,-2976.32002193993,0.00280291347551018,1.56354348838085e-06,0.00280291347551018,0.000144335149545239
4806.906825591,4022.03158091913,-2973.87784925024,6.67556355717595e-05,9.99342808076734e-07,6.67556355717595e-05,5.61605720080726e-05
4268.42628594865,3839.14329756772,-2977.5495714184,0.000161819477993402,1.9930460485968e-09,3.06228829332736e-08,0.000161819477993402
4268.41687751088,3839.12032234144,-2967.10207699331,0.000203736012931385,4.10186660714818e-10,4.32845227725448e-05,0.000203736012931385
4486.42779774301,4200,-2977.754066166,0.00640573755952619,3.90402470702138e-05,0.00640573755952619,0.000130907271514358
4596.73776240167,4014.47083561662,-2975.23743331099,0.000288192467886238,1.20968447301366e-07,0.000288192467886238,0.00011899718676497
4145.71906009396,4033.98462827129,-2972.65438881257,6.88506228724357e-05,7.46613393623211e-08,2.82119610757543e-05,6.88506228724357e-05
4258.9202912333,4200,-2978.11172914203,0.00614870707586423,7.32056994679609e-05,0.00614870707586423,0.000280083823481733
4376.32483086762,4004.80179374429,-2973.86922577848,0.000275710998609294,5.03695359893838e-08,0.000195924668535124,0.000275710998609294
4029.48173691447,4200,-2978.41460917754,0.00358519919568645,0.000169964653460504,0.00358519919568645,0.000159107880365196
6586.8601501208,1546.55863846171,-2872.46816141886,4.35990996439524e-05,2.27824894735286e-12,2.00721721355422e-13,4.35990996439524e-05
6800,1430.8263471488,-2868.73294377247,2.63646253265517e-06,1.35878746978404e-13,4.76608989120168e-14,2.63646253265517e-06
6800,1661.66803215058,-2883.79788272524,0.000153792677675083,1.8731862396315e-13,1.11300723598098e-13,0.000153792677675083
6597.85245428115,1794.60264452858,-2887.75952664496,2.92644343913703e-05,4.26708046072535e-12,5.56787442484008e-13,2.92644343913703e-05
6598.15846622823,2021.69932612672,-2902.45431002672,1.05880602117015e-05,9.5473102506826e-12,2.15789673799621e-12,1.05880602117015e-05
6800,1892.52145086043,-2898.85039500853,0.000245663572563585,2.71011107919546e-13,1.65448017103577e-12,0.000245663572563585
6800,2123.39008624423,-2912.40096634735,0.000258690792918166,3.07199032880845e-13,3.71949242600846e-11,0.000258690792918166
6597.73738645671,2239.22424993198,-2915.04285737854,4.0440141668864e-05,6.21101051804218e-11,1.07990172404398e-10,4.0440141668864e-05
6800,2354.26130706857,-2923.45494201823,0.000474644435573871,2.04284785678245e-09,7.95849036852995e-09,0.000474644435573871
6604.1137639855,2471.00229113125,-2926.13992879386,4.75911929340449e-05,7.37416180027599e-08,2.39901707857546e-08,4.75911929340449e-05
6800,2585.14033567868,-2933.77871590227,0.000200610841885384,1.71228313356505e-08,9.16690803567724e-08,0.000200610841885384
6606.72012621482,2700.6947690238,-2934.18534686703,9.23996157680509e-05,2.84354327946712e-10,2.84067038222154e-09,9.23996157680509e-05
6800,2815.83427953884,-2936.94240766895,0.000860235770473335,3.48636666470876e-10,4.15892696819414e-09,0.000860235770473335
6618.10974386936,2925.73946103813,-2936.29422423433,7.77134135326591e-05,1.76468854220681e-10,2.37882042166488e-09,7.77134135326591e-05
6800,3046.42825796736,-2937.5220725262,0.00122806704165571,3.19824504913313e-08,1.53467284665579e-10,0.00122806704165571
6613.78899354032,3158.29244357396,-2937.48277316581,0.000333785850829262,3.39019731979526e-09,7.7685365459351e-09,0.000333785850829262
6625.64765130726,3392.67710969613,-2945.97654436955,0.000141034809442087,8.70633616055904e-11,1.33444095804683e-11,0.000141034809442087
6625.61120708909,3392.72466669351,-2957.62035718716,0.000169098647149785,0,4.94435495388461e-12,0.000169098647149785
6800,3277.17565402222,-2953.57032478187,0.00188946852479141,0,1.03457072842403e-08,0.00188946852479141
6800,3277.16801101624,-2941.88370368701,0.00166751003488359,1.51910374820154e-07,7.79469665596619e-09,0.00166751003488359
6423.7586496605,1723.3021087993,-2876.06547557262,3.42610930486088e-05,1.07376667314026e-11,1.68757268807874e-12,3.42610930486088e-05
6423.7111358073,1723.41376330381,-2890.50179705316,6.32524142818539e-06,1.07238171610825e-11,1.5805196759007e-12,6.32524142818539e-06
5342.46228377013,2750.798232144,-2916.99687975402,0.000666985290352681,5.58025921867949e-10,2.87536255905382e-09,0.000666985290352681
5342.45535535717,2750.72036710387,-2904.0334827378,0.000702809706840039,4.79949745711418e-10,7.31159498056136e-09,0.000702809706840039
5321.99453851487,2912.20961110054,-2918.11430248567,0.000641992361159914,3.82962124334418e-09,9.05723586011402e-08,0.000641992361159914
5322.00709952766,2912.16618370885,-2906.07898520141,0.000689165015388758,2.60922368190997e-09,1.81389994210328e-07,0.000689165015388758
5477.2908233427,2677.43288296576,-2912.35446598848,0.000725477525477256,5.86906615768453e-10,2.77187305713926e-09,0.000725477525477256
5477.26886824524,2677.37077654768,-2899.0132770201,0.000643126132106765,5.33641115383129e-10,5.43385101893396e-09,0.000643126132106765
6007.93486621973,1780.59933254363,-2883.99374602492,0.000202787221556281,8.84012670800197e-11,6.6752926424822e-12,0.000202787221556281
6007.8994157486,1780.69163520978,-2898.20961590653,0.000185957227168435,8.82982610454284e-11,6.32998822071074e-12,0.000185957227168435
6239.3729774634,1758.83918229981,-2893.91897425599,9.12630679612016e-05,2.26287168917985e-11,3.66884341839791e-12,9.12630679612016e-05
6239.41517638272,1758.73617528073,-2879.58818573183,9.6851753070216e-05,2.25886751439567e-11,3.89756523189687e-12,9.6851753070216e-05
5868.57813936797,1988.40018897569,-2887.68378570032,0.000344911540197799,1.30511582406819e-10,1.24584662381026e-11,0.000344911540197799
5868.54724563041,1988.48017398536,-2901.39721756672,0.000335321910799786,1.30230635976631e-10,1.19604113970005e-11,0.000335321910799786
5507.09516002743,2537.39025903518,-2897.49624721586,0.00054204322490325,3.81215872122689e-10,1.07259295188335e-10,0.00054204322490325
5507.10617331008,2537.43555865499,-2911.00742446818,0.000514203074045784,4.06895941991872e-10,9.57029666829354e-11,0.000514203074045784
5523.68729471806,2396.98743442997,-2895.81160537974,0.000611393666238444,2.69015467731236e-10,5.08442653912657e-11,0.000611393666238444
5523.69241078622,2397.03935468159,-2909.44338475469,0.000574011824969778,2.70239916177383e-10,4.78507699251007e-11,0.000574011824969778
5729.73525673453,2168.70094421203,-2890.77734508649,0.000439954459004942,1.75636752268654e-10,2.20242139295675e-11,0.000439954459004942
5729.71565994924,2168.76850681239,-2904.3136067983,0.000465041239803128,1.75313240079874e-10,2.22623528667135e-11,0.000465041239803128
5651.20155093131,2323.82450292296,-2892.8124242044,0.000428500833886539,2.2384730756072e-10,4.29592117538823e-11,0.000428500833886539
5651.19418134287,2323.88210436637,-2906.34084599884,0.000483694169466533,2.24011086105152e-10,3.22638610154718e-11,0.000483694169466533
6157.76561559925,3694.50319530512,-2961.45099647731,0.000273531935305587,1.37557435927238e-09,1.31492935026366e-10,0.000273531935305587
6157.76871981041,3694.542153419,-2973.17913752462,0.000353941444354411,0,1.40151803911679e-10,0.000353941444354411
6454.1123371192,3501.82232568354,-2962.45855173969,0.000181592417962331,0,4.74459256110344e-11,0.000181592417962331
6454.13692518185,3501.78207457277,-2950.79364427496,0.000154421758427698,4.6115616660648e-10,3.68922189168606e-11,0.000154421758427698
6294.34426902131,3600.09465084158,-2956.30905430456,2.50681149023492e-05,1.54996967783246e-08,9.44503540841221e-10,2.50681149023492e-05
6294.33328664599,3600.12716856581,-2968.0380504301,6.04405853236039e-05,0,9.52976931301298e-10,6.04405853236039e-05
5373.81108411881,3028.15630303618,-2904.62056384159,0.000663228849911379,1.17209391573694e-07,4.71803489182392e-06,0.000663228849911379
5373.78251032529,3028.17732713424,-2916.04356494261,0.000728869228492925,8.50023161761768e-08,3.44951220055898e-06,0.000728869228492925
5612.06908659565,3302.03113211182,-2928.09798245442,0.001593769330036,6.13665047637066e-05,0.0010523446225325,0.001593769330036
6093.78917211009,3843.43689658062,-2969.77823568981,0.000380660001521309,0,6.25563132713321e-11,0.000380660001521309
6093.78560921081,3843.40620850256,-2958.41809431803,0.000344791576665274,4.2178134973869e-10,1.0227776781021e-10,0.000344791576665274
5490,3250,-2922.18739789233,0.0015599423179047,0.000641687143633956,0.0015599423179047,0.00127337958116161
5534.77173128256,3127.74379668875,-2920.2451451666,0.000900937814601177,3.58820870994272e-06,0.000311057520048644,0.000900937814601177
5619.16457160817,3193.01497424337,-2916.52608454766,0.000725074877331015,1.07285870168045e-05,0.000534598504840275,0.000725074877331015
5270.88444405027,3306.0005839991,-2922.63552842097,0.00233533999877311,5.56724179730458e-06,0.00233533999877311,0.000562068866620483
5390,3250,-2916.30204655378,0.00285233706731281,0.000824921971797924,0.00147589909581459,0.00285233706731281
5257.98732555985,3195.34761283188,-2922.11647519757,0.00697045571011852,5.59013651301366e-05,0.00697045571011852,0.000648691994516018
5329.89797806539,3120.77049944644,-2918.04555736184,0.00111791054615174,1.08448982625468e-05,0.000871368310625404,0.00111791054615174
5439.54587067488,3132.84029666379,-2913.24130549068,0.00168652346575292,4.88259986589525e-06,0.000651188519155512,0.00168652346575292
5329.94089534596,3120.76304539924,-2907.17787520035,0.001427404205083,9.98488419201373e-06,0.001427404205083,0.00114757070705828
5258.03607856282,3195.33525112,-2911.61615894056,0.00442864633899865,4.83340600030321e-05,0.00442864633899865,0.000681875396703894
5607.6380685003,3405.43350044724,-2929.67489924863,0.00117708527103981,2.6328278627631e-05,0.000800427171170102,0.00117708527103981
5528.66429881226,3462.2924356298,-2934.436201586,0.00134262505022428,3.13709022996973e-05,0.00050244959100608,0.00134262505022428
6014.17854616499,4026.46667622469,-2965.49592616688,0.000216064591542053,0,1.54887423533415e-11,0.000216064591542053
6014.18408992858,4026.45857153025,-2954.67267433698,0.000204037783216103,1.46620575036546e-10,1.43766909979861e-11,0.000204037783216103
5390,3350,-2917.22540679105,0.00280461301938923,0.000281336543917263,0.00280461301938923,0.00236278007344561
5490,3350,-2923.35730267377,0.00136459749017014,0.00109960301570025,0.00131375968425592,0.00136459749017014
5441.31909011585,3453.81711243094,-2927.39796496225,0.00265410602140553,1.4921369756807e-05,0.00265410602140553,0.0015979677296243
5919.99694617339,4200,-2962.81623901182,0.00154791123717192,0,1.29936952971861e-13,0.00154791123717192
5920.00636166113,4200,-2952.6169091258,0.00130272071949179,9.56638144997557e-13,7.16054572600394e-13,0.00130272071949179
5809.46164786124,4036.45116381648,-2956.75887467568,0.000105761760831294,2.34133159257518e-10,4.10668418727761e-11,0.000105761760831294
5721.78562658978,4200,-2955.40989037764,0.000955497551375518,6.68921519609505e-12,2.68102269829538e-11,0.000955497551375518
5270.92476405976,3305.94309228059,-2911.97710234226,0.00372217200162432,7.12856543158188e-06,0.00372217200162432,0.000486609521740449
4970.95720267634,3294.80641474656,-2927.36782221001,0.000801732074911365,1.84647311217827e-09,0.000801732074911365,0.000566108254562918
4970.92169656455,3294.88998777888,-2937.43006138482,0.000565901874663593,2.20390959815045e-07,0.000229342619632867,0.000565901874663593
5082.30074356964,3295.90171812768,-2921.74879306221,0.000603087169501299,6.40913525216122e-07,0.000431676318063539,0.000603087169501299
5082.25385667517,3295.97558221483,-2932.05460803111,0.000574829898069812,4.45332528719041e-06,0.000222954990317555,0.000574829898069812
4825.69125875981,3389.31555240749,-2935.62790727993,0.000640352033230453,2.97042087315635e-08,0.000640352033230453,0.000317652424967496
4825.65822533795,3389.39168772581,-2945.68070265749,0.000371128587372776,1.98740845971157e-07,0.000153223232415509,0.000371128587372776
4921.94058201277,3367.41513197766,-2930.89712877846,0.000467565993389595,5.41203196607284e-07,4.56702451493536e-05,0.000467565993389595
4921.90674831454,3367.48610366064,-2941.10515906148,0.000389383247375352,2.36465169786168e-06,0.000115169223535358,0.000389383247375352
5168.0172039215,3359.69427847271,-2918.05973559325,0.000470686909064316,3.08211496873224e-06,0.000367242355384504,0.000470686909064316
5167.98234802324,3359.7482899722,-2928.74568954451,0.000514670995591131,3.42833522055613e-06,0.000236710530184649,0.000514670995591131
5274.29904191708,3406.85659988018,-2924.15379510808,0.000589183407512035,1.45049737308086e-06,0.000318226175058213,0.000589183407512035
5359.26802461485,3458.10339372847,-2920.54756433042,0.00125905888789869,4.16446134885209e-06,0.00125905888789869,0.000636533072339448
5520.53274905108,4200,-2958.24446907685,0.000650502188692309,3.75954408651402e-09,2.76134250643308e-08,0.000650502188692309
5621.21895054371,4030.31557552152,-2958.03403736267,0.00011872405272148,2.704167153182e-10,1.14863463293755e-09,0.00011872405272148
5312.33076067056,4200,-2961.3787726426,0.000425693660151074,1.55826810940859e-06,2.51509068511604e-07,0.000425693660151074
5420.01228194367,4021.46527332482,-2960.08357210109,0.000127977731009154,2.54566160332031e-08,1.7546065219431e-08,0.000127977731009154
4756.77593548067,3506.01132372146,-2951.55823116829,0.000206207623660984,3.10140078502453e-09,1.99436426954592e-07,0.000206207623660984
4756.79914754522,3505.96212640838,-2941.21076912217,0.00024468655346961,4.40706610891877e-08,1.98799518966603e-07,0.00024468655346961
5110.34934716025,4200,-2963.93991177657,0.000211393483891182,9.17491735155709e-07,1.64558822990981e-05,0.000211393483891182
5209.10183638498,4030.40172496332,-2962.14429902969,0.000100894998022102,9.062831269832e-07,3.91545351065407e-07,0.000100894998022102
4599.88873148416,3657.0720275221,-2963.26108652399,0.000491511987734155,1.66749393697325e-07,0.000157752210085136,0.000491511987734155
4599.89691494597,3657.05557931093,-2952.67016004341,0.000650863433256868,1.69709392579484e-07,0.000650863433256868,0.000423759071958075
4910.40124469221,4200,-2965.23874872857,0.000989624537682764,8.07738493382065e-07,0.000989624537682764,0.000149758730238095
5007.2845468191,4019.17048862366,-2963.43954209457,8.07456325010593e-05,2.03156220749587e-06,2.4330817035539e-05,8.07456325010593e-05
4489.14144971208,3820.32893645382,-2970.67664151643,0.00232987962282971,6.83010982569947e-07,0.00232987962282971,0.000180567868341841
4489.14120666599,3820.28662444202,-2960.11207182866,0.00189652314016465,7.85763225395172e-06,0.00189652314016465,0.000201270732708697
4704.63441736074,4200,-2967.50317695852,0.00526061664643013,3.69953498270923e-06,0.00526061664643013,8.64397742572089e-05
4806.92030070499,4022.01472226969,-2963.89134579849,6.9684208367265e-05,3.33986845065606e-07,6.9684208367265e-05,3.24375347481145e-05
4376.33757719653,4004.79068885341,-2964.17757792333,0.000250710021708667,8.2628379853344e-08,0.000250710021708667,0.000211894620148734
4486.47541535444,4200,-2969.11270345541,0.00712635168786126,8.55090891479091e-05,0.00712635168786126,0.000114484260997961
4596.76240664129,4014.46637379106,-2965.65029361784,0.00121992983662528,5.9566064958907e-08,0.00121992983662528,0.000182187445482948
4258.96074047968,4200,-2969.47286154072,0.00877660796767536,0.00015164642561528,0.00877660796767536,0.000287903863309702
6597.90630321426,1794.48541723705,-2873.46403718917,5.03190913480007e-05,6.61381526613189e-12,1.02342824445016e-12,5.03190913480007e-05
6800,1661.65142049945,-2869.23690421287,7.24926292820436e-06,1.99973718106122e-13,1.18889091548856e-13,7.24926292820436e-06
6598.21322512213,2021.58829492503,-2888.63235484655,4.72158473643989e-05,6.96296136924086e-12,4.34600570342397e-12,4.72158473643989e-05
6800,1892.49723435812,-2884.7312820957,0.000209850499792701,2.94763154468598e-13,2.51787576541675e-12,0.000209850499792701
6800,2123.35910485934,-2898.69307061961,0.000224494567246085,2.94828101920517e-12,7.04072831413177e-11,0.000224494567246085
6597.79063555633,2239.12047043503,-2901.58143195832,2.93685174212501e-05,8.94085543751728e-11,3.77518685680639e-12,2.93685174212501e-05
6800,2354.22578609091,-2910.09717125749,0.000372795749173089,4.05322573332941e-09,1.21002644976574e-08,0.000372795749173089
6604.16514039497,2470.90615510621,-2913.03223212692,6.21956686084025e-05,7.54901761678985e-08,3.81428410521549e-08,6.21956686084025e-05
6800,2585.10069031048,-2920.80293741183,0.000156077127600448,1.4358787149254e-08,1.85970943777337e-07,0.000156077127600448
6606.76964804077,2700.61900685085,-2921.47919696064,5.50096440504314e-05,1.5287233105074e-09,5.3925860750072e-09,5.50096440504314e-05
6800,2815.80601450686,-2924.46849443513,0.000727218888531882,1.5851894519765e-09,7.78649543909698e-09,0.000727218888531882
6618.16394954413,2925.70376651691,-2924.33139141727,4.9639872307171e-05,2.97245677281723e-10,3.80287904145944e-09,4.9639872307171e-05
6800,3046.4217363485,-2925.74719561729,0.00102240081431367,3.6008330295036e-08,7.78577252776991e-11,0.00102240081431367
6613.85103483296,3158.24843538401,-2926.28594851702,0.000226010177776896,3.40255793135648e-09,1.33418308039589e-08,0.000226010177776896
6800,3277.16036801026,-2930.19708259215,0.00137429164693379,1.6561975317351e-07,8.37678793710759e-09,0.00137429164693379
6625.68409552544,3392.62955269874,-2934.33273155193,6.85523447929261e-05,8.1864871681279e-11,3.4367018348095e-10,6.85523447929261e-05
6631.43732833198,3619.59138297072,-2944.03159537369,0.000190080441312375,6.55867182682706e-11,6.21081256150745e-12,0.000190080441312375
6631.42973254731,3619.63129523359,-2956.11167517668,0.000211907515599841,0,3.45513402241666e-12,0.000211907515599841
6800,3508.06752211399,-2951.09020765519,0.00208220960608731,0,2.24762326990458e-11,0.00208220960608731
6800,3508.04282197097,-2938.97545302251,0.00181720503561906,1.0321825274962e-10,9.14594993163028e-11,0.00181720503561906
6406.49492752602,1907.78088990835,-2891.52028247384,0.000126635240245649,1.85514733767001e-11,2.9085434875443e-12,0.000126635240245649
6406.54296446048,1907.6749972246,-2877.4803035574,0.000115445410334309,1.87269427426221e-11,7.99450440385178e-12,0.000115445410334309
5449.31227709747,2834.67592451741,-2913.0694644292,0.000665109140684904,1.30836873194611e-09,1.74176112770608e-08,0.000665109140684904
5449.31569776764,2834.61340339001,-2900.52709289712,0.000699992402993502,1.11043325919855e-09,2.62154692522695e-08,0.000699992402993502
5436.05444103111,2957.83086007624,-2913.47498382592,0.000630135828475935,1.02384047422954e-08,9.63820919522121e-08,0.000630135828475935
5436.07398691311,2957.79429767125,-2901.61187909688,0.000654053835726813,6.95738930572875e-09,1.30200419572698e-07,0.000654053835726813
5482.93274506616,3034.81357679752,-2911.46536365736,0.000596034522693435,2.35028786515322e-07,1.20205881796877e-06,0.000596034522693435
5482.96289310249,3034.79203141885,-2899.98972243098,0.00064612111665393,2.11556934168909e-07,3.90606919384205e-06,0.00064612111665393
5587.73834141673,2626.9976210244,-2909.35942720309,0.000650250444202026,5.87001145343926e-10,1.82726532277894e-10,0.000650250444202026
5587.7316436692,2626.9276423636,-2896.0768071854,0.00058254662808184,5.68781960668313e-10,2.44094076523537e-10,0.00058254662808184
5596.09696393431,2786.14555477295,-2895.69630689334,0.000623905485268615,1.09482661869579e-09,5.78926750785476e-10,0.000623905485268615
5596.09298964167,2786.21271540052,-2908.37969413747,0.000670301576412318,1.02832355627729e-09,2.16740094575844e-08,0.000670301576412318
6151.85953233662,1994.02358760534,-2896.36840992929,0.000227983784900946,9.72351024118546e-11,7.91224220093174e-12,0.000227983784900946
6151.90079338451,1993.93148196393,-2882.59651989671,0.000224988528443368,9.74002495593691e-11,8.14087311561453e-12,0.000224988528443368
5958.5650362185,2200.0456817802,-2886.86600255214,0.000430540058227899,1.4869649861896e-10,1.58518708863828e-11,0.000430540058227899
5958.52956073021,2200.12261913451,-2900.18921624824,0.000428151313612975,1.48512422689606e-10,1.68001906456049e-11,0.000428151313612975
5664.96794517552,2490.04320838399,-2893.7384651881,0.000499004539665803,3.66216307239707e-10,5.99087784939496e-11,0.000499004539665803
5664.96349701707,2490.09931809315,-2907.0518467705,0.00045622237064843,3.64790794305562e-10,9.59720443568365e-11,0.00045622237064843
5808.69523493117,2353.98033186488,-2890.04528839876,0.000456344998155996,2.45174914244023e-10,3.59290389685595e-11,0.000456344998155996
5808.67474189329,2354.04696275682,-2903.30251927315,0.00047197907255297,2.45006839446936e-10,2.92753281849806e-11,0.00047197907255297
6283.29547254664,3803.98088065614,-2951.54820839492,5.1914676692293e-05,3.25054080974268e-09,3.1945724234716e-11,5.1914676692293e-05
6283.29519040482,3804.01783137521,-2963.12669426414,7.05658857950318e-05,0,5.62758813852893e-11,7.05658857950318e-05
6469.63118903735,3731.42003703845,-2947.46216767929,0.000358263535004445,1.7911174303689e-09,1.23957401843638e-11,0.000358263535004445
6469.63195036509,3731.47096879805,-2959.37986632583,0.00039868081129629,0,2.52889547693959e-11,0.00039868081129629
5439.59136241987,3132.82497123759,-2902.31975784356,0.00164289955858405,8.20109008945692e-06,0.0015611311927031,0.00164289955858405
5534.82073585041,3127.73112051412,-2909.26837657297,0.000879334671804851,6.7381965235125e-06,0.000479187787429224,0.000879334671804851
5534.86974041826,3127.71844433948,-2898.29160797934,0.0012845369779782,9.33400124240698e-06,0.0012845369779782,0.000783646554196186
5490,3250,-2911.50894359578,0.00321756847818135,0.000609956708681526,0.00321756847818135,0.00297623221441106
5619.2182980631,3193.00120492016,-2905.69851115681,0.000972776012299962,1.84132582834466e-05,0.000972776012299962,0.000744580604932947
5612.11329411008,3301.98097321315,-2917.17837183213,0.00202041827165534,4.10248056638006e-05,0.00202041827165534,0.00112969113747981
6217.31285897867,4017.38961846179,-2942.81416908065,0.000364648756713738,9.68555382288949e-11,1.04422500840877e-11,0.000364648756713738
6217.29803519817,4017.38684935277,-2953.58540247119,0.000402693564854528,0,8.4913239343606e-12,0.000402693564854528
5390,3250,-2905.73255132258,0.00624007734029482,0.000688643227079433,0.00624007734029482,0.00197587036316871
5607.66229340118,3405.39484089648,-2918.44491076155,0.00242634170833242,1.5499092713483e-05,0.00242634170833242,0.000914343251066775
5528.6733986204,3462.26558225112,-2923.03854816708,0.0035089153593077,2.71130997331404e-05,0.0035089153593077,0.000976586242531957
6123.09624266959,4200,-2938.75229454275,0.00172067807854092,2.34852281959935e-13,7.19972792772479e-13,0.00172067807854092
6123.07407931233,4200,-2948.857821168,0.00199764170096526,0,4.83911922151464e-15,0.00199764170096526
5390,3350,-2906.28476569394,0.0081970644644333,0.000273835949252268,0.0081970644644333,0.0017285161891712
5490,3350,-2912.35938220489,0.0032348473767781,0.000800718008692898,0.00291178248500019,0.0032348473767781
5441.33093268493,3453.78915222594,-2916.09851781093,0.00502252372935527,7.48910225211836e-06,0.00502252372935527,0.000986711440600504
5920.01579411515,4200,-2942.41757923978,0.000997012281360275,2.02805456569587e-12,1.17130303735326e-11,0.000997012281360275
6014.18963369217,4026.45046683582,-2943.84942250708,0.000130333037260691,1.44997168107369e-10,1.51642972900385e-11,0.000130333037260691
5809.45491265784,4036.4316140573,-2945.88188935008,7.81051315812647e-05,2.13509584327169e-10,4.52278573465297e-11,7.81051315812647e-05
5721.78836375579,4200,-2945.20536575123,0.00071562845340173,3.79960512050759e-12,1.68138351449458e-10,0.00071562845340173
5274.32274113648,3406.8167508104,-2913.16896862497,0.000920418399198902,1.19369089057403e-06,0.000920418399198902,0.000596885265593822
5359.28076442401,3458.07478776832,-2909.33059080308,0.00171990451131648,7.99527688782996e-06,0.00171990451131648,0.000583198980528848
5044.17396437558,3396.02014414259,-2936.12073027827,0.000468625241193758,1.55907433733382e-07,1.85383045816248e-06,0.000468625241193758
5044.20640230119,3395.96755062506,-2925.53157471238,0.000424499752664175,5.35945799342223e-08,5.35685959654813e-06,0.000424499752664175
4924.8206120791,3475.15399728551,-2932.70876626358,0.000304572536970191,1.47575207408467e-08,1.75142886710776e-07,0.000304572536970191
4924.79989583057,3475.19604785753,-2943.32831651557,0.00043701411656249,2.45313800137205e-09,4.34735085695756e-07,0.00043701411656249
5169.65499608384,3478.36823861864,-2919.89568439182,0.000448277722770127,7.07658707161683e-08,6.47694445315028e-05,0.000448277722770127
5169.6433386452,3478.39525486667,-2930.98689009734,0.000411974120448457,8.74473822110261e-08,9.08174492737465e-07,0.000411974120448457
5520.53124526928,4200,-2948.0740812593,0.000480672215734582,5.6779077066926e-09,5.22785696512665e-08,0.000480672215734582
5621.20422488735,4030.28629935901,-2947.12188592183,9.84273545509417e-05,2.41202550611659e-10,1.50524270468482e-09,9.84273545509417e-05
4914.1526980831,3596.62625677994,-2946.86283187697,0.000307456394243094,6.57251569546289e-10,1.14559240501366e-07,0.000307456394243094
4914.15797334576,3596.61337730538,-2935.85432004308,0.000348270661872302,1.27679461681177e-09,1.82623034383156e-07,0.000348270661872302
5312.33088046075,4200,-2951.33780079002,0.000311800745637841,1.31797388753988e-06,3.32999615393266e-07,0.000311800745637841
5419.99327363745,4021.42847324604,-2949.17878820212,0.000115484891573802,1.6251708604843e-08,2.10289051898088e-08,0.000115484891573802
4814.95975011718,3687.26149662036,-2953.76938169974,0.000327859404733917,3.24956840005416e-09,1.1797887925505e-08,0.000327859404733917
4814.9548873492,3687.25693380298,-2942.66200292466,0.00034681046053685,5.48909949919887e-09,3.51992728168012e-08,0.00034681046053685
5110.35613163844,4200,-2954.1197844538,0.000191052188970037,2.14900550091397e-06,0.000191052188970037,0.000141768542498218
5209.08694024911,4030.36469733927,-2951.42254310253,9.93995525872557e-05,5.94867390230166e-07,2.32596728341534e-07,9.93995525872557e-05
4709.7131161203,3844.42663353291,-2960.05353584821,0.000357702571843299,1.78494338816627e-06,5.69113376543446e-05,0.000357702571843299
4709.70550367194,3844.37591732803,-2949.28769795768,0.000308897076133919,2.71807110635228e-07,5.7190227029158e-05,0.000308897076133919
4910.42852375007,4200,-2955.93892547717,0.00235088746899001,2.31996978946855e-07,0.00235088746899001,5.80065164053919e-05
5007.2847491649,4019.13843501106,-2952.99457691198,8.53560082841146e-05,1.0727241150668e-06,4.5246395646395e-05,8.53560082841146e-05
4596.7870508809,4014.46191196549,-2956.0631539247,0.00252077939473478,5.24620456226374e-07,0.00252077939473478,0.000122615620271641
4704.67940472805,4200,-2958.68633197711,0.00563368032065422,6.14488427175123e-05,0.00563368032065422,2.16261185411496e-05
4806.93377581897,4021.99786362026,-2953.90484234674,0.000191545907080994,5.41839787115012e-08,6.72143828684693e-05,0.000191545907080994
4486.52304373211,4200,-2960.47134074482,0.00346899198952352,0.000129314695298317,0.00346899198952352,0.000186051426154214
6598.26798401604,2021.47726372335,-2874.81039966638,9.83083376982325e-05,9.88960672670202e-12,8.31801995576597e-13,9.83083376982325e-05
6800,1892.47301785582,-2870.61216918287,6.14966519122653e-05,3.65118506425003e-13,1.21375141066017e-13,6.14966519122653e-05
6800,2123.32812347445,-2884.98517489188,0.000206130028094374,7.90161879564758e-12,1.77449080671647e-11,0.000206130028094374
6597.84388465595,2239.01669093808,-2888.1200065381,1.35814745841841e-05,7.91422453003093e-11,3.87492134948832e-12,1.35814745841841e-05
6800,2354.19026511325,-2896.73940049675,0.000247193463460667,6.29186996791051e-09,1.3229277408418e-08,0.000247193463460667
6604.21651680444,2470.81001908116,-2899.92453545997,0.00010100971835648,7.0867828492915e-08,6.03844716944276e-08,0.00010100971835648
6800,2585.06104494228,-2907.8271589214,0.000118687390317149,9.59822484741222e-09,3.83637849992011e-07,0.000118687390317149
6606.81916986672,2700.5432446779,-2908.77304705425,9.23778941328947e-06,2.43093666169335e-09,1.20352850103558e-08,9.23778941328947e-06
6800,2815.77774947487,-2911.9945812013,0.00059577574915922,4.05234205174179e-09,1.26044042507431e-08,0.00059577574915922
6618.2181552189,2925.66807199568,-2912.36855860021,3.22178792798059e-05,5.08399260745927e-10,4.99390996383075e-09,3.22178792798059e-05
6800,3046.41521472965,-2913.97231870839,0.000858230423972184,3.96070148316375e-08,1.37872845310269e-10,0.000858230423972184
6613.91307612561,3158.20442719407,-2915.08912386823,0.000141718974179194,3.42904933351619e-09,2.48206942849677e-08,0.000141718974179194
6800,3277.15272500428,-2918.5104614973,0.00115153191736785,1.7826751923675e-07,1.21119873654671e-08,0.00115153191736785
6625.72053974361,3392.58199570136,-2922.68891873432,1.85627525925309e-05,9.72097079668816e-11,7.46341078770722e-10,1.85627525925309e-05
6800,3508.01812182795,-2926.86069838984,0.00155354424551475,1.07398647247927e-10,1.82103060332109e-10,0.00155354424551475
6631.44492411665,3619.55147070785,-2931.9515155707,0.000178493669856771,6.42968087088614e-11,6.87514462986419e-12,0.000178493669856771
6639.5609634912,3832.10643610505,-2935.5553961985,6.5179978961872e-05,4.48844759509253e-11,1.26679836981351e-12,6.5179978961872e-05
6639.56152887189,3832.14800562525,-2947.36656384869,0.000133522699788916,0,1.26866972779992e-12,0.000133522699788916
6800,3738.8819737694,-2946.31840975106,0.00181726202547036,0,7.37449427468954e-14,0.00181726202547036
6800,3738.84960574616,-2934.06272225771,0.00160437969486685,1.02423056422876e-12,1.04217095363235e-12,0.00160437969486685
6384.72530829233,2128.74529577839,-2892.42430755763,0.000161051162281385,2.69941716696277e-11,6.67496506230494e-12,0.000161051162281385
6384.77316720881,2128.64683089584,-2878.84213238238,0.00015807338332832,3.72481399549399e-11,1.03519146667371e-11,0.00015807338332832
5558.2605694586,2936.96238618639,-2897.1285590817,0.000464683093113732,3.14712434520905e-08,7.09758864456055e-07,0.000464683093113732
5558.23798587201,2937.00123804029,-2909.07008703015,0.000571575429472485,3.76526553162192e-08,2.41185019127587e-07,0.000571575429472485
5571.23810922185,3052.62824667272,-2907.91323437822,0.000684509137164221,1.0268982134774e-06,1.63457445689435e-05,0.000684509137164221
5571.27801647118,3052.61111026178,-2896.54736881961,0.000937155156822117,6.94116304454963e-07,1.79906692910558e-05,0.000937155156822117
5619.9674507484,3106.98206848446,-2894.90846365993,0.00210038068630611,5.19624055991129e-07,0.00210038068630611,0.000656001755437905
5619.91542482557,3106.98384859032,-2905.94861100348,0.000810015326312857,3.3576457083684e-07,0.00044220124827126,0.000810015326312857
5675.61215548245,2894.04333050294,-2905.5373530476,0.000602457724442805,3.66932975851468e-08,7.2756096008323e-06,0.000602457724442805
5675.63881633438,2894.00142291295,-2893.50558282496,0.000852315361607753,2.3490986722482e-09,0.000852315361607753,0.000680718604880368
5716.25287367569,2656.52452618478,-2893.05841787118,0.000674692251039172,6.95834720422951e-10,3.72834289283589e-07,0.000674692251039172
5716.24798830002,2656.58995917105,-2906.0764041126,0.000635033233820638,6.31614518701844e-10,6.28031844832441e-09,0.000635033233820638
5753.79713831383,2789.31001546764,-2891.02808614734,0.000541386272939011,4.61452523694562e-09,1.60233491043705e-07,0.000541386272939011
5753.77836779236,2789.36898912433,-2903.50368176614,0.00065800183980205,3.71647415413355e-09,3.94686402408629e-08,0.00065800183980205
6198.75866558943,2254.68684327176,-2882.34120744822,0.000240244620322326,1.13194116580362e-10,1.74608579889665e-11,0.000240244620322326
6198.71717365267,2254.77346155804,-2895.66672642053,0.00022539113477873,1.14912562946417e-10,1.18706650168956e-11,0.00022539113477873
6012.17182805983,2400.71102842039,-2886.14865565959,0.000415780467456873,2.03122926286418e-10,2.81121316596892e-11,0.000415780467456873
6012.13748209094,2400.78600850228,-2899.22691002219,0.000386775380079801,2.0359042589913e-10,2.54147451221343e-11,0.000386775380079801
5865.30262218357,2527.0319331423,-2889.57958509252,0.000519509377071289,3.80362945440203e-10,5.82196586483998e-11,0.000519509377071289
5865.27909741458,2527.09794042955,-2902.552630742,0.000477816632459512,3.790020666592e-10,8.82492467467704e-11,0.000477816632459512
6452.31184975611,3992.7208032251,-2945.64488841035,0.00011755003686237,0,2.4898252393413e-12,0.00011755003686237
6452.31893618796,3992.71061048572,-2934.51122533175,8.81694355868843e-05,5.82950585055717e-11,4.67635474290301e-12,8.81694355868843e-05
5490,3250,-2900.83048929923,0.014149988479492,0.000606467669067881,0.014149988479492,0.00120913132746401
5619.27202451803,3192.98743559696,-2894.87093776596,0.00157863566003474,1.79256389098035e-05,0.00157863566003474,0.000797416589091958
5612.1575016245,3301.93081431448,-2906.25876120984,0.00820164137713683,1.50821325773426e-05,0.00820164137713683,0.000862890748660771
6341.46320678651,4200,-2927.79751025518,0.00168668736885997,7.11670295240727e-13,2.20455988339754e-13,0.00168668736885997
6341.44110049491,4200,-2938.06666182841,0.00191131195744768,0,3.53646444656357e-14,0.00191131195744768
5607.68651830206,3405.35618134572,-2907.21492227447,0.00292007670319663,1.18994304736096e-05,0.00292007670319663,0.000773635728788248
5528.68249842853,3462.23872887244,-2911.64089474815,0.00366683424401324,1.63015273620604e-05,0.00366683424401324,0.000735121135257298
6123.1184190678,4200,-2928.6467679175,0.00136871539663863,6.5063966515705e-13,1.82870406755799e-12,0.00136871539663863
6217.32768275916,4017.39238757081,-2932.0429356901,0.000260493836170823,9.83783633539318e-11,1.18354624224339e-11,0.000260493836170823
5489.99994127717,3349.99998229633,-2901.36146173601,0.009014798633192,0.000753907559029311,0.009014798633192,0.00361464751667888
5441.34277525401,3453.76119202094,-2904.79907065961,0.0102557677497285,1.0365446600652e-05,0.0102557677497285,0.000799645488872748
5920.02522656924,4200,-2932.21824935376,0.000765809694024991,1.68356971282077e-12,1.83892547361594e-12,0.000765809694024991
6014.19517745576,4026.44236214139,-2933.02617067718,8.96279632921412e-05,1.5048440810001e-10,1.80611291677137e-11,8.96279632921412e-05
5809.44817745445,4036.41206429813,-2935.00490402448,6.51010082476884e-05,2.20268020887909e-10,5.68592642593728e-11,6.51010082476884e-05
5721.79110092182,4200,-2935.00084112482,0.000531033163872598,3.39509195042141e-12,1.95814602258727e-10,0.000531033163872598
5391.50242662249,3551.06267221596,-2908.21809153659,0.000417804764124968,3.00559053982713e-07,5.64942023652108e-06,0.000417804764124968
5391.51443255723,3551.07138244145,-2919.80202984448,0.000395171167884949,4.08921080754172e-07,2.26553984340263e-06,0.000395171167884949
5292.44040658507,3523.81507223464,-2924.83448688562,0.000602927727750488,1.07628555297883e-06,1.4270217494956e-05,0.000602927727750488
5292.43827518116,3523.79975381009,-2913.43672219369,0.000564267882687187,6.2138811383991e-07,6.04708182962078e-05,0.000564267882687187
5064.816205508,3569.96170594174,-2938.57315283035,0.00030160332259562,1.73001338587285e-09,3.07479852570693e-08,0.00030160332259562
5064.81121088686,3569.9535103327,-2927.30636397625,0.000301043974704099,1.76149076294825e-09,5.97018264071101e-08,0.000301043974704099
5204.7873476467,3591.00902084693,-2919.27379454972,0.000363855314750115,7.85743649089689e-09,7.48490215994169e-09,0.000363855314750115
5204.80578963588,3591.00581843239,-2930.81380431182,0.000265720161687936,1.20743071239995e-08,3.2483802695833e-08,0.000265720161687936
5520.52974148749,4200,-2937.90369344174,0.000349976265101057,7.28514387385428e-09,3.70830280200411e-08,0.000349976265101057
5621.18949923099,4030.2570231965,-2936.209734481,8.69969143219643e-05,2.8814138004709e-10,1.99927034011957e-09,8.69969143219643e-05
4982.11887988484,3724.39348028388,-2945.76326415102,0.000358508303084556,3.00883419868722e-09,3.96855333558543e-08,0.000358508303084556
4982.09430254995,3724.41095561281,-2934.21039726202,0.000357363157991652,4.99955856462737e-10,4.35566888254363e-05,0.000357363157991652
5312.33100025095,4200,-2941.29682893743,0.000230069917929255,7.9577773426752e-07,1.74063393812578e-05,0.000230069917929255
5419.97426533123,4021.39167316727,-2938.27400430315,0.000105021248574012,1.15625242304042e-08,6.26429965136104e-08,0.000105021248574012
4911.69340052406,3845.6108721551,-2949.16595256542,0.000315917367005212,3.28571243072901e-10,2.91481831101129e-09,0.000315917367005212
4911.6759091005,3845.54747354823,-2938.01906829506,0.000322458098196109,1.63064510279735e-09,1.13702379648805e-08,0.000322458098196109
5110.36291611666,4200,-2944.29965713103,0.000623110795775564,4.65783218838922e-07,0.000623110795775564,8.5365607716205e-05
5209.07204411324,4030.32766971521,-2940.70078717537,0.000102749320246098,3.38980336697647e-07,6.56310807745346e-06,0.000102749320246098
4806.94725093296,4021.98100497082,-2943.91833889499,0.000120656665351123,6.98535817171908e-09,7.53200840935555e-05,0.000120656665351123
4910.45580280806,4200,-2946.63910222576,0.0055700716724595,1.0419936899437e-05,0.0055700716724595,0.000261590538105592
5007.2849515107,4019.10638139845,-2942.54961172939,9.01354868185245e-05,4.55934419007182e-07,6.30097960821107e-05,9.01354868185245e-05
4704.72440184765,4200,-2949.8694869957,0.00318366591057119,0.000112167062322173,0.00318366591057119,8.0320109706313e-05
6597.89713375558,2238.91291144113,-2874.65858111788,6.31567828749026e-05,3.48766349237348e-11,7.83030346714532e-10,6.31567828749026e-05
6800,2123.29714208956,-2871.27727916414,5.11279021878815e-05,1.13364279560633e-12,3.78584237620906e-10,5.11279021878815e-05
6800,2354.1547441356,-2883.38162973602,7.18118258465978e-05,6.86325717108753e-09,2.03039229542517e-08,7.18118258465978e-05
6604.26789321391,2470.71388305612,-2886.81683879303,0.000202851703866602,5.46578629608623e-08,7.26038457446948e-08,0.000202851703866602
6800,2585.02139957408,-2894.85138043097,8.82244144915256e-05,5.16945096091398e-09,8.1631221001143e-07,8.82244144915256e-05
6606.86869169267,2700.46748250494,-2896.06689714786,7.3199548679322e-05,3.1693206797528e-09,5.11996630813238e-08,7.3199548679322e-05
6800,2815.74948444289,-2899.52066796748,0.000453923020621947,7.96472390014728e-09,1.7294014672274e-08,0.000453923020621947
6618.27236089367,2925.63237747445,-2900.40572578315,2.51188790473455e-05,8.95927534167774e-10,5.17017841818407e-09,2.51188790473455e-05
6800,3046.40869311079,-2902.19744179948,0.000720489163425655,4.20733778019117e-08,5.7591321362401e-10,0.000720489163425655
6613.97511741825,3158.16041900412,-2903.89229921944,7.91352221972303e-05,4.48817203385819e-09,4.9120047082706e-08,7.91352221972303e-05
6800,3277.1450819983,-2906.82384040244,0.000975218555008406,1.89046599003024e-07,2.18780790183463e-08,0.000975218555008406
6625.75698396179,3392.53443870398,-2911.04510591671,1.95809724620854e-05,1.59153475758347e-10,1.28269771797974e-09,1.95809724620854e-05
6800,3507.99342168493,-2914.74594375716,0.00133478830402286,1.48292551049262e-10,2.23860368655257e-10,0.00133478830402286
6631.45251990132,3619.51155844497,-2919.87143576771,0.00016832124257154,6.4237577633527e-11,8.21936483428199e-12,0.00016832124257154
6800,3738.81723772291,-2921.80703476437,0.00137083859379737,2.48831109301906e-12,1.89273445426743e-12,0.00137083859379737
6639.56039811052,3832.06486658485,-2923.74422854831,2.15698732226599e-05,4.46449591284815e-11,1.48649996678905e-12,2.15698732226599e-05
6654.89855964821,4034.03307995433,-2935.39875074185,0.000247403700454825,0,1.54000845439898e-13,0.000247403700454825
6654.90337644173,4034.02157524919,-2924.14683963396,0.000179040961203346,4.03501600341955e-12,2.35933022371803e-13,0.000179040961203346
6800,3969.42689788533,-2933.4264985372,0.00235149409625266,0,7.52619094489258e-16,0.00235149409625266
6800,3969.41224794843,-2921.77142595689,0.00207421631810024,1.28850916349592e-13,1.38758522818858e-11,0.00207421631810024
6403.48492458647,2362.61994049754,-2878.16144211698,0.000152992279955568,8.25824752049697e-11,6.68450544665963e-11,0.000152992279955568
6403.4386981363,2362.71215519037,-2891.39220644343,9.2627945133446e-05,8.20720421189793e-11,1.14359022100557e-11,9.2627945133446e-05
5671.35291218241,3014.74746117238,-2904.19389288345,0.000739400002997772,4.62896929809398e-07,7.65167413201124e-07,0.000739400002997772
5671.39354606308,3014.72745836363,-2892.69341186075,0.000680096123802538,1.66449056535301e-08,2.34961094578476e-05,0.000680096123802538
5703.48845239208,3128.82041186589,-2891.74805266735,0.00221258489753402,6.92258087139657e-08,0.00221258489753402,0.000716541990628007
5703.42655840988,3128.83188267467,-2902.62898956562,0.000662080044322578,9.3837120119652e-07,0.000323615302100778,0.000662080044322578
5779.36830966012,2929.21866958697,-2890.11341548455,0.000606494179843092,3.10608294836453e-09,0.000339708126174304,0.000606494179843092
5779.32714449099,2929.2468871949,-2901.85654489788,0.000565257991907424,1.32011416789532e-08,1.46165830199211e-07,0.000565257991907424
5891.10567074707,2704.65780432438,-2888.75134591034,0.000548332378590595,7.51870503504499e-10,1.76625697630376e-08,0.000548332378590595
5891.0787550372,2704.72154344561,-2901.3423432198,0.000486452752525752,8.21297905207057e-10,3.15158948769868e-10,0.000486452752525752
5866.41652552253,2843.10765596964,-2899.83522080353,0.000517871995160023,5.6609444400668e-09,1.71482744490064e-08,0.000517871995160023
5866.45444503634,2843.06678546349,-2887.79476535586,0.000512799650331592,5.47829555958848e-09,1.60922926694787e-07,0.000512799650331592
6221.39335983427,2491.98923029009,-2894.91074039786,0.000315881802500077,2.01801417422212e-10,8.59394966025523e-11,0.000315881802500077
6221.4332565786,2491.90797952257,-2881.92605051468,0.000328451706017847,1.74223394842687e-10,4.25504254542984e-08,0.000328451706017847
6044.06510265739,2617.67729067395,-2885.56620315297,0.00049343566571887,3.66596729146658e-10,7.16825448681515e-10,0.00049343566571887
6044.03176789648,2617.74807874027,-2898.32091460417,0.000504264069159149,3.6518594872139e-10,7.74051154619512e-11,0.000504264069159149
6570.56912939287,4200,-2929.41381429248,0.00194418616537099,0,3.11219068855614e-16,0.00194418616537099
6570.58179678785,4200,-2918.75581255474,0.00169579720289957,1.19695774260551e-13,5.3488255069833e-14,0.00169579720289957
5709.26630920079,3238.97950278749,-2891.09952367394,0.000863244055282629,6.17870376790712e-07,0.000863244055282629,0.000527080033737343
5709.20620128152,3239.02236668901,-2901.84679503587,0.000592429769020124,5.14216322277566e-07,0.000287280856075705,0.000592429769020124
5612.20170913893,3301.88065541581,-2895.33915058755,0.0068361734292385,2.50236206387384e-05,0.0068361734292385,0.000827669978079092
6341.48532190884,4200,-2917.52835868196,0.00135987440385667,1.14420050327517e-12,7.54508661946532e-13,0.00135987440385667
6452.32602261981,3992.70041774635,-2923.37756225315,4.73423445644803e-05,5.83875380136797e-11,6.85639592395463e-12,4.73423445644803e-05
5607.71074320294,3405.31752179496,-2895.98493378739,0.0032606290631295,2.0511020647739e-05,0.0032606290631295,0.000749567946645271
5528.69159823667,3462.21187549377,-2900.24324132923,0.00607988100176304,2.06108578405577e-05,0.00607988100176304,0.000796366015014692
6123.14059546611,4200,-2918.54124129225,0.00108891594182361,9.07631811974323e-13,2.55703394386639e-12,0.00108891594182361
6217.34250653966,4017.39515667983,-2921.27170229955,0.000189285549671476,1.05078306803951e-10,1.23542922385568e-11,0.000189285549671476
5499.01356432718,3546.10859214898,-2913.88367895896,0.000376072968309913,3.1800554458584e-07,7.90434186877438e-06,0.000376072968309913
5499.0045452304,3546.09468164671,-2902.28207078289,0.000357976672453587,2.00178977279678e-07,1.71582240004047e-05,0.000357976672453587
5920.03465902338,4200,-2922.01891946774,0.000589027409740493,2.00224100532738e-12,1.71954144455341e-12,0.000589027409740493
6014.20072121935,4026.43425744696,-2922.20291884729,6.92188678951394e-05,1.52398358092822e-10,1.89592600415741e-11,6.92188678951394e-05
5448.20878218776,3636.93592993312,-2905.79309997955,0.000351934640814959,1.85103789958078e-08,3.06722575833227e-08,0.000351934640814959
5448.23371054989,3636.92065093021,-2917.70014595141,0.00013814414260623,2.04005553377833e-08,1.72052145967177e-08,0.00013814414260623
5809.44144225105,4036.39251453896,-2924.12791869888,6.27325836094353e-05,2.43250349341637e-10,6.98957703086395e-11,6.27325836094353e-05
5721.79383808789,4200,-2924.79631649841,0.000389195444278066,1.45172512987515e-11,3.61841465823482e-10,0.000389195444278066
5304.13745314559,3671.2296965205,-2926.54932476917,0.000388784222579197,1.26394721591603e-08,5.47954536051103e-09,0.000388784222579197
5304.09594353793,3671.2208027894,-2914.65831082457,0.000424058935919562,1.07330783393317e-08,1.28892142563341e-07,0.000424058935919562
5157.66304221903,3711.69276257796,-2935.63895406856,0.000418124509947754,1.10947234609927e-09,4.34695304102239e-08,0.000418124509947754
5157.6220255483,3711.6805161724,-2923.85890333503,0.000265374828506369,1.33515148896052e-09,3.12475799174422e-05,0.000265374828506369
5520.52823770571,4200,-2927.73330562418,0.000250236517115814,7.73341177160078e-09,6.62171303217979e-08,0.000250236517115814
5621.17477357463,4030.227747034,-2925.29758304016,8.20001915936381e-05,2.96039265600896e-10,2.53535162647207e-09,8.20001915936381e-05
5100.25106127168,3862.90448501643,-2927.45116351338,0.00024251921097539,6.92596808617854e-10,1.47475742727253e-07,0.00024251921097539
5100.28333088412,3862.97307985746,-2938.83343308778,0.000249668439780702,8.08880509259795e-09,2.35231435143842e-08,0.000249668439780702
5312.33112004117,4200,-2931.25585708485,0.000176424277391242,4.19524312856128e-07,0.000125568786964082,0.000176424277391242
5419.955257025,4021.3548730885,-2927.36922040418,9.61962085572071e-05,7.61336180777243e-09,1.06759588810553e-07,9.61962085572071e-05
5007.2851538565,4019.07432778585,-2932.10464654681,0.000107999606944075,1.52100498916154e-07,8.38243601876093e-05,0.000107999606944075
5110.36970059494,4200,-2934.47952980826,0.00142012721859741,2.41944833994891e-07,0.00142012721859741,3.22978612524937e-05
5209.05714797737,4030.29064209116,-2929.97903124821,0.000119843902290291,1.58457440223655e-07,1.74073097323468e-05,0.000119843902290291
4910.48309066071,4200,-2937.33927897436,0.00661401045576104,4.12491259544909e-05,0.00661401045576104,0.00026259999549523
6604.31926962339,2470.61774703107,-2873.70914212608,0.000200272065915936,1.8890068531949e-08,1.58767060140577e-07,0.000200272065915936
6800,2354.11922315794,-2870.02385897528,4.68349639453707e-05,1.06593670401945e-09,5.54419071639093e-09,4.68349639453707e-05
6800,2584.98175420588,-2881.87560194053,6.68389767383834e-05,2.93522166747075e-09,3.44319725609419e-06,6.68389767383834e-05
6606.91821351862,2700.39172033199,-2883.36074724147,0.000218910148338044,3.0880268097041e-09,1.05590598405191e-06,0.000218910148338044
6800,2815.72121941091,-2887.04675473365,0.00028603788046996,1.25433872821926e-08,1.80927119671193e-08,0.00028603788046996
6618.32656656844,2925.59668295323,-2888.44289296609,3.24185636865799e-05,1.10219019767522e-09,3.70653109401603e-09,3.24185636865799e-05
6800,3046.40217149194,-2890.42256489058,0.000597814127482629,4.20998641195127e-08,2.61394179517897e-09,0.000597814127482629
6614.03715871089,3158.11641081418,-2892.69547457064,3.97783547164775e-05,4.51689855597306e-09,1.03745229157543e-07,3.97783547164775e-05
6800,3277.13743899232,-2895.13721930758,0.000829573076863602,1.95801490608367e-07,4.75988298198864e-08,0.000829573076863602
6625.79342817996,3392.48688170659,-2899.4012930991,4.42309117377881e-05,2.23164138414241e-10,1.92576171048188e-09,4.42309117377881e-05
6800,3507.96872154191,-2902.63118912449,0.00114619993461395,4.35683030953491e-10,1.85161002880113e-10,0.00114619993461395
6631.46011568599,3619.4716461821,-2907.79135596472,0.000159961196886139,6.44739083694383e-11,1.09862477921186e-11,0.000159961196886139
6800,3738.78486969967,-2909.55134727102,0.00118686383563469,3.60928681774502e-12,3.76710252731303e-12,0.00118686383563469
6639.55983272983,3832.02329706466,-2911.93306089812,1.76774503637082e-05,4.45539499707838e-11,1.65985951317512e-12,1.76774503637082e-05
6654.90819323525,4034.01007054405,-2912.89492852607,2.71585612389735e-06,4.40562374615673e-12,1.78235021660289e-13,2.71585612389735e-06
6800,3969.39759801153,-2910.11635337658,0.00174674618983606,2.42479776176895e-13,5.12834263844557e-14,0.00174674618983606
6800,4200,-2909.97417698406,0.00362078894137591,3.50023748832653e-14,5.2410780618472e-15,0.00362078894137591
6800,4200,-2921.08692489628,0.00404945641581055,0,2.96244750841885e-16,0.00404945641581055
6411.05956700389,2588.47528382143,-2877.68764265209,0.000307457485617237,5.04387859101689e-10,1.83051198833081e-05,0.000307457485617237
6411.01476426209,2588.55929789441,-2890.56784608645,0.000272026988047505,6.79009130796991e-09,3.07752772364511e-09,0.000272026988047505
5810.36149688227,3045.94507103232,-2887.88038568582,0.000571220323541874,1.51994644418643e-07,1.12260031501994e-06,0.000571220323541874
5810.30393607079,3045.95246716008,-2899.08497210282,0.000523938857996534,4.89697512869619e-07,1.3884063645859e-05,0.000523938857996534
5809.16502700286,3163.54329892613,-2887.488929803,0.000584780785575272,5.98869852083521e-08,0.000351536709844174,0.000584780785575272
5809.10395873319,3163.57631819634,-2898.2570108965,0.000634803995932937,6.73355076284383e-08,0.000180567160903232,0.000634803995932937
5917.92672997832,2963.35588122793,-2885.28160304604,0.000511671094306312,3.93116902441026e-09,1.17824499977431e-09,0.000511671094306312
5917.86754645796,2963.3677027002,-2896.7063168927,0.000517127219639121,2.73209132008163e-09,6.2196084647344e-08,0.000517127219639121
6033.16242284247,2826.1761852608,-2883.41202366914,0.000465710323469376,1.04967601551422e-09,8.6750043064377e-09,0.000465710323469376
6033.12061750019,2826.2116135977,-2895.37876872329,0.000462805020590682,9.83834018664892e-10,6.85008835745143e-10,0.000462805020590682
6223.88223191335,2712.60229606613,-2880.10497738,0.00036888190916865,3.64039218188065e-10,9.07188363693379e-09,0.00036888190916865
6223.84222891695,2712.6665910995,-2892.65034266219,0.000366202790954563,2.86246605029623e-10,2.58352234807325e-10,0.000366202790954563
6570.59446860084,4200,-2908.09781081701,0.0013694017847776,2.09175499856344e-13,2.09337561954828e-13,0.0013694017847776
5801.13017148046,3292.78434298426,-2887.06322280087,0.000527250723790172,5.4241376170976e-08,0.000277222288316948,0.000527250723790172
5801.07506507573,3292.83831416248,-2897.94257393493,0.000466785254329688,3.87736845909786e-08,2.35358587854794e-05,0.000466785254329688
5714.42988498568,3348.59265625572,-2901.78513066379,0.000424169244764232,5.12134424085717e-07,1.49419783399353e-05,0.000424169244764232
5714.46936282987,3348.54520946602,-2890.72868400238,0.00050372526738483,5.39291252991333e-07,2.63412615996744e-05,0.00050372526738483
6341.50743703126,4200,-2907.25920710873,0.00109647185606289,1.42782569388139e-12,8.40915296268645e-13,0.00109647185606289
6452.33310905165,3992.69022500697,-2912.24389917455,1.87699617764216e-05,5.83379143958752e-11,8.04003534132448e-12,1.87699617764216e-05
5701.85414893849,3448.11630313194,-2903.08058392118,0.000579802371441079,1.04627365452641e-07,1.73956193661069e-07,0.000579802371441079
5701.87395241774,3448.08171864841,-2891.75320877912,0.000432976498868984,1.0744829027063e-07,8.18438573646684e-07,0.000432976498868984
5621.84058729217,3534.03440413079,-2907.20461216493,0.000361471327273924,7.12178155595959e-08,3.08457534645523e-06,0.000361471327273924
5621.83684303415,3534.01404252186,-2895.6004352768,0.000425198970947443,3.65297440268336e-07,5.12654263495381e-06,0.000425198970947443
6123.16277186453,4200,-2908.435714667,0.000859733130503466,1.26005418465236e-12,1.90117271608824e-12,0.000859733130503466
6217.35733032016,4017.39792578886,-2910.500468909,0.000139185033042784,1.07532188365211e-10,1.23294690510054e-11,0.000139185033042784
5573.34186709484,3632.40766285266,-2910.68645171574,0.000294244015682188,2.11675659481315e-08,1.88675605439564e-08,0.000294244015682188
5573.30764225592,3632.4238302444,-2898.76802641991,0.0003772424331677,1.91418850993419e-08,3.29789801698487e-08,0.0003772424331677
5920.04409147757,4200,-2911.81958958172,0.000455389994899523,2.74134970645005e-12,2.49841438675047e-12,0.000455389994899523
6014.20626498294,4026.42615275252,-2911.37966701739,6.15875293400565e-05,1.58462923093957e-10,2.06265898058109e-11,6.15875293400565e-05
5518.41145210961,3713.85871632781,-2901.98246408488,0.000234259843049852,6.62907652132605e-09,3.49149372714887e-09,0.000234259843049852
5518.46098170309,3713.89273140569,-2913.99142160696,0.000483712347844328,6.31749907187013e-09,2.96197177226147e-09,0.000483712347844328
5415.86346612559,3741.20060139883,-2920.257060847,0.0002161358044152,3.0719647158927e-09,2.8678784867371e-09,0.0002161358044152
5415.81956923217,3741.19049081494,-2908.28848453692,0.000106545291770799,3.91602240273005e-09,1.87851948146249e-08,0.000106545291770799
5809.43470704765,4036.37296477979,-2913.25093337327,6.94042390427393e-05,2.59130109545526e-10,5.08917618955559e-11,6.94042390427393e-05
5721.79657525398,4200,-2914.59179187201,0.000281367414466378,3.72959725403768e-11,2.17358152770558e-10,0.000281367414466378
5309.50413552134,3851.61484812048,-2925.91113801305,0.000203210097047168,4.02127096471213e-09,3.93617718092241e-08,0.000203210097047168
5309.46068582607,3851.54553462647,-2914.34505638927,0.000291826050116989,1.68316007150418e-09,3.79749779375136e-05,0.000291826050116989
5520.52673392394,4200,-2917.56291780662,0.000176384805460929,7.06201812703142e-09,6.47588075274127e-08,0.000176384805460929
5621.16004791827,4030.19847087149,-2914.38543159932,8.31926184811924e-05,4.08405259518807e-10,2.99909494585363e-09,8.31926184811924e-05
5209.0422518415,4030.2536144671,-2919.25727532105,0.000137637416318592,4.89093012968215e-08,1.39966332193844e-05,0.000137637416318592
5312.3312398314,4200,-2921.21488523226,0.000323954068697837,4.38088664978334e-09,0.000323954068697837,0.000157838818306849
5419.93624871878,4021.31807300973,-2916.46443650521,0.000107961815670823,7.84931880825637e-10,3.95250183541569e-07,0.000107961815670823
5110.37649293719,4200,-2924.65940248549,0.00260713381530407,4.36708077814165e-06,0.00260713381530407,5.57083532984673e-06
6606.96773534457,2700.31595815904,-2870.65459733508,0.000201009198218082,7.75906957407391e-09,2.70111235809615e-05,0.000201009198218082
6800,2584.94210883768,-2868.8998234501,0.00023331654204392,2.38590856771145e-10,0.00023331654204392,2.35166597927381e-05
6800,2815.69295437893,-2874.57284149982,7.76360821896331e-05,1.48001096399054e-08,5.49607052144577e-08,7.76360821896331e-05
6618.38077224321,2925.560988432,-2876.48006014904,7.06219930904203e-05,9.23252836023832e-10,6.92878004738567e-09,7.06219930904203e-05
6800,3046.39564987308,-2878.64768798167,0.000482970541688809,3.77133928540635e-08,1.48577110437238e-08,0.000482970541688809
6614.09920000354,3158.07240262423,-2881.49864992185,2.68320213744413e-05,6.1467899994471e-09,1.46049953095999e-07,2.68320213744413e-05
6800,3277.12979598634,-2883.45059821273,0.00070457044832332,1.94548593222226e-07,5.22301213186961e-08,0.00070457044832332
6625.82987239814,3392.43932470921,-2887.75748028149,5.61286682692283e-05,3.1903731896926e-10,2.45774798258022e-09,5.61286682692283e-05
6800,3507.9440213989,-2890.51643449181,0.000974506358614635,6.85132078405277e-10,9.55822880301901e-11,0.000974506358614635
6631.46771147066,3619.43173391923,-2895.71127616173,0.000150631030817787,6.61977550589846e-11,1.53273516608789e-11,0.000150631030817787
6800,3738.75250167643,-2897.29565977768,0.00103271898999232,8.55086693397022e-13,5.0197241277623e-12,0.00103271898999232
6639.55926734915,3831.98172754446,-2900.12189324792,5.32024687680591e-05,4.43797639151123e-11,1.81331482248139e-12,5.32024687680591e-05
6654.91301002877,4033.99856583891,-2901.64301741818,0.000109939545453898,4.68492572510912e-12,1.48825756196414e-13,0.000109939545453898
6800,3969.38294807463,-2898.46128079627,0.00148794524507013,3.64625629842361e-13,7.2450906359084e-14,0.00148794524507013
6800,4200,-2898.86142907184,0.00306865233814434,6.81170578963934e-14,1.90826422545334e-14,0.00306865233814434
6425.32639344901,2812.91070103429,-2885.07247477186,0.000302183199562708,2.83623150437e-10,2.22851166710459e-09,0.000302183199562708
6425.37444584649,2812.86158708265,-2872.8478356721,0.000306256934847222,3.45063705536594e-10,4.66476996337948e-08,0.000306256934847222
5946.98293885948,3114.45242787486,-2882.59562363772,0.000512919560433911,6.39525846030164e-08,6.07950526267164e-05,0.000512919560433911
5946.90188803146,3114.42999402154,-2893.3400629519,0.000550773002645439,1.33456138029376e-07,2.45524635110362e-07,0.000550773002645439
5894.72472745425,3231.8426973554,-2894.47881325036,0.000623971224677605,3.22858779182433e-07,0.000234104794714395,0.000623971224677605
5894.79793781493,3231.80744253631,-2883.81629334479,0.00127168247577107,2.12571722979016e-08,0.00127168247577107,0.000559836571597794
5899.38284816871,3332.50532301059,-2893.36998773066,0.000344405729380471,1.05325324748924e-07,2.2527954168903e-05,0.000344405729380471
5899.43592731278,3332.45472574282,-2882.40717478029,0.00035735806304704,1.62676757848131e-08,3.8820886772106e-05,0.00035735806304704
6088.69609301951,3057.19471195197,-2878.5176254199,0.000450175958513512,3.99764839796177e-08,0.000198638047707576,0.000450175958513512
6088.6418815791,3057.18168444294,-2889.50793060259,0.000466351212407676,1.76001658947194e-09,2.01156223603737e-05,0.000466351212407676
6245.36332568433,2942.54803681776,-2887.08601749154,5.61345103269589e-05,1.28049100322273e-08,4.26500570675856e-07,5.61345103269589e-05
6245.41335968243,2942.52961196837,-2875.47691507783,6.40708224397708e-05,2.32782216197615e-08,4.76931178605364e-05,6.40708224397708e-05
6570.60714041389,4200,-2897.43980907927,0.00110961401000241,2.93172509967355e-13,4.30031476683462e-13,0.00110961401000241
5827.12785735753,3417.78731124452,-2896.95731855002,0.000346758237071862,1.04701132149946e-06,0.000224920153323561,0.000346758237071862
5827.1602874875,3417.74505283193,-2885.74797428282,0.00146233637172674,1.30596363013601e-08,0.00146233637172674,0.000210735109684359
6341.52955215377,4200,-2896.99005553551,0.000877302050761327,1.4293831349482e-12,8.52731519287957e-12,0.000877302050761327
6452.3401954835,3992.6800322676,-2901.11023609596,5.31921489033226e-06,5.85062953321931e-11,8.05929813217407e-12,5.31921489033226e-06
5756.83376595568,3547.89284378441,-2888.42843190771,0.000657911112828711,1.06929941448584e-07,6.32288510603269e-05,0.000657911112828711
5756.8380735689,3547.91377960874,-2900.08119161972,0.000661549293129873,2.36965697379027e-08,1.28497543300202e-05,0.000661549293129873
5665.35301240774,3628.524499455,-2905.59192353765,0.000348683022314912,1.50289722206419e-08,4.45294895684104e-09,0.000348683022314912
5665.32962971526,3628.52409566395,-2893.70926122027,0.000181634909105255,1.38259800682324e-08,2.9142869626422e-08,0.000181634909105255
6123.18494826306,4200,-2898.33018804174,0.000665404721547049,1.78202260347095e-12,1.47299987970978e-12,0.000665404721547049
6217.37215410065,4017.40069489788,-2899.72923551845,0.000101998525681556,1.10255988680078e-10,1.20473284729789e-11,0.000101998525681556
5627.99090171396,3752.23877333448,-2907.52158915892,0.000287088856474232,3.14817722046797e-09,1.92442262381749e-09,0.000287088856474232
5627.95147778592,3752.21139633366,-2895.54520837146,0.000151558611151121,3.39116413302181e-09,2.45819295972445e-09,0.000151558611151121
5920.05352393182,4200,-2901.6202596957,0.000360090693402662,3.92175513848926e-12,4.26269315921339e-12,0.000360090693402662
6014.21180874653,4026.41804805809,-2900.55641518749,6.19025384793224e-05,1.64277035255008e-10,2.27734998064589e-11,6.19025384793224e-05
5507.94679229736,3868.66805700845,-2901.69324956066,0.000264901133950417,9.77971382599817e-10,3.85197685578154e-10,0.000264901133950417
5507.98847376341,3868.72957677273,-2913.25227581695,0.000269475084425888,9.46431236261041e-10,1.22698569752215e-09,0.000269475084425888
5809.42797184425,4036.35341502062,-2902.37394804767,8.34502341561383e-05,2.83923282662106e-10,5.30332563269044e-11,8.34502341561383e-05
5721.79931242009,4200,-2904.3872672456,0.000200641723374697,4.27009098722565e-11,2.35777901698628e-10,0.000200641723374697
5419.91724041256,4021.28127293096,-2905.55965260624,0.000122232946632683,6.0849631758773e-10,2.22788684724137e-07,0.000122232946632683
5520.52523014218,4200,-2907.39252998907,0.000136037368178334,4.8741911917427e-09,1.2179147047266e-07,0.000136037368178334
5621.1453222619,4030.16919470898,-2903.47328015849,9.97690200706826e-05,2.80464977608025e-10,1.18134477785145e-09,9.97690200706826e-05
5312.33136654493,4200,-2911.17391337968,0.000542954223169215,1.6885645661892e-07,0.000542954223169215,7.88917540626183e-05
6618.43497791798,2925.52529391077,-2864.51722733198,0.000123778457918324,4.93486364060871e-11,6.08227290980395e-12,0.000123778457918324
6800,2815.66468934695,-2862.098928266,3.71474125441253e-05,2.30410945778455e-09,8.78348676341537e-09,3.71474125441253e-05
6800,3046.38912825423,-2866.87281107277,0.000375820283514188,2.66409540902418e-08,1.31048369967106e-07,0.000375820283514188
6614.16124129618,3158.02839443429,-2870.30182527306,4.5315974983295e-05,2.50287099271105e-08,2.95559836766252e-07,4.5315974983295e-05
6800,3277.12215298036,-2871.76397711787,0.000597583554333468,1.79122748404399e-07,7.75625644412986e-08,0.000597583554333468
6625.86631661631,3392.39176771182,-2876.11366746388,4.74984584028437e-05,4.34402672047119e-10,2.51243919858016e-09,4.74984584028437e-05
6800,3507.91932125588,-2878.40167985914,0.000806205709357512,1.14699827641834e-09,4.19742978702683e-12,0.000806205709357512
6631.47530725533,3619.39182165635,-2883.63119635874,0.000134326205538948,6.76894173193143e-11,2.25147793235938e-11,0.000134326205538948
6800,3738.72013365318,-2885.03997228434,0.000892458790941177,3.30393413663416e-12,5.57030608828433e-12,0.000892458790941177
6639.55870196846,3831.94015802427,-2888.31072559773,8.45949115496754e-05,4.48980670129033e-11,1.90941319914151e-12,8.45949115496754e-05
6654.91782682229,4033.98706113377,-2890.39110631029,0.000176962896436303,4.83527936289759e-12,2.67174026611119e-13,0.000176962896436303
6800,3969.36829813772,-2886.80620821596,0.00127228423242151,4.77952695635826e-13,8.76322281294621e-14,0.00127228423242151
6800,4200,-2887.74868115962,0.00261128165479093,1.38207445762433e-13,4.15402252665688e-14,0.00261128165479093
5960.31929462194,3419.82721564645,-2890.77599488411,0.000438986538473343,1.59083793641465e-08,7.58229999244262e-07,0.000438986538473343
5960.36185894418,3419.7807571137,-2879.63986389053,0.000399299437645071,5.07469321408443e-09,0.00021515496507072,0.000399299437645071
6433.34748543314,3039.7254115715,-2879.04968675268,0.000255595979818147,4.3491250651714e-08,1.72971384703096e-07,0.000255595979818147
6433.40289130609,3039.71819455729,-2867.6585320425,0.000211173740275682,2.32904306832059e-08,2.07879813103766e-07,0.000211173740275682
6054.71254452472,3275.07915310218,-2877.01569288855,0.000388070804520799,5.72472605410011e-08,2.90178069923492e-05,0.000388070804520799
6054.64493334073,3275.13830814317,-2887.72274745549,0.000372349847694941,1.14455708527815e-07,3.37597934355875e-07,0.000372349847694941
6248.14137535522,3157.44313544342,-2871.70189473847,0.00175508050494844,3.64750414627179e-09,0.00175508050494844,0.000169060457233293
6248.09453704375,3157.48491140945,-2882.51733799903,0.000184275820193721,3.92004772011474e-07,0.000184275820193721,9.09081735930624e-05
6570.61981222699,4200,-2886.78180734153,0.000896555188528544,3.50888059248113e-13,7.05491382747279e-13,0.000896555188528544
5929.32019609078,3539.31122593611,-2880.07954717708,0.000589694908077485,1.87742282225653e-07,4.21323713688931e-05,0.000589694908077485
5929.30965091569,3539.34122995064,-2891.59183793698,0.000680295058979323,4.33240725475108e-07,1.80608058291362e-06,0.000680295058979323
6341.55166727639,4200,-2886.72090396228,0.000686940437610995,1.21344853829759e-12,5.0255647706697e-13,0.000686940437610995
6452.34728191535,3992.66983952822,-2889.97657301736,2.0646894519897e-05,5.96215256502558e-11,8.24148272626819e-12,2.0646894519897e-05
5794.66190556384,3710.66072559051,-2886.47562567098,0.0004430411134606,3.67052508277361e-09,1.25721469181507e-07,0.0004430411134606
5794.69667007859,3710.70407032889,-2898.39831109128,0.00029336020536536,5.85221237518952e-09,1.57053025623483e-09,0.00029336020536536
6123.20712466169,4200,-2888.22466141649,0.000491727624149081,2.3492153528779e-12,1.81464439630064e-12,0.000491727624149081
6217.38697788115,4017.4034640069,-2888.95800212791,6.99913745242501e-05,1.12835600770787e-10,7.2227988377258e-12,6.99913745242501e-05
5704.80857569396,3889.8293233575,-2889.30299599383,0.000207681731239221,9.86250903320669e-10,5.35733698402258e-10,0.000207681731239221
5704.8397140163,3889.87937294653,-2900.76719478719,0.00018978272905221,1.06516541367576e-09,5.68652124202377e-10,0.00018978272905221
5920.06295638612,4200,-2891.42092980968,0.000305298057419124,5.06454548528219e-12,7.40102324798027e-12,0.000305298057419124
6014.21735251012,4026.40994336366,-2889.73316335759,6.66711219761893e-05,1.69428369575417e-10,2.20893329903548e-11,6.66711219761893e-05
5621.13059660554,4030.13991854647,-2892.56112871765,0.000113386705084813,2.47216878685666e-10,3.52107940906074e-09,0.000113386705084813
5809.42123664085,4036.33386526144,-2891.49696272207,9.918046168826e-05,3.04957545251455e-10,1.29338233438868e-10,9.918046168826e-05
5721.80204958623,4200,-2894.18274261919,0.000142187722866408,3.8215500441937e-11,3.15006154719566e-10,0.000142187722866408
5520.52373231397,4200,-2897.22214217151,4.67691344803832e-05,4.88302290369408e-10,1.27734717680866e-06,4.67691344803832e-05
6614.22328258883,3157.98438624434,-2859.10500062427,0.000163594865459854,1.70635139793096e-09,0.000163594865459854,0.000116055724604126
6800,3046.38260663537,-2855.09793416386,0.000116330066994731,7.06233047219944e-09,2.87465680470986e-07,0.000116330066994731
6800,3277.11450997438,-2860.07735602301,0.000520648371054784,1.41384937996871e-07,2.76519110033044e-07,0.000520648371054784
6625.90276083448,3392.34421071444,-2864.46985464626,5.67064507983074e-06,3.89543773846422e-10,2.48778162340424e-09,5.67064507983074e-06
6800,3507.89462111286,-2866.28692522646,0.000625793655124207,1.43580734456733e-09,3.69145473654594e-11,0.000625793655124207
6631.48290304001,3619.35190939348,-2871.55111655575,0.000100899267020767,7.82151303595387e-11,2.86336387539497e-12,0.000100899267020767
6800,3738.68776562994,-2872.78428479099,0.000750674395002845,2.10021637933388e-12,4.37653846223654e-12,0.000750674395002845
6639.55813658778,3831.89858850407,-2876.49955794754,0.000107608235066555,4.57599873678036e-11,1.83353248849833e-12,0.000107608235066555
6654.92264361581,4033.97555642862,-2879.1391952024,0.000216014545859182,4.82566727536729e-12,9.01407041042278e-14,0.000216014545859182
6800,3969.35364820082,-2875.15113563564,0.00108053242070723,5.40552758412694e-13,1.07040685751215e-13,0.00108053242070723
6800,4200,-2876.6359332474,0.00221259710686718,1.87903273502816e-13,8.45695162312687e-14,0.00221259710686718
6098.47489663176,3491.57459925338,-2872.67773105403,0.000389267196902559,2.12782748784499e-09,3.59549607557451e-08,0.000389267196902559
6098.44360505488,3491.61375789044,-2883.96179532753,0.000379553811544348,1.96053987349271e-09,2.34025299051172e-09,0.000379553811544348
6428.13427206151,3272.42459853387,-2874.116918066,0.000178532530151123,9.74962574132159e-10,1.73235580100916e-07,0.000178532530151123
6428.17995724998,3272.3722595281,-2862.97539086162,0.000108289409345661,1.63120474361964e-09,4.36317774033917e-08,0.000108289409345661
6258.38524546685,3381.93709850406,-2867.51931065098,0.000230717795581801,4.37461460131875e-09,1.44979977742925e-08,0.000230717795581801
6258.34508615971,3381.98409290368,-2878.70674462951,0.000154273275247145,1.09173022189896e-08,1.25951717639298e-08,0.000154273275247145
6570.63248404014,4200,-2876.1238056038,0.000715931132533553,4.08238445214841e-13,2.03587041929512e-12,0.000715931132533553
6010.21774699245,3681.01419822303,-2886.95577477132,0.000224251359707041,1.8141462367722e-09,5.84109455963404e-10,0.000224251359707041
6010.19770932219,3680.97999793938,-2875.15074585859,0.000216492330840379,1.99845866704271e-09,8.59806223315955e-10,0.000216492330840379
6341.5737823991,4200,-2876.45175238906,0.000510713245987996,1.06815310552508e-12,1.1744129742484e-12,0.000510713245987996
6452.35436834719,3992.65964678885,-2878.84290993876,3.69287004060109e-05,6.22819320260221e-11,7.0369569841282e-12,3.69287004060109e-05
5912.5094535832,3858.66795790016,-2877.62967316356,0.000100169337567484,1.21172082402857e-09,1.80641586563193e-10,0.000100169337567484
5912.53167170386,3858.71058472194,-2889.09733522713,7.58391776853348e-05,1.08599065265163e-09,1.81625426166668e-10,7.58391776853348e-05
6123.22930106043,4200,-2878.11913479124,0.000321227532632043,2.91846734431683e-12,2.39971496697268e-12,0.000321227532632043
6217.40180166164,4017.40623311592,-2878.18676873736,3.18040352412401e-05,1.12900173052973e-10,7.3560271341687e-10,3.18040352412401e-05
5809.41450143745,4036.31431550227,-2880.61997739647,0.000108968401886195,3.18774465485873e-10,1.79543234849869e-10,0.000108968401886195
5920.07238884048,4200,-2881.22159992367,0.000302584755341031,6.17848847683941e-12,1.68301967213461e-11,0.000302584755341031
6014.22289627371,4026.40183866923,-2878.90991152769,7.36457104922102e-05,1.73642692845849e-10,2.01391998304861e-11,7.36457104922102e-05
5721.80479176858,4200,-2883.97821799278,5.32684445484039e-05,2.00562257121109e-11,5.6651350371293e-09,5.32684445484039e-05
6625.93920505266,3392.29665371706,-2852.82604182865,8.74237218530007e-05,9.25025900685745e-11,6.7850791439551e-09,8.74237218530007e-05
6800,3277.10686696841,-2848.39073492816,0.000207857968585101,6.81436122148566e-08,9.22924471281685e-06,0.000207857968585101
6800,3507.86992096984,-2854.17217059379,0.000413049909488615,1.26777511793171e-09,2.09477600622186e-12,0.000413049909488615
6631.49049882468,3619.31199713061,-2859.47103675276,3.43902476295177e-05,8.26345683510117e-11,1.56390354484903e-12,3.43902476295177e-05
6800,3738.6553976067,-2860.52859729765,0.000589095101048028,1.33676082175931e-12,1.30394014970823e-12,0.000589095101048028
6639.5575712071,3831.85701898387,-2864.68839029735,0.000114765129097715,4.67358967608801e-11,1.3873445080445e-11,0.000114765129097715
6654.92746040933,4033.96405172348,-2867.88728409451,0.000229052748548081,4.67093961510452e-12,1.0797958162277e-13,0.000229052748548081
6800,3969.33899826392,-2863.49606305533,0.000895322323807418,5.90261769492383e-13,1.10351746277101e-13,0.000895322323807418
6800,4200,-2865.52318533518,0.00184657972845273,2.1443758151489e-13,1.1366141812026e-13,0.00184657972845273
6157.74078190995,3694.19153039407,-2867.62586809886,0.000201098842758536,1.02062559815549e-09,5.96438967786003e-08,0.000201098842758536
6157.74388612111,3694.23048850795,-2879.35400914616,0.000157865847524147,8.8528303187231e-10,1.20128113069669e-08,0.000157865847524147
6294.43212802387,3599.83450904778,-2862.47708530022,0.000368054066134492,5.02779520813645e-10,0.000146240287804065,0.000368054066134492
6294.42114564855,3599.867026772,-2874.20608142576,0.000384381491822897,1.13483867894662e-08,9.19650145889119e-08,0.000384381491822897
6454.33362968311,3501.46006568659,-2857.47438455715,3.8278437837041e-05,2.91768977383453e-10,2.01460961393334e-09,3.8278437837041e-05
6454.30904162045,3501.50031679736,-2869.13929202188,3.39817311052526e-05,3.94141095204078e-10,1.76996734558414e-09,3.39817311052526e-05
6570.64515585335,4200,-2865.46580386606,0.000555423553921309,4.14463785604423e-13,4.57044251802966e-11,0.000555423553921309
6093.76066891591,3843.19139195618,-2878.89710471555,0.000107679796012711,6.05110907671441e-10,8.16470584734922e-11,0.000107679796012711
6093.75710601664,3843.16070387812,-2867.53696334377,0.00016488007456381,6.12635368238988e-10,8.94515645192038e-11,0.00016488007456381
6341.59589752191,4200,-2866.18260081583,0.000331455407764712,1.1966703782841e-12,1.28163441866224e-12,0.000331455407764712
6452.36145477904,3992.64945404947,-2867.70924686016,5.66215450782132e-05,6.57425554911162e-11,3.93932683757847e-12,5.66215450782132e-05
6014.2284400373,4026.39373397479,-2868.08665969779,8.9754791484202e-05,1.76686390169572e-10,2.41928817264766e-11,8.9754791484202e-05
6123.25147745928,4200,-2868.01360816599,0.000124145654281321,3.38034539513186e-12,3.23002720534411e-12,0.000124145654281321
6217.41662544214,4017.40900222494,-2867.41553534681,3.71630601389845e-05,1.11752098851496e-10,1.15461616508046e-11,3.71630601389845e-05
5920.08182538775,4200,-2871.02227003765,0.000140008183898725,7.9921968082168e-12,1.79575534832121e-11,0.000140008183898725
6631.49809460935,3619.27208486774,-2847.39095694977,6.54603755319542e-05,7.26544638164203e-11,1.71903803018801e-07,6.54603755319542e-05
6800,3507.84522082682,-2842.05741596111,8.42123784285674e-05,5.35390097991186e-10,1.5372770922794e-09,8.42123784285674e-05
6800,3738.62302958345,-2848.2729098043,0.000381567310503932,1.38626135253424e-12,2.80668310803546e-12,0.000381567310503932
6639.55700582641,3831.81544946368,-2852.87722264715,9.43131706312305e-05,4.70720496721544e-11,3.70379116886952e-13,9.43131706312305e-05
6654.93227720285,4033.95254701834,-2856.63537298662,0.000209937115057544,4.47618665160617e-12,1.23350082282235e-13,0.000209937115057544
6800,3969.32434832702,-2851.84099047502,0.00069987882813182,6.92248398019925e-13,2.15108559339402e-13,0.00069987882813182
6800,4200,-2854.41043742296,0.00149113530563042,2.19353895924842e-13,1.6398672027515e-13,0.00149113530563042
6283.29772968121,3803.68527490363,-2858.92032144117,0.000145837871993016,7.7535353610452e-10,3.37416955209693e-07,0.000145837871993016
6283.29744753939,3803.72222562269,-2870.49880731039,0.000211497020007661,4.60543739700441e-09,1.56548176674595e-10,0.000211497020007661
6469.62509841538,3731.01258296169,-2852.12057850697,0.000113713733764429,1.18246363982687e-09,7.23974455449328e-05,0.000113713733764429
6469.62585974313,3731.06351472128,-2864.03827715351,1.18688729936326e-05,1.90757758127477e-09,3.60831970423895e-09,1.18688729936326e-05
6570.65782766661,4200,-2854.80780212833,0.000403451243641282,4.26503107752723e-13,2.28726906012301e-13,0.000403451243641282
6217.43144922264,4017.41177133397,-2856.64430195626,3.81213869230026e-05,9.79304339352809e-11,3.51676032453996e-11,3.81213869230026e-05
6341.61801264482,4200,-2855.91344924261,0.000125040652042221,1.46762963831438e-12,9.72238459188314e-13,0.000125040652042221
6452.36854121089,3992.6392613101,-2856.57558378156,8.56835557992352e-05,6.62381495769294e-11,4.78475706707063e-11,8.56835557992352e-05
6123.273657005,4200,-2857.90808154074,2.84251384182082e-05,3.78979409755654e-12,4.26514376724227e-12,2.84251384182082e-05
6639.55644044573,3831.77387994348,-2841.06605499696,4.12650621913854e-06,4.59959906235464e-11,1.13541320111004e-11,4.12650621913854e-06
6800,3738.59066156021,-2836.01722231096,2.24014434597935e-05,1.44357531991897e-12,1.47183451933666e-11,2.24014434597935e-05
6654.93709399637,4033.9410423132,-2845.38346187873,0.000146040056534127,4.40328264893661e-12,3.47540580264043e-13,0.000146040056534127
6800,3969.30969839012,-2840.18591789471,0.000481853971665873,7.36195325077629e-13,1.96657114445909e-13,0.000481853971665873
6800,4200,-2843.29768951073,0.00112509526817756,2.00859418461626e-13,2.1972944212786e-13,0.00112509526817756
6452.37562764273,3992.62906857072,-2845.44192070296,2.57524310096263e-05,5.91923828866033e-11,2.11369318538273e-11,2.57524310096263e-05
6570.67049947993,4200,-2844.14980039059,0.000250714252280385,4.57621015522796e-13,3.04744327594887e-13,0.000250714252280385
6341.64012989897,4200,-2845.64429766938,6.1223828748484e-05,1.49496918161759e-12,5.0959317495625e-12,6.1223828748484e-05
6654.94191078988,4033.92953760806,-2834.13155077084,4.14627697459936e-05,4.70577660983939e-12,3.10065519080786e-05,4.14627697459936e-05
6800,3969.29504845322,-2828.5308453144,0.000102138192020278,7.35729568630429e-13,3.63029837466912e-13,0.000102138192020278
6800,4200,-2832.18494159851,0.000726750998568819,2.0092320463901e-13,2.68711084531559e-13,0.000726750998568819
6570.68317235958,4200,-2833.49179865285,4.38603246105301e-05,5.42413813024468e-13,6.1806938296113e-13,4.38603246105301e-05
6800,4200,-2821.07219368629,0.000153161978238025,2.25154381742157e-13,3.90622665742275e-13,0.000153161978238025
4167.4031812702,1650.16282615337,-3016.78497913297,0.000351792627380978,3.05030745939769e-08,7.48481168743981e-08,0.000351792627380978
4322.93737973453,1566.30161615936,-3015.10009607777,0.000227802904794413,1.34601766834708e-08,1.57875737684687e-08,0.000227802904794413
4167.37905296982,1650.14694906615,-3003.00958996078,0.000330857019466529,2.43337429833076e-08,8.31311052665514e-08,0.000330857019466529
4322.93886150217,1566.2928913345,-3001.16425348231,0.000221119692912236,8.9345225975447e-09,2.81058754423882e-08,0.000221119692912236
4185.37157741762,1878.90630244164,-3015.01965934103,0.00035131650155261,2.41114203882546e-08,1.06863071789779e-08,0.00035131650155261
4200.18395702784,2107.61869145183,-3013.37964201394,0.000608897998097725,2.42399925309707e-08,7.69775596609464e-09,0.000608897998097725
4360.81585194757,1752.63337754372,-3013.73520396263,0.00032117378181798,6.75164352457877e-09,5.79378770333136e-09,0.00032117378181798
4509.45577855364,1583.61963960063,-3013.83390604725,0.000132755012776049,2.05279599583613e-08,3.57414146919184e-08,0.000132755012776049
4197.12604310989,2345.47575328464,-3016.80540094089,0.000329448710750003,2.42473431037852e-08,1.16418640568615e-08,0.000329448710750003
4167.35492466943,1650.13107197893,-2989.23420078859,0.000312917368889049,2.15732626128336e-08,7.92617371555991e-08,0.000312917368889049
4322.94034326981,1566.28416650964,-2987.22841088686,0.000209545793137141,5.44062064198483e-09,6.00923109138131e-08,0.000209545793137141
4185.35308698677,1878.89814839721,-3001.79947971987,0.000307013626051664,2.16254997008682e-08,8.39191321222537e-09,0.000307013626051664
4200.17080262988,2107.61416496465,-3000.70597789821,0.000523352659479187,2.3981719867608e-08,7.17928728601876e-09,0.000523352659479187
4360.81630369721,1752.6103551443,-3000.06657531472,0.000296090517700757,5.95280760011012e-09,1.31607380803598e-08,0.000296090517700757
4509.46167307374,1583.60060747628,-2999.71309122313,0.000155660155712226,4.08967515708622e-09,5.0245579217001e-08,0.000155660155712226
4385.3784754355,1991.67084583638,-3011.39314832437,0.000397313958545923,1.6391918519453e-09,1.46391741456966e-09,0.000397313958545923
4394.96828550531,2228.43337584576,-3011.21850412082,0.000599800307178524,1.50231692520767e-10,3.21568095247479e-10,0.000599800307178524
4602.2154513388,1848.16444328226,-3011.02337039777,0.000153787965835203,2.57170870089603e-06,6.80474930513084e-08,0.000153787965835203
4744.52146613879,1604.61327375482,-3011.90027114178,0.000142428906394181,3.05515610685961e-08,4.4053830497758e-08,0.000142428906394181
4197.1126926493,2345.48641194575,-3004.34408165567,0.000294214543691393,2.48306136072404e-08,1.09807737430396e-08,0.000294214543691393
4386.92837086808,2468.43429876786,-3015.39156936332,0.000465634187960464,1.34586757815941e-10,8.81644874711778e-11,0.000465634187960464
4189.46441499139,2577.66072870567,-3021.65925030548,0.00018541496232724,1.22782952737509e-08,1.39988858943525e-08,0.00018541496232724
4167.33079636905,1650.11519489172,-2975.4588116164,0.000293461035589555,1.89818786201673e-08,8.04703623614494e-08,0.000293461035589555
4322.94182503745,1566.27544168477,-2973.2925682914,0.000190759327229516,2.62832320681772e-09,3.82549722583483e-08,0.000190759327229516
4185.33459655592,1878.88999435278,-2988.57930009871,0.000277442979480739,2.1362535986692e-08,9.54367240262662e-09,0.000277442979480739
4200.15764823191,2107.60963847747,-2988.03231378248,0.000455088520264178,2.48517789885265e-08,4.86808888591814e-09,0.000455088520264178
4360.81675544685,1752.58733274488,-2986.39794666681,0.000263378682778422,5.85251764346298e-09,1.80486512312397e-08,0.000263378682778422
4509.46756759383,1583.58157535193,-2985.59227639901,0.000170440191253729,1.10098476830406e-09,7.49503099405941e-08,0.000170440191253729
4385.37955547485,1991.65353864411,-2998.29890158933,0.000356826924743068,1.64582454108478e-09,1.80518175428809e-09,0.000356826924743068
4394.96944056569,2228.43372113979,-2998.5398909811,0.000535811921388836,1.11746830647368e-10,5.05717107079992e-10,0.000535811921388836
4602.2218089633,1848.12996814021,-2997.36396548799,0.000170321606356281,2.68776865516897e-06,1.16619203936125e-07,0.000170321606356281
4744.52336247107,1604.57645635707,-2997.53545847511,8.78945350472215e-05,5.33418670683483e-08,1.76731324271585e-07,8.78945350472215e-05
4583.49350488243,2125.35139539278,-3008.6099921516,0.000606522720297454,3.2891784047053e-10,7.67498713855856e-09,0.000606522720297454
4578.88736687364,2368.44865419726,-3011.67646264262,0.000373715518862568,2.8990266924002e-10,2.48027536226254e-09,0.000373715518862568
4785.44360123758,2057.95739201443,-3007.54396079124,0.000137801263948538,5.96565701171982e-09,1.46249357648298e-08,0.000137801263948538
4855.22738079812,1826.4629258214,-3008.05197231613,0.000147427012728246,2.0093017600379e-06,6.56391793880628e-07,0.000147427012728246
4962.7865383957,1603.82692324879,-3007.51252305049,0.000261352991743283,8.98799346228148e-09,2.49090715711e-08,0.000261352991743283
4569.06070749086,2599.26996200624,-3015.15667027666,0.000244961311065935,6.50003699851511e-10,1.16819663909214e-09,0.000244961311065935
4197.0993421887,2345.49707060686,-2991.88276237045,0.000269906504873206,2.62355746897809e-08,8.03239025485725e-09,0.000269906504873206
4386.92811904666,2468.43750005189,-3002.84956353964,0.00044862326179807,1.4066856668421e-10,6.27591881718637e-10,0.00044862326179807
4189.44632934183,2577.67509624505,-3009.2883990789,0.000202676719966132,1.22624375963789e-08,1.88021269972922e-08,0.000202676719966132
4377.64032339708,2713.43356849241,-3019.10557249453,0.000108928915257631,2.91634902649472e-09,1.07678010854381e-09,0.000108928915257631
4182.06597612342,2819.71043271268,-3022.43068768322,0.000188556321301668,2.18131111460343e-08,3.52891069475816e-09,0.000188556321301668
4167.30666806866,1650.0993178045,-2961.6834224442,0.000267804095378113,1.22400001305237e-08,7.98338476932375e-08,0.000267804095378113
4322.9433068051,1566.26671685991,-2959.35672569595,0.00015606751649087,4.97317500980635e-10,4.71663475591613e-08,0.00015606751649087
4185.31610612507,1878.88184030835,-2975.35912047754,0.000258961957268114,2.10720593414699e-08,3.76143158276139e-09,0.000258961957268114
4200.14449383395,2107.60511199028,-2975.35864966675,0.00039774023563205,2.45562960791859e-08,1.34827043109459e-09,0.00039774023563205
4360.81720719649,1752.56431034546,-2972.72931801891,0.000221131775133661,6.0676381654224e-09,1.78962886855956e-08,0.000221131775133661
4509.47346211392,1583.56254322758,-2971.47146157489,0.000177611614166524,2.13847798433335e-08,7.58930724583425e-08,0.000177611614166524
4385.3806355142,1991.63623145185,-2985.20465485429,0.000321488504868684,2.93763974487322e-09,1.58453977243125e-09,0.000321488504868684
4394.97059562608,2228.43406643382,-2985.86127784138,0.00048325546071334,1.12421372099995e-10,7.51924265038081e-10,0.00048325546071334
4602.2281665878,1848.09549299816,-2983.70456057821,0.00018989860432042,2.76078508387064e-06,2.53861564952173e-07,0.00018989860432042
4744.52525880335,1604.53963895932,-2983.17064580844,4.25793629730883e-05,6.95641213520832e-08,4.7513681400198e-07,4.25793629730883e-05
4583.50175121181,2125.32592135855,-2995.64326319417,0.000558281446837871,1.46424926583205e-10,1.66443394995941e-08,0.000558281446837871
4578.89023108654,2368.44088262103,-2998.85644955605,0.000371650551702523,1.84578173300937e-10,5.14274195179101e-09,0.000371650551702523
4785.45253898585,2057.91938137049,-2994.19706269804,0.000149201655440666,6.31960141049285e-09,4.41407988492774e-08,0.000149201655440666
4962.78304443231,1603.77989038239,-2992.72617762973,0.000277008541149329,9.79099692714063e-10,3.83229656201815e-08,0.000277008541149329
4855.22744919774,1826.4155151511,-2994.01876286336,0.000170051552231349,1.98873556052341e-06,1.11371678436125e-06,0.000170051552231349
4770.08589137453,2265.44013771926,-3008.24553038648,0.000271467195022027,3.17521063615817e-08,2.10438362932065e-08,0.000271467195022027
4755.25061453167,2502.79042855525,-3011.25175235106,0.000310604629764483,5.62119999084155e-07,2.37960093530536e-08,0.000310604629764483
4917.74861259625,2169.06499934098,-3004.62243617505,0.000504904596148398,1.11598240222241e-07,2.96809841247278e-11,0.000504904596148398
4989.84344647354,1993.8984501445,-3003.98919764406,0.000374387818561898,4.60995936534841e-08,1.34412576401105e-10,0.000374387818561898
5086.831863475,1793.21979990437,-3003.58812019324,0.000368715544516108,5.07171300217471e-10,2.55310891887183e-11,0.000368715544516108
5184.54557193264,1604.47619351032,-3003.05225611967,0.000399595050548232,9.7087993362701e-10,4.41490147852777e-10,0.000399595050548232
4569.05808584872,2599.26176061405,-3002.48639961866,0.000295079197993103,5.2405679031377e-10,1.64457363346924e-09,0.000295079197993103
4759.94621218724,2750.09033967949,-3011.36237478311,0.000307782311522228,8.56637925650347e-08,1.45845896375914e-08,0.000307782311522228
4550.97038693442,2833.85832683872,-3012.97949784226,0.000515343532753998,1.33928856104246e-07,4.60210422597726e-08,0.000515343532753998
4197.08599172811,2345.50772926797,-2979.42144308524,0.000251559200947725,2.64673028128984e-08,2.75354388467583e-09,0.000251559200947725
4386.92786722525,2468.44070133593,-2990.30755771595,0.000428715777890746,1.50059843668146e-10,8.75689580045198e-10,0.000428715777890746
4189.42824369227,2577.68946378442,-2996.91754785233,0.000211799148998717,1.29726951522242e-08,1.87108852704497e-08,0.000211799148998717
4377.62174123471,2713.3984125467,-3006.84561993992,0.00017092308991002,1.76089190594721e-10,1.15912222691117e-09,0.00017092308991002
4182.05728252347,2819.69981349524,-3010.83575228643,0.000210050726963968,1.77593196362847e-08,4.80733450963839e-09,0.000210050726963968
4373.0689451372,2936.37370177463,-3014.52367334863,0.000368373927219409,5.64706934581789e-08,1.46071389445952e-07,0.000368373927219409
4198.50130983208,3045.40430795077,-3018.15425358682,0.000263724600830625,2.32200008439691e-06,3.99365324288693e-07,0.000263724600830625
4167.28253976827,1650.08344071728,-2947.90803327201,0.000227021376084319,3.49942470871858e-09,6.70507528538529e-08,0.000227021376084319
4322.94478857274,1566.25799203504,-2945.42088310049,8.09772053448999e-05,9.17475837329228e-11,7.91276011662092e-08,8.09772053448999e-05
4185.29761569422,1878.87368626392,-2962.13894085637,0.000249677297929045,1.69429088536379e-08,7.31346089185834e-10,0.000249677297929045
4200.13133943599,2107.6005855031,-2962.68498555101,0.000346418825007932,1.97886921215244e-08,1.01122868558979e-10,0.000346418825007932
4360.81765894612,1752.54128794604,-2959.060689371,0.000162290897031362,5.72710366714598e-09,1.40241639809823e-08,0.000162290897031362
4509.47935663402,1583.54351110323,-2957.35064675078,0.000174340754898061,3.65069155284929e-09,1.06387265018891e-07,0.000174340754898061
4385.38171555355,1991.61892425959,-2972.11040811924,0.000284401131408679,3.67900752506831e-09,8.28227744612908e-10,0.000284401131408679
4394.97175068646,2228.43441172785,-2973.18266470165,0.000434319959625862,1.12419279445727e-10,8.56022325069452e-10,0.000434319959625862
4602.2345242123,1848.06101785611,-2970.04515566843,0.000213074842943872,2.74742880243133e-06,3.95760972584268e-07,0.000213074842943872
4744.52715513564,1604.50282156157,-2968.80583314177,1.48568353846121e-05,8.21208255448247e-08,1.144607363419e-06,1.48568353846121e-05
4583.50999754119,2125.30044732431,-2982.67653423674,0.000514181390386867,8.28878998743824e-10,2.51025625355768e-08,0.000514181390386867
4578.89309529945,2368.4331110448,-2986.03643646948,0.00037144260846073,1.75508013450676e-10,8.38847073874769e-09,0.00037144260846073
4785.46147673413,2057.88137072655,-2980.85016460484,0.00016444025978757,6.31573107917838e-09,1.11683659711936e-07,0.00016444025978757
4962.77955046892,1603.73285751599,-2977.93983220896,0.000283255975879423,1.70198584111791e-09,6.90436747737291e-08,0.000283255975879423
4855.22751759735,1826.36810448079,-2979.98555341059,0.000186445677346504,1.96468707055727e-06,3.46033960559726e-06,0.000186445677346504
4770.09244027966,2265.42071399664,-2995.1834698376,0.000281141478574513,3.83896636277569e-08,3.77033482202358e-08,0.000281141478574513
4755.25260577301,2502.77537014346,-2998.34315617019,0.000350200401825712,6.01290755541539e-07,6.13416377845788e-08,0.000350200401825712
4917.75006738512,2169.03822465217,-2991.2859319487,0.00047916918044752,1.2697572343631e-07,6.8525332527467e-11,0.00047916918044752
4989.84460842039,1993.84904888416,-2990.13828811301,0.00037082350854771,3.17398550811782e-08,1.62604707177702e-09,0.00037082350854771
5184.53737159338,1604.41945885906,-2987.85105026407,0.000405040422126216,8.97966353397209e-10,4.22729020205445e-10,0.000405040422126216
5086.83005425585,1793.16105781044,-2989.04527273799,0.000354136166916994,2.35570915788273e-09,1.73869228504773e-11,0.000354136166916994
4932.52725774291,2603.82384209273,-3009.1193458755,0.000167848892879561,6.50185358951434e-09,1.29442014415259e-08,0.000167848892879561
4967.52837387616,2364.33548378868,-3005.63157321214,0.00040271104574331,1.07994468279216e-08,2.85241455313615e-08,0.00040271104574331
5093.73940790361,2183.75076723009,-3000.99991173568,0.000633992975611855,2.02478902332442e-10,2.01832441933311e-09,0.000633992975611855
5194.77314167006,1990.28735980372,-2999.70796744596,0.000528124690111567,9.48286580545457e-10,5.51797781775544e-11,0.000528124690111567
5303.12588318281,1793.00234321381,-2998.99467636372,0.000513401248077105,1.80824994028615e-10,1.92278836127947e-11,0.000513401248077105
5420.15151888559,1592.84574320353,-2997.72893269044,0.000342496104960048,9.27764811782511e-11,2.05687678842313e-11,0.000342496104960048
4845.95080518885,2897.81400592901,-3005.71675560306,0.000574073154687101,2.6139206625609e-06,1.17104417197412e-07,0.000574073154687101
4950.98572917413,2789.38202862041,-3006.3739468469,0.000322927614345317,8.70200882629126e-08,1.81419240219655e-08,0.000322927614345317
4569.05546420658,2599.25355922187,-2989.81612896066,0.000328076590537518,4.97899294235839e-10,1.60220921767415e-09,0.000328076590537518
4759.94790585219,2750.0406737535,-2998.9823838885,0.000369292962014379,6.82504704139366e-08,2.41039434615869e-08,0.000369292962014379
4550.97581440886,2833.83735398354,-3001.34773345393,0.000521987708670462,8.97251755607685e-08,4.86595270958776e-08,0.000521987708670462
4690.17525553544,2938.84653122536,-3007.82055352059,0.000590146466159993,4.82752324365997e-06,1.49787109343546e-07,0.000590146466159993
4841.77867602082,3032.62400838801,-3002.2904316498,0.000351888310333551,2.4189972890289e-06,1.44000876094365e-07,0.000351888310333551
4566.9442634429,3030.11469173006,-3008.1962902705,0.000399773115816934,0.000103264717736119,1.28991770208158e-05,0.000399773115816934
4197.07264126752,2345.51838792908,-2966.96012380002,0.000235198695628061,2.22169992341844e-08,9.42290385617254e-10,0.000235198695628061
4386.92761540383,2468.44390261997,-2977.76555189226,0.000406836754098405,1.3655797482885e-10,1.02154548394419e-09,0.000406836754098405
4189.41015804271,2577.70383132379,-2984.54669662575,0.000216012351257428,1.36562252431042e-08,1.46324989556728e-08,0.000216012351257428
4377.60315907234,2713.36325660099,-2994.58566738532,0.000222811025970456,4.14371661148939e-10,1.07753600944672e-09,0.000222811025970456
4182.04858892353,2819.68919427779,-2999.24081688965,0.000222857186790168,1.39623924280816e-08,4.67356977316135e-09,0.000222857186790168
4373.09428388255,2936.3812173291,-3003.83557702425,0.000347655526494075,1.20165005585513e-08,1.06737313739361e-07,0.000347655526494075
4198.5336427754,3045.42588034055,-3008.01934634532,0.000233193768670826,1.75638845769131e-06,2.21491877651238e-07,0.000233193768670826
4399.14890121381,3171.74841995322,-3009.09690792926,0.000549150164771286,1.06095133388084e-06,2.63187382043297e-05,0.000549150164771286
4198.4420849942,3269.17551904065,-3016.35115466149,0.000626275268242451,1.99299896323951e-06,6.0790470891876e-06,0.000626275268242451
4185.27912526337,1878.86553221949,-2948.91876123521,0.000247183013820702,8.74665093603466e-09,1.0237973099665e-08,0.000247183013820702
4200.11818503802,2107.59605901592,-2950.01132143528,0.000293723743419545,1.08438993750313e-08,2.72181284335386e-09,0.000293723743419545
4360.81811069576,1752.51826554661,-2945.39206072309,7.01671900479116e-05,4.03355587263881e-09,1.12367645282209e-08,7.01671900479116e-05
4509.48525115411,1583.52447897888,-2943.22983192666,0.00014858499460661,4.59088356809768e-09,1.14703471531546e-07,0.00014858499460661
4385.38279559289,1991.60161706733,-2959.0161613842,0.000235440147709096,4.01381476749388e-09,3.77348812956861e-11,0.000235440147709096
4394.97290574685,2228.43475702188,-2960.50405156193,0.000377733422914921,1.12176509205154e-10,6.51920336504606e-10,0.000377733422914921
4602.2408818368,1848.02654271406,-2956.38575075865,0.000242411640987121,2.5668782054892e-06,3.84067373817742e-07,0.000242411640987121
4744.52905146792,1604.46600416382,-2954.44102047509,4.89339453783648e-05,8.32532082423366e-08,4.13770906223173e-06,4.89339453783648e-05
4583.51824387056,2125.27497329007,-2969.70980527932,0.000470932949819483,1.93315511343715e-09,2.80223267349334e-08,0.000470932949819483
4578.89595951235,2368.42533946856,-2973.21642338291,0.000372737271308704,1.8335306229177e-10,1.01661952835249e-08,0.000372737271308704
4785.4704144824,2057.84336008262,-2967.50326651163,0.000183754017827766,1.28563362716766e-08,2.52589301846673e-07,0.000183754017827766
4962.77605650553,1603.68582464959,-2963.1534867882,0.000281519065942431,1.70322012134795e-08,7.36620519107974e-08,0.000281519065942431
4855.22758599696,1826.32069381049,-2965.95234395782,0.000199207563541354,1.90130706095193e-06,5.3915438431824e-06,0.000199207563541354
4770.09898918479,2265.40129027403,-2982.12140928871,0.000293021155396207,4.29100967128183e-08,7.39698720735623e-08,0.000293021155396207
4755.25459701434,2502.76031173167,-2985.43455998933,0.000382952750333091,6.46253787209542e-07,4.68830302578706e-08,0.000382952750333091
4917.751522174,2169.01144996336,-2977.94942772234,0.000463249520122527,1.44136395790575e-07,2.81249419791838e-09,0.000463249520122527
4989.84577036724,1993.79964762381,-2976.28737858197,0.000370373135101471,1.64186129900125e-08,5.57611499992236e-09,0.000370373135101471
5184.52917125413,1604.36272420779,-2972.64984440846,0.000400968765478087,3.73789231079109e-11,1.65284728379638e-10,0.000400968765478087
5086.8282450367,1793.1023157165,-2974.50242528275,0.000335402101219743,6.18822765707451e-09,3.0764329224494e-11,0.000335402101219743
4932.51905315775,2603.79612198522,-2996.0957055658,0.000251724954987291,6.93118808928185e-09,4.48333206798742e-08,0.000251724954987291
4967.52599246679,2364.30961267724,-2992.34702073035,0.000426340530607154,7.07622326412225e-09,4.8113766859593e-08,0.000426340530607154
5093.74112549331,2183.72164851778,-2987.37836817512,0.000598346067323812,2.80276956858443e-10,3.90724038814909e-09,0.000598346067323812
5194.77296322487,1990.22861471492,-2985.49352940141,0.000508746480570313,6.69810105419412e-10,3.65838095111246e-11,0.000508746480570313
5420.1422980493,1592.78336815205,-2982.63239724346,0.00033964859403199,9.28799010408769e-11,7.2326275350868e-12,0.00033964859403199
5303.11772398101,1792.93337858502,-2984.14950941351,0.000506150096853349,1.65905944554208e-10,2.08205100479103e-11,0.000506150096853349
5122.07474333589,2527.53338534464,-3003.22948039781,0.000612254919998285,1.76037973570148e-10,1.30533005260407e-10,0.000612254919998285
5092.32774596594,2706.82848284195,-3004.21718486638,0.000377357179058876,1.79492455026606e-08,6.95851132575922e-09,0.000377357179058876
5187.28217662448,2354.34458536232,-3000.36060403419,0.000535678386532257,2.93664443457088e-10,7.05673314910497e-10,0.000535678386532257
5281.42745889699,2488.99324288408,-2998.47376238241,0.000718012735518509,7.08172781183914e-10,4.83060885909451e-11,0.000718012735518509
5296.17702915953,2187.3521272792,-2996.59179815132,0.000701835902530529,2.31450927248924e-10,3.3682043207023e-11,0.000701835902530529
5416.14287953957,1994.23381783336,-2994.61134564032,0.000522394274105681,1.51316859161834e-10,1.98789087559727e-11,0.000522394274105681
5529.9542364583,1795.14630265445,-2993.49111392584,0.000330723189310432,1.12696055318909e-10,1.07436561232317e-11,0.000330723189310432
5656.60938524397,1598.40178544593,-2992.08546748405,0.000237044074860609,7.62378512304872e-11,5.88606776199013e-12,0.000237044074860609
4971.19809380571,2967.23647970679,-3000.85470318741,0.000415011289431145,6.75297760241839e-09,6.56199970751733e-08,0.000415011289431145
4845.96436596437,2897.78842914332,-2994.14960759239,0.000593883886495314,2.78951265394645e-06,2.12711975281939e-07,0.000593883886495314
4950.98631562821,2789.33115509593,-2994.05858570266,0.000376267829874153,3.75895280797989e-07,4.03965847696892e-08,0.000376267829874153
5079.13917837889,2869.06358435679,-2999.88184858015,0.000734860458178369,1.74477765936866e-07,2.98201823541415e-08,0.000734860458178369
5097.78868135813,2982.245849764,-2995.94333004565,0.00076274009212502,1.17300658810039e-06,3.31544166059623e-07,0.00076274009212502
4960.57728175639,3099.8892486752,-2997.47887652079,0.000439509613570028,2.16119037502941e-05,3.84857806203268e-07,0.000439509613570028
4870.58426153987,3152.77940097765,-2998.65763437711,0.00054523075739558,3.63060345079003e-07,5.48845102572178e-07,0.00054523075739558
4569.05284256444,2599.24535782968,-2977.14585830266,0.000349034389851758,5.43550077292403e-10,5.79703921912004e-10,0.000349034389851758
4759.94959951714,2749.9910078275,-2986.60239299389,0.000411324996663284,5.35212735492434e-08,5.7472049272772e-08,0.000411324996663284
4550.98124188331,2833.81638112837,-2989.7159690656,0.000518458126543623,5.34297101340191e-08,2.65106386150614e-08,0.000518458126543623
4690.19231088712,2938.84025651293,-2996.76941525772,0.000578154889845691,4.00585852621264e-06,1.00939525020314e-06,0.000578154889845691
4841.80782105576,3032.62936439358,-2991.70497016879,0.000355695515315275,1.75943411418315e-06,3.4925944567055e-07,0.000355695515315275
4566.97212302394,3030.13532980866,-2997.99412182065,0.000361604560101439,9.10980819350348e-05,4.38596885997636e-05,0.000361604560101439
4724.2053684978,3151.46585328823,-3002.06234614497,0.000587965946904307,5.15571000017641e-05,2.15643477960864e-05,0.000587965946904307
4581.58436125106,3199.62992610926,-3003.84446609043,0.000932152700140548,6.78224213326967e-05,2.50237805364118e-05,0.000932152700140548
4517.76499251433,3312.69910517628,-3009.71341511355,0.000373148410362147,5.68869054150899e-07,4.55349209228812e-08,0.000373148410362147
4197.05929080693,2345.52904659019,-2954.49880451481,0.000215198163866702,1.35557356879157e-08,3.5928461810814e-09,0.000215198163866702
4386.92736358242,2468.447103904,-2965.22354606857,0.000380845988245871,1.37172081799153e-10,1.11132981207467e-09,0.000380845988245871
4189.39207239314,2577.71819886316,-2972.17584539918,0.000217229069524626,1.25616759383167e-08,1.16980396524248e-08,0.000217229069524626
4377.58457690998,2713.32810065529,-2982.32571483071,0.00026531550929958,4.51453325107838e-10,6.55145108592183e-10,0.00026531550929958
4182.03989532358,2819.67857506034,-2987.64588149286,0.000229534830870345,1.1100073141418e-08,5.42218820524287e-09,0.000229534830870345
4373.11962262789,2936.38873288356,-2993.14748069986,0.000332134102144093,5.25514977086617e-10,1.02859508194925e-07,0.000332134102144093
4198.56597571872,3045.44745273033,-2997.88443910381,0.000220509583829453,1.22596134760742e-06,1.76534874788697e-06,0.000220509583829453
4399.22490020971,3171.79553619743,-3000.03783459571,0.00046520696808955,9.30318396393043e-07,3.25332407526959e-05,0.00046520696808955
4198.48325695816,3269.07327073326,-3007.37439706322,0.000527656134845171,1.96805913245437e-06,1.09101237252011e-05,0.000527656134845171
4372.0252061947,3379.94214199869,-3017.06018000116,0.000334455301691907,4.0597743605288e-05,1.14546189481886e-06,0.000334455301691907
4189.77974221011,3495.3515217402,-3027.94596308992,0.000231811259285302,2.42441374215003e-07,6.32034262836987e-08,0.000231811259285302
4173.17787120395,3668.40865596897,-3038.07298149951,0.000175858255547869,1.01803476870745e-07,2.33854644876894e-08,0.000175858255547869
4385.38387563224,1991.58430987506,-2945.92191464916,0.000153735988029768,3.12089103280471e-09,4.34409696913763e-11,0.000153735988029768
4394.97406080723,2228.43510231591,-2947.82543842221,0.000292211539619608,1.32869029266129e-10,3.29961646395206e-10,0.000292211539619608
4602.24723946129,1847.99206757201,-2942.72634584887,0.000286774127524755,2.1052681848698e-06,1.95763908590019e-07,0.000286774127524755
4744.5309478002,1604.42918676608,-2940.07620780842,0.000101133500674412,6.51130690446421e-08,4.53644325870396e-06,0.000101133500674412
4583.52649019994,2125.24949925583,-2956.74307632189,0.000422803425060212,3.9767958691671e-09,2.19425091321274e-08,0.000422803425060212
4578.89882372526,2368.41756789233,-2960.39641029634,0.000376417717529248,2.16420195027261e-10,7.6185473453473e-09,0.000376417717529248
4785.47935223067,2057.80534943868,-2954.15636841843,0.000209799244619682,1.28997868362993e-08,5.19640595514221e-07,0.000209799244619682
4855.22765439657,1826.27328314019,-2951.91913450505,0.000212612131142898,1.61205931198768e-06,6.8771678933618e-06,0.000212612131142898
4962.77256254214,1603.63879178319,-2948.36714136743,0.000269454968224229,5.2526014990695e-09,8.32696372533895e-08,0.000269454968224229
4770.10553808992,2265.38186655141,-2969.05934873983,0.000307638582950048,5.9048675406936e-08,1.54059074390363e-07,0.000307638582950048
4755.25658825568,2502.74525331988,-2972.52596380846,0.000415287079311079,6.64938303228537e-07,8.59737553138133e-08,0.000415287079311079
4917.75297696288,2168.98467527455,-2964.61292349599,0.000455470750456018,1.62086933708622e-07,2.32113480900097e-08,0.000455470750456018
4989.84693231409,1993.75024636347,-2962.43646905093,0.000370413227060841,4.57532372697779e-09,1.47550567868143e-08,0.000370413227060841
5184.52097091487,1604.30598955652,-2957.44863855286,0.000388317516068943,1.72541278034497e-10,2.97477444949163e-11,0.000388317516068943
5086.82643581755,1793.04357362257,-2959.95957782751,0.000316154803785829,1.26930274367535e-08,3.03715623263757e-10,0.000316154803785829
4932.51084857258,2603.76840187771,-2983.0720652561,0.000316977053594619,5.96225589251643e-09,1.02456880257768e-07,0.000316977053594619
4845.97792673989,2897.76285235763,-2982.58245958173,0.000611528967642141,3.03779443443547e-06,3.37611032380996e-07,0.000611528967642141
4950.9869020823,2789.28028157146,-2981.74322455842,0.000410227112601762,3.71051616365739e-07,1.33802261170668e-07,0.000410227112601762
4967.52361105741,2364.2837415658,-2979.06246824855,0.000446077022693565,6.15151835287695e-09,7.91919600116745e-08,0.000446077022693565
5420.13307721301,1592.72099310057,-2967.53586179647,0.000327318464416832,7.71459406256777e-11,2.69060976478894e-11,0.000327318464416832
5093.74284308302,2183.69252980547,-2973.75682461456,0.000568024964264971,5.87794730828216e-10,5.62632455297262e-09,0.000568024964264971
5194.77278477969,1990.16986962613,-2971.27909135687,0.000489170682675836,4.00083093306804e-10,2.2893575532206e-11,0.000489170682675836
5303.10956477921,1792.86441395624,-2969.30434246329,0.000491070117779574,1.2978375791027e-10,2.28868750216299e-11,0.000491070117779574
5122.06478270855,2527.50573958613,-2989.87462477776,0.000629253856173393,1.02313663370446e-09,2.00415360501272e-09,0.000629253856173393
5092.31454435274,2706.75329725532,-2991.23687077092,0.000460029447767033,8.68865231697112e-09,1.5247773755022e-08,0.000460029447767033
5187.27800777884,2354.31306883557,-2986.71996322037,0.000535890503877993,2.40274546303527e-10,1.65814883765201e-09,0.000535890503877993
5281.41908571316,2488.95747863555,-2984.89824784287,0.000703509806806809,5.60041966225605e-10,6.85878136110258e-11,0.000703509806806809
5656.61985688875,1598.32419569805,-2977.33151634707,0.00023989809421233,7.65356376168685e-11,5.97443950485409e-12,0.00023989809421233
5296.17197525884,2187.31217746121,-2982.66194421344,0.000670289785380932,2.15175874834803e-10,2.78195746868169e-11,0.000670289785380932
5416.13758798267,1994.16732006759,-2980.34167330358,0.000502903886312267,1.5164795776624e-10,2.10027046891745e-11,0.000502903886312267
5529.95574514563,1795.07212237309,-2978.94598710049,0.000321124391659453,1.13956234597219e-10,1.38485938769158e-11,0.000321124391659453
5241.69746499721,2648.31007024176,-3000.10959843014,0.000454298803655954,1.41522456046659e-09,9.48139356226182e-10,0.000454298803655954
5216.56220502092,2800.08750765443,-2997.22039599073,0.000834031338704332,2.60644170030666e-08,1.21189891076089e-08,0.000834031338704332
5363.32006536143,2353.81286421838,-2995.65707112876,0.000675217366452949,2.92629528851407e-10,3.00777957372882e-11,0.000675217366452949
5381.6123543509,2602.1443178801,-2996.08168949244,0.000562459525938644,1.01075984205684e-09,1.67573316561359e-10,0.000562459525938644
5409.15758284139,2482.46741569529,-2994.92825490138,0.000709919448175063,3.62572547846195e-10,1.19661538546599e-10,0.000709919448175063
6340.19092117871,1562.91554330647,-2979.85879252674,0.000176176492905359,8.48889434658322e-12,9.25279310132633e-13,0.000176176492905359
6118.72450979625,1582.84973651264,-2983.50472765714,0.000196839037078604,1.71685373937865e-11,2.012980711137e-12,0.000196839037078604
5892.10158483191,1590.77456693422,-2987.30518041278,0.000210033483695927,2.59258185046157e-11,3.09977143323904e-12,0.000210033483695927
5517.64847040902,2202.86044288496,-2991.06533706737,0.000590025753627602,1.99755201257147e-10,2.38601493494108e-11,0.000590025753627602
5634.77219959659,2005.38649628376,-2989.04630594445,0.000394882815049097,1.49948614739506e-10,1.48084722521285e-11,0.000394882815049097
5762.68851657416,1795.79536522825,-2987.84513834125,0.000289795027476886,1.07836284900227e-10,7.77043709636726e-12,0.000289795027476886
4971.22302060647,2967.21884443193,-2989.59788886615,0.000444740371765329,9.4581512018621e-09,1.64137840548841e-07,0.000444740371765329
5055.22439706092,3072.17201533396,-2994.95170156665,0.000698522645536625,1.83482786206741e-06,2.56992805987796e-07,0.000698522645536625
5079.14835315095,2869.02177529778,-2987.87889427197,0.000721308531147567,1.26998635191874e-07,2.98188303217543e-08,0.000721308531147567
5192.69905370124,2931.54551449321,-2994.21047107686,0.000803582403939703,1.66279088208775e-07,9.25013525080909e-08,0.000803582403939703
5097.81332818829,2982.22487581998,-2984.5721422318,0.000749219734622676,8.92635639275539e-07,2.86479285003275e-07,0.000749219734622676
5171.60170477112,3043.65386668009,-2991.46230089381,0.00102070918513537,2.74894792917007e-06,8.95093564732443e-07,0.00102070918513537
4971.24794740723,2967.20120915707,-2978.34107454489,0.000468274848905429,1.42154091856984e-08,2.38895238869784e-07,0.000468274848905429
4960.61198979431,3099.90232112703,-2987.06963311647,0.000449138753310895,1.99160308567133e-05,1.07190407487039e-06,0.000449138753310895
4870.62020814875,3152.77983029695,-2988.71122982388,0.000511512917657134,5.68787420769794e-07,1.02728132762484e-06,0.000511512917657134
4937.15316077649,3198.76562866753,-2996.25139468193,0.000729359048532617,3.64261292290359e-05,3.51319561607574e-05,0.000729359048532617
5053.07216640614,3192.33441810019,-2992.72271020072,0.000834623792446948,7.75338515840692e-05,4.91630741057872e-05,0.000834623792446948
4843.25174034837,3263.32205884056,-2999.56093371513,0.00076721685507542,1.25866998346269e-06,1.56987926183603e-05,0.00076721685507542
4569.0502209223,2599.2371564375,-2964.47558764465,0.000362206374304114,6.2203185098573e-10,5.80940551365273e-11,0.000362206374304114
4759.9512931821,2749.94134190151,-2974.22240209928,0.000437164892948292,4.14235790014884e-08,4.99757132753934e-08,0.000437164892948292
4550.98666935775,2833.79540827319,-2978.08420467728,0.00050779375137903,2.42001442508125e-08,9.42076665418842e-09,0.00050779375137903
4690.2093662388,2938.83398180051,-2985.71827699485,0.000559908150365573,3.26537062440679e-06,5.24505143605373e-06,0.000559908150365573
4841.83696609069,3032.63472039915,-2981.11950868779,0.000365253853031765,1.08472671165311e-06,1.94025198643447e-07,0.000365253853031765
4566.99998260498,3030.15596788726,-2987.7919533708,0.000334154710815106,6.13352025052761e-05,0.000113143235654532,0.000334154710815106
4724.24466532502,3151.48496608521,-2992.41227116292,0.000537062526860875,4.84897557931009e-05,4.28756615633434e-05,0.000537062526860875
4581.59064978769,3199.68774274091,-2994.79359032506,0.000775227113405982,3.55478256356337e-05,1.93297037786252e-05,0.000775227113405982
4680.79359814808,3338.29789690178,-3007.3650023094,0.000344826688441578,8.49217273849292e-07,1.57861288217051e-08,0.000344826688441578
4517.80674039954,3312.5680912639,-3000.61004094256,0.000327197018388297,9.87098750661798e-07,1.55983195958399e-07,0.000327197018388297
4540.47253134477,3470.96582297551,-3018.08357715667,0.000118399217497754,2.0571654901814e-06,1.02000203755415e-06,0.000118399217497754
4386.927111761,2468.45030518804,-2952.68154024488,0.000342814286655509,1.30704260855863e-10,4.39910278661982e-10,0.000342814286655509
4189.37398674358,2577.73256640254,-2959.8049941726,0.000217375261443553,8.66447797827943e-09,2.23323830194743e-08,0.000217375261443553
4377.56599474761,2713.29294470958,-2970.06576227611,0.000298931181144757,2.35021383092424e-10,2.93606272639911e-10,0.000298931181144757
4182.03120172363,2819.6679558429,-2976.05094609607,0.00023026698560085,9.28618607324958e-09,8.39463609826379e-09,0.00023026698560085
4373.14496137324,2936.39624843803,-2982.45938437547,0.000323885308602186,5.96988141222522e-09,4.09348256073942e-08,0.000323885308602186
4198.59830866204,3045.46902512011,-2987.7495318623,0.000216761450054397,7.93885761922594e-07,1.25478295287561e-05,0.000216761450054397
4399.30089920561,3171.84265244165,-2990.97876126215,0.000408990055474042,8.43560523229397e-07,3.46154158215693e-07,0.000408990055474042
4198.52442892213,3268.97102242586,-2998.39763946496,0.000449396235003175,2.00219809810159e-06,1.90690458422297e-05,0.000449396235003175
4372.06744575283,3379.83734259421,-3007.80065045464,0.000307247956019443,3.59021606925418e-05,5.1464641554015e-06,0.000307247956019443
4189.80274539813,3495.2946833501,-3018.30643246086,0.000211581075121925,2.103135555485e-07,1.04602422256452e-07,0.000211581075121925
4374.33572687524,3623.53095874652,-3030.78369999025,0.000116113126841468,2.08551727816529e-05,4.22369769429511e-07,0.000116113126841468
4173.18149356569,3668.40284079137,-3027.81563601896,9.74379092065802e-05,8.40689908526398e-08,2.64361174060684e-08,9.74379092065802e-05
4268.48273657524,3839.28114892535,-3040.23453796895,0.000456972080188485,1.89424643821549e-07,8.54215951373933e-08,0.000456972080188485
4578.90168793816,2368.4097963161,-2947.57639720977,0.00038628553053696,2.59973985626159e-10,3.7563021441807e-09,0.00038628553053696
4583.53473652931,2125.22402522159,-2943.77634736446,0.000359092797465095,7.38472223672762e-09,1.38459545573787e-08,0.000359092797465095
4785.48828997894,2057.76733879475,-2940.80947032522,0.000246812231393277,1.32267559736947e-08,6.3856888117029e-07,0.000246812231393277
4855.22772279618,1826.22587246988,-2937.88592505229,0.000237057947205648,1.19496158416349e-06,2.23718491012289e-07,0.000237057947205648
4962.76906857874,1603.5917589168,-2933.58079594667,0.00023809385403686,3.69281337519716e-09,9.21343142163126e-08,0.00023809385403686
4770.11208699504,2265.36244282879,-2955.99728819095,0.000328097122833831,5.73376843286461e-08,3.47796532875046e-07,0.000328097122833831
4755.25857949702,2502.7301949081,-2959.6173676276,0.000454449574934202,6.52791123902875e-07,2.28643736808252e-07,0.000454449574934202
5184.51277057562,1604.24925490526,-2942.24743269726,0.000363521334876486,7.83018756494803e-11,4.77576735228942e-11,0.000363521334876486
4917.75443175175,2168.95790058575,-2951.27641926964,0.000456934072742713,1.76126447014345e-07,7.04864023093593e-08,0.000456934072742713
4989.84809426093,1993.70084510312,-2948.58555951988,0.000368415019242697,1.73226132022271e-10,2.96284827377179e-08,0.000368415019242697
5086.82462659841,1792.98483152863,-2945.41673037227,0.000301235819465294,1.6530950127425e-08,3.47597286120399e-09,0.000301235819465294
4932.50264398742,2603.7406817702,-2970.04842494639,0.000372003847637439,5.84086478639075e-09,2.15629703269119e-07,0.000372003847637439
4845.99148751541,2897.73727557195,-2971.01531157107,0.000630171505507829,3.32061735961608e-06,3.4434042777887e-07,0.000630171505507829
4950.98748853638,2789.22940804698,-2969.42786341418,0.000435907050937146,3.70808036087105e-07,3.70075259135446e-07,0.000435907050937146
4967.52122964804,2364.25787045436,-2965.77791576675,0.000464429451470173,5.60803084765186e-09,1.25880562610734e-07,0.000464429451470173
5420.12385637672,1592.65861804908,-2952.43932634949,0.000307561092416738,7.5860681484656e-11,3.99617677015196e-11,0.000307561092416738
5093.74456067273,2183.66341109316,-2960.135281054,0.000541318443840307,1.45542233957142e-09,6.5499399433659e-09,0.000541318443840307
5194.77260633451,1990.11112453733,-2957.06465331232,0.000467692472589208,2.11177951691222e-10,1.98929467872295e-11,0.000467692472589208
5303.10140557741,1792.79544932745,-2954.45917551308,0.000468035029471777,1.13933971695036e-10,2.21442894759461e-11,0.000468035029471777
5122.0548220812,2527.47809382761,-2976.51976915771,0.000629716780289053,4.6510086853913e-10,8.14891794545176e-09,0.000629716780289053
5097.83797501845,2982.20390187596,-2973.20095441795,0.000737798648066772,7.02679235156066e-07,1.22583956612203e-07,0.000737798648066772
5079.15752792302,2868.97996623878,-2975.87593996379,0.00070347028892256,7.52486629650238e-08,3.95869210625952e-08,0.00070347028892256
5092.30134273954,2706.67811166869,-2978.25655667547,0.00051194863856813,1.34694559549341e-09,3.00473571529198e-08,0.00051194863856813
5656.63032853353,1598.24660595017,-2962.57756521009,0.000241194026870438,7.6911255454846e-11,6.22997162266561e-12,0.000241194026870438
5187.2738389332,2354.28155230882,-2973.07932240656,0.000536130276459536,2.84256983020983e-10,4.10290004716162e-09,0.000536130276459536
5529.95725383296,1794.99794209173,-2964.40086027514,0.000312061600454264,1.15564020280768e-10,1.40953732444928e-11,0.000312061600454264
5296.16692135815,2187.27222764321,-2968.73209027557,0.000642710235662511,2.04411095774818e-10,3.21285950379385e-11,0.000642710235662511
5416.13229642577,1994.10082230182,-2966.07200096684,0.000483554816597582,1.53168334701836e-10,1.95246299293174e-11,0.000483554816597582
5281.41071252933,2488.92171438702,-2971.32273330333,0.000683012411198218,4.7442651312244e-10,7.28145370082297e-11,0.000683012411198218
5241.68582400359,2648.26807206916,-2986.81203234648,0.000509610519329085,2.05849195753307e-09,1.24308762589492e-09,0.000509610519329085
5216.55984197012,2800.02532651706,-2984.62457939075,0.000823579124185091,1.98793648109766e-08,5.83802617272589e-09,0.000823579124185091
5381.59753979844,2602.09056954814,-2982.57632753074,0.000600715557014361,5.77413997477675e-10,4.955150944465e-10,0.000600715557014361
5363.31211003715,2353.76987989533,-2981.86569549103,0.000662506095765716,2.76679584096097e-10,5.27835145303172e-11,0.000662506095765716
5409.14726958737,2482.42445573387,-2981.25694347575,0.000709536705160582,3.40869243868174e-10,7.78297000820026e-11,0.000709536705160582
6340.23545984076,1562.80529121217,-2965.12734241325,0.000174507860142662,8.46256845397736e-12,9.58520290206949e-13,0.000174507860142662
6118.76172916944,1582.74962348078,-2968.83286235376,0.000199908294823694,1.70955687458541e-11,2.0812851631356e-12,0.000199908294823694
5892.13182819276,1590.68479448316,-2972.69352445061,0.00021243714067537,2.57942439687794e-11,3.18665533639833e-12,0.00021243714067537
5762.71131281476,1795.71366878576,-2973.63153151793,0.00027518050458293,1.08200631709221e-10,8.13916876047307e-12,0.00027518050458293
5517.64968695019,2202.80699799612,-2977.27233264889,0.000564728351025707,1.99568807734539e-10,2.26153605090509e-11,0.000564728351025707
5634.78433175916,2005.31393762454,-2975.09788487995,0.000385109962500496,1.50254458332611e-10,1.5738114757373e-11,0.000385109962500496
5342.50385424785,2751.26542238481,-2994.77726185132,0.000693218723457675,6.09020978269292e-09,1.92104488457691e-09,0.000693218723457675
5321.91917243813,2912.47017545068,-2990.32620619119,0.000923261684554678,1.14112055850793e-07,4.53798246482495e-08,0.000923261684554678
5477.42255392746,2677.8055214742,-2992.40159979875,0.000447041250077275,2.27046149787508e-09,6.24045994047637e-10,0.000447041250077275
5523.72310719517,2397.35087619131,-2991.23406100437,0.000648811836585723,3.3337637904244e-10,4.98993076930413e-11,0.000648811836585723
5507.17225300601,2537.70735637381,-2992.07448798205,0.000638548539364368,4.71022171550515e-10,1.33349926143592e-10,0.000638548539364368
6423.42605268812,1724.08369033088,-2977.11972593638,0.000160838102059793,1.09483594487161e-11,1.25768995080348e-12,0.000160838102059793
5651.14996381221,2324.2277130268,-2987.51137676552,0.000502967940844062,2.45334482894378e-10,2.78477451504776e-11,0.000502967940844062
6239.11978394745,1759.45722441434,-2979.90370540094,0.000189310240014287,2.3115971258858e-11,2.89176429319934e-12,0.000189310240014287
6007.68671292183,1781.24545120669,-2983.50483519619,0.000222623651208587,8.80232273616174e-11,5.24442803921236e-12,0.000222623651208587
5729.5980792375,2169.17388241454,-2985.53117706918,0.000453793293806316,1.7224230374906e-10,1.8302934746095e-11,0.000453793293806316
5868.36188320506,1988.96008404339,-2983.67780876509,0.000337481319639887,1.2838740420391e-10,1.06196749630763e-11,0.000337481319639887
5168.53360991258,3148.10884101325,-2989.03544346988,0.00124895978216665,2.79688068905394e-05,1.03269282040881e-07,0.00124895978216665
5055.26367122002,3072.171228531,-2984.19270152355,0.000675938684078844,8.87339053286016e-06,2.25184767144465e-06,0.000675938684078844
5192.71568401384,2931.51128761943,-2982.4369093641,0.000767448584497104,1.01893634231047e-07,8.99972552923479e-08,0.000767448584497104
5274.85940607634,3029.88058015247,-2988.10735849345,0.00127460009922547,1.56001423119114e-06,1.67900775111033e-07,0.00127460009922547
5373.61106756416,3028.30347172256,-2984.58157154874,0.00142124987019492,1.13547120934123e-06,1.98949601281354e-07,0.00142124987019492
5171.6345176622,3043.64137913931,-2980.35280645464,0.000955996343529821,5.72654639489824e-06,1.24197950633561e-06,0.000955996343529821
5238.85174665185,3109.90958852912,-2987.03869163394,0.00172569802911376,6.37767321185078e-06,6.69845753449266e-07,0.00172569802911376
5167.08846132445,3241.04123355077,-2988.3485432568,0.00156857095803704,4.30767637097895e-05,0.000107203386895524,0.00156857095803704
4971.27287420799,2967.18357388221,-2967.08426022364,0.000487760547031304,3.85350053842678e-08,2.56372216993134e-07,0.000487760547031304
4960.64669783224,3099.91539357885,-2976.66038971214,0.000465191873171322,1.76933568240494e-05,1.57608428765245e-05,0.000465191873171322
5055.30294537913,3072.17044172803,-2973.43370148044,0.00066317496206643,7.77189630027596e-06,9.45693924873434e-06,0.00066317496206643
5171.66733055328,3043.62889159853,-2969.24331201547,0.000900384319561227,4.46486655222507e-06,3.12558958368014e-06,0.000900384319561227
4870.65615475762,3152.78025961626,-2978.76482527065,0.000501339284871339,8.81845901699103e-07,4.26270834998333e-06,0.000501339284871339
4937.21231530803,3198.78336018211,-2986.37673006825,0.000637944799165432,3.09127274995359e-05,8.4665554469464e-05,0.000637944799165432
5053.13688981254,3192.34075455358,-2982.57239423359,0.000743098894722337,6.44563871919052e-05,0.000110250841299995,0.000743098894722337
4843.27397516813,3263.20233882313,-2989.93374787057,0.000677743386476416,1.13182767712871e-06,2.9699074428443e-05,0.000677743386476416
4970.70865989377,3295.39142597284,-2997.80349643363,0.000482840562357065,2.76697160928811e-05,4.39610933815558e-08,0.000482840562357065
5081.97253530831,3296.41876673773,-2993.8894978445,0.000834172992073504,2.34513947187867e-05,6.1625630714588e-08,0.000834172992073504
4825.46002480678,3389.84849963575,-3005.99747492285,0.000369623776151552,1.66151709654355e-05,6.37527638377939e-08,0.000369623776151552
4921.70374612519,3367.91193375851,-3002.35334075959,0.000378699366983328,2.65423478987461e-05,2.58558163830697e-07,0.000378699366983328
5167.77321263367,3360.07235896917,-2992.86141325205,0.00112672438695824,1.44701881772745e-05,1.64243260591052e-06,0.00112672438695824
4569.04759928016,2599.22895504532,-2951.80531698665,0.000374480300322839,6.18368900133032e-10,1.4047697363464e-10,0.000374480300322839
4759.95298684705,2749.89167597552,-2961.84241120467,0.000447706637005633,3.14636065985295e-08,5.84146048492818e-08,0.000447706637005633
4550.9920968322,2833.77443541802,-2966.45244028895,0.000492854887666375,6.28756141185571e-09,7.61321723601111e-10,0.000492854887666375
4841.86611112563,3032.64007640472,-2970.53404720678,0.000378756830185426,4.85560818377456e-07,1.16013333475863e-06,0.000378756830185426
4690.22642159047,2938.82770708808,-2974.66713873198,0.000533935779272783,2.58309727684657e-06,1.63873528560727e-05,0.000533935779272783
4567.02784218602,3030.17660596587,-2977.58978492095,0.000340188683141805,5.35254657685717e-05,0.000163287469609464,0.000340188683141805
4724.28396215223,3151.50407888219,-2982.76219618087,0.000499846364593762,3.30598212879841e-05,1.71550823564138e-05,0.000499846364593762
4581.59693832431,3199.74555937257,-2985.74271455969,0.000659772221180723,9.34237584179628e-06,0.000188729968788136,0.000659772221180723
4680.83345207285,3338.19163569194,-2997.84142901391,0.000314711960675148,8.14516918652297e-07,4.13244333007839e-08,0.000314711960675148
4756.63666309334,3506.30650759998,-3013.64300344502,0.000455043599055505,1.1555090299128e-07,1.03673228439832e-07,0.000455043599055505
4517.84848828474,3312.43707735152,-2991.50666677157,0.000308274605306462,1.63878540589742e-06,5.59846247721535e-06,0.000308274605306462
4540.50461999876,3470.88675391595,-3008.32521823706,0.000138819862093007,2.06944633750274e-06,4.28669385561465e-06,0.000138819862093007
4599.83963071335,3657.17071678912,-3026.80664540751,0.000413871136295196,2.76341645852106e-07,4.62039075133108e-07,0.000413871136295196
4377.54741258524,2713.25778876388,-2957.8058097215,0.000324356716039729,1.52167793353564e-10,3.23263717267079e-11,0.000324356716039729
4182.02250812369,2819.65733662545,-2964.45601069928,0.000221557112761951,7.82580977058868e-09,1.71939785266752e-08,0.000221557112761951
4373.17030011858,2936.40376399249,-2971.77128805109,0.000326840115111423,1.73028265796264e-08,7.56012601173604e-08,0.000326840115111423
4198.63064160536,3045.49059750989,-2977.61462462079,0.00021535907121094,5.00396853997327e-07,2.76618713442502e-05,0.00021535907121094
4399.37689820151,3171.88976868587,-2981.9196879286,0.000374003570513097,2.14695488078214e-06,0.000106080074154286,0.000374003570513097
4198.5656008861,3268.86877411847,-2989.42088186669,0.00038309251297803,1.2685363122586e-06,7.19841899928666e-06,0.00038309251297803
4372.10968531096,3379.73254318973,-2998.54112090811,0.000291474134283807,3.19017660211653e-05,1.45678231056629e-05,0.000291474134283807
4189.82574858615,3495.23784496,-3008.66690183181,0.00019712458183338,1.92074335238177e-07,1.52218552622219e-07,0.00019712458183338
4374.34775777299,3623.50376958091,-3020.57058237948,9.22936864906165e-05,1.97233919349206e-05,1.47650168094575e-07,9.22936864906165e-05
4489.14290798862,3820.5828085246,-3034.06405964306,0.000928442740322559,1.57038269110681e-05,9.27096543821656e-06,0.000928442740322559
4173.18511592743,3668.39702561377,-3017.55829053842,3.85384007371669e-05,6.65128445130303e-08,2.72273765817749e-08,3.85384007371669e-05
4268.47332813747,3839.25817369908,-3029.78704354386,0.000320585384315507,1.04437935999178e-07,8.67040058631152e-08,0.000320585384315507
4755.26057073835,2502.71513649631,-2946.70877144674,0.000513780203112621,5.67913691687537e-07,1.96528437396469e-07,0.000513780203112621
4770.11863590017,2265.34301910617,-2942.93522764206,0.000361758389682643,3.43908475160917e-08,6.85288530487628e-07,0.000361758389682643
5184.50457023636,1604.19252025399,-2927.04622684165,0.000313586587805762,3.32161279426606e-10,2.29263142649267e-09,0.000313586587805762
4917.75588654063,2168.93112589694,-2937.93991504328,0.000476752732389527,1.74882505782097e-07,1.84171062993733e-07,0.000476752732389527
4989.84925620778,1993.65144384278,-2934.73464998884,0.000360540855196875,3.00133264031287e-09,3.55359241511423e-08,0.000360540855196875
5086.82281737926,1792.9260894347,-2930.87388291702,0.000300745848305496,1.57889694106796e-08,1.65018717585908e-08,0.000300745848305496
4932.49443940226,2603.71296166269,-2957.02478463669,0.000423788790919346,6.15601604182072e-09,4.46391999114143e-07,0.000423788790919346
4846.00504829093,2897.71169878626,-2959.4481635604,0.00065116502694391,3.53803745047342e-06,2.45307076848844e-07,0.00065116502694391
4950.98807499046,2789.17853452251,-2957.11250226995,0.000462585150459214,3.72223428174116e-07,1.0830051594123e-06,0.000462585150459214
4967.51884823867,2364.23199934293,-2952.49336328495,0.000486317025564972,6.71479567566462e-09,1.9394628832974e-07,0.000486317025564972
5420.11463554042,1592.5962429976,-2937.3427909025,0.000278784578364828,7.32064784445653e-11,1.20561529564368e-10,0.000278784578364828
5303.09324637561,1792.72648469866,-2939.61400856286,0.000433178948546853,1.12027359314921e-10,2.37433739976242e-11,0.000433178948546853
5093.74627826243,2183.63429238086,-2946.51373749343,0.000515612090196417,1.0298065445286e-09,5.8013548051008e-09,0.000515612090196417
5194.77242788932,1990.05237944854,-2942.85021526777,0.000439028257119465,1.63529486897239e-10,4.11556281684383e-11,0.000439028257119465
5122.04486145386,2527.45044806909,-2963.16491353766,0.000619041365811135,1.12062503242401e-09,1.57873942702189e-08,0.000619041365811135
5092.28814112634,2706.60292608205,-2965.27624258002,0.000538589924363815,5.73426555319876e-10,4.54695722329655e-08,0.000538589924363815
5097.86262184861,2982.18292793193,-2961.8297666041,0.000728395075281535,3.93069295250455e-07,1.85303084098926e-07,0.000728395075281535
5079.16670269509,2868.93815717978,-2963.87298565561,0.000684896555289173,2.7977437483884e-08,5.96373350023329e-08,0.000684896555289173
5656.64080017832,1598.1690162023,-2947.82361407312,0.000240928230553257,7.73548753389496e-11,6.56382215895952e-12,0.000240928230553257
5187.26967008756,2354.25003578207,-2959.43868159274,0.000537681294026383,3.89850551991675e-10,4.53034743820251e-09,0.000537681294026383
5529.95876252029,1794.92376181038,-2949.8557334498,0.000305792690887035,1.17543871344375e-10,1.71025187086217e-11,0.000305792690887035
5296.16186745746,2187.23227782522,-2954.80223633769,0.00061711357596028,2.07293571834051e-10,3.18465334108967e-11,0.00061711357596028
5416.12700486887,1994.03432453606,-2951.8023286301,0.000463314754570417,1.57162906754161e-10,2.17516184193859e-11,0.000463314754570417
5281.4023393455,2488.88595013849,-2957.74721876379,0.000662799974889686,3.58709726137383e-10,7.76913481675262e-11,0.000662799974889686
6340.27999850281,1562.69503911786,-2950.39589229976,0.000169505572690447,8.44185668164703e-12,9.91030189525162e-13,0.000169505572690447
6118.79894854262,1582.64951044893,-2954.16099705038,0.000199642211671882,1.70374028310922e-11,2.15110949354564e-12,0.000199642211671882
5892.16207155361,1590.59502203211,-2958.08186848845,0.000214301618355248,2.5687465977387e-11,3.28003333394171e-12,0.000214301618355248
5241.67418300997,2648.22607389657,-2973.51446626283,0.000544326996971351,5.94074956520282e-10,1.4379909388267e-09,0.000544326996971351
5192.73231432644,2931.47706074565,-2970.66334765134,0.000732437082671848,5.58658264167806e-08,9.92428265659051e-08,0.000732437082671848
5216.55747891933,2799.96314537969,-2972.02876279076,0.000809036471921509,1.52914392222584e-08,1.4609028816186e-08,0.000809036471921509
5762.73410905535,1795.63197234326,-2959.4179246946,0.000262784000692972,1.08573803735748e-10,8.43247343117001e-12,0.000262784000692972
5363.30415471287,2353.72689557229,-2968.07431985331,0.000649158830233424,2.66088716582575e-10,5.94236673513831e-11,0.000649158830233424
5409.13695633336,2482.38149577245,-2967.58563205012,0.000703883213794464,3.95307725730934e-10,1.1919747967066e-10,0.000703883213794464
5634.79646392173,2005.24137896531,-2961.14946381544,0.000380708003113721,1.50619290306103e-10,1.65854513503374e-11,0.000380708003113721
5517.65090349136,2202.75355310728,-2963.47932823042,0.000541265344081318,1.9955856392918e-10,2.35680710188333e-11,0.000541265344081318
5381.58272524597,2602.03682121619,-2969.07096556904,0.000616477695997117,5.13358944240353e-10,5.93582514611857e-10,0.000616477695997117
5342.4969258349,2751.18755734467,-2981.8138648351,0.000708359135768173,4.29848667941791e-09,3.09828160375912e-09,0.000708359135768173
5321.93173345092,2912.42674805899,-2978.29088890693,0.000876391312639865,7.71583146482874e-08,4.33036603851376e-08,0.000876391312639865
6423.47356654131,1723.97203582637,-2962.68340445584,0.000155652718498698,1.08894368929102e-11,1.29959198077696e-12,0.000155652718498698
5477.40059883,2677.74341505613,-2979.06041083037,0.000524533357003065,1.66701517053471e-09,4.16969054039984e-10,0.000524533357003065
5507.16123972336,2537.66205675401,-2978.56331072974,0.000642533065034764,6.24653249705099e-10,8.87367771132817e-11,0.000642533065034764
5523.71799112701,2397.29895593969,-2977.60228162942,0.000636497737013925,3.11574717593385e-10,5.31385210748833e-11,0.000636497737013925
5651.15733340065,2324.17011158339,-2973.98295497107,0.000506055107573374,2.47721653005864e-10,2.77356693460301e-11,0.000506055107573374
6239.16198286678,1759.35421739525,-2965.57291687678,0.000185823397294016,2.29699745263876e-11,2.99548362538875e-12,0.000185823397294016
6007.72216339296,1781.15314854054,-2969.28896531458,0.000218091148801249,8.80011528111983e-11,5.39623960735863e-12,0.000218091148801249
5868.39277694261,1988.88009903371,-2969.96437689869,0.000322217907169476,1.28640510302959e-10,1.0868645108098e-11,0.000322217907169476
5729.61767602279,2169.10631981418,-2971.99491535737,0.000435186357461115,1.72726489832167e-10,1.89532820448768e-11,0.000435186357461115
5449.29175307644,2835.05105128181,-2988.32369362171,0.00089877210792554,2.44116336785539e-08,9.32737301930093e-09,0.00089877210792554
5435.93716573914,2958.05023450619,-2984.65361220012,0.00114977152650977,2.65654671936476e-07,6.99625857057027e-08,0.00114977152650977
5482.75185684821,3034.94284906951,-2980.31921101563,0.00145452973249194,1.80485969577489e-06,2.8148275248202e-07,0.00145452973249194
5587.77852790192,2627.41749298924,-2989.05514730922,0.000457478927303122,1.29926641803355e-09,2.4402316865754e-10,0.000457478927303122
5596.06914388582,2786.61567916593,-2984.48001760224,0.000757873252856313,1.55553120579239e-08,3.35016104148648e-09,0.000757873252856313
5664.9368080664,2490.43597634812,-2986.9321362649,0.000543056446361532,3.53396185168875e-10,5.56750485117195e-11,0.000543056446361532
6406.20670591927,1908.41624601087,-2975.76015597247,0.000125816085883125,1.87701833175384e-11,2.26484857947574e-12,0.000125816085883125
5808.55178366602,2354.44674810845,-2982.8459045195,0.000499788054016552,2.3033602315172e-10,2.52815900979528e-11,0.000499788054016552
6151.61196604926,1994.57622145376,-2978.99975012477,0.000210612994657511,9.66716728018039e-11,6.39162073978433e-12,0.000210612994657511
5958.31670780048,2200.58424326038,-2980.12849842486,0.000380032544651914,1.45971461892636e-10,1.38846984035525e-11,0.000380032544651914
5168.5818488403,3148.09206624617,-2978.50757635164,0.00113144403004281,1.23280625342347e-05,1.98029710852567e-07,0.00113144403004281
5274.88930954539,3029.86280661426,-2976.80174716071,0.00115266552181336,1.05968888224004e-06,3.01417215629974e-07,0.00115266552181336
5373.63964135769,3028.2824476245,-2973.15857044772,0.00124211683702775,9.44318448637591e-07,5.0167907387452e-07,0.00124211683702775
5238.8951638045,3109.90941424083,-2976.2359240129,0.00155083067179823,4.94766691397844e-06,3.58488431361963e-06,0.00155083067179823
5167.13463245586,3240.97962305431,-2978.10946016166,0.00132837069458827,4.10427701306655e-05,0.000213387853804929,0.00132837069458827
5168.63008776801,3148.0752914791,-2967.9797092334,0.00100461638136299,9.72342649099161e-06,3.40086988862904e-05,0.00100461638136299
5274.91921301444,3029.84503307606,-2965.49613582796,0.00103230388998388,6.7948523604943e-07,3.5620954171684e-07,0.00103230388998388
5238.93858095715,3109.90923995255,-2965.43315639187,0.00137126786512427,3.49061322009281e-06,2.06908778309392e-05,0.00137126786512427
4971.29780100875,2967.16593860735,-2955.82744590238,0.000505125914043084,5.58949147402258e-08,1.78684975490278e-07,0.000505125914043084
4960.68140587016,3099.92846603068,-2966.25114630782,0.000480024157656014,1.50504937424219e-05,5.90683182049821e-05,0.000480024157656014
5055.34221953824,3072.16965492506,-2962.67470143734,0.000653885278203267,4.02549202023648e-06,2.27228763579015e-05,0.000653885278203267
5171.70014344436,3043.61640405774,-2958.1338175763,0.000847790564320499,1.53873751567038e-06,3.5656465557346e-06,0.000847790564320499
4870.6921013665,3152.78068893557,-2968.81842071742,0.000500027509812288,1.28476469816012e-06,9.54813488457148e-06,0.000500027509812288
4937.27146983956,3198.80109169668,-2976.50206545457,0.000588151910336847,2.11165642598709e-05,1.26857289685324e-06,0.000588151910336847
5053.20161321895,3192.34709100697,-2972.42207826645,0.000682028306600489,3.94864706588394e-05,3.58617379512974e-05,0.000682028306600489
4843.2962099879,3263.08261880569,-2980.30656202601,0.000619480025034431,1.03661950842867e-06,1.63877741047421e-05,0.000619480025034431
5167.18080358727,3240.91801255785,-2967.87037706651,0.00111704145574625,2.46398975997122e-05,1.37068144397059e-05,0.00111704145574625
4970.74416600557,3295.30785294051,-2987.74125725883,0.000466997297600736,2.81444440961336e-05,3.78087133956764e-07,0.000466997297600736
5082.01942220279,3296.34490265058,-2983.5836828756,0.000779085610661829,2.52722515496924e-05,3.73095710998141e-07,0.000779085610661829
4921.73757982341,3367.84096207553,-2992.14531047657,0.000402074010558573,2.5796765458478e-05,1.15862586103359e-06,0.000402074010558573
4825.49305822864,3389.77236431742,-2995.94467954529,0.000384311213829589,1.86228899172449e-05,3.91991163455941e-07,0.000384311213829589
5167.80806853193,3360.01834746968,-2982.17545930079,0.000989202088284753,1.14340781149206e-05,1.04675688687464e-05,0.000989202088284753
5043.97933682191,3396.33570524779,-2999.65566367359,0.000462239715004418,5.31927884256014e-07,2.40558436952831e-07,0.000462239715004418
4924.67559833934,3475.44835128966,-3007.0456180275,0.000424797202305962,1.37178137811957e-06,3.94225295175194e-07,0.000424797202305962
5169.57339401336,3478.55735235483,-2997.53412433042,0.000843239237217684,8.47188704201897e-07,1.38211714930673e-07,0.000843239237217684
4914.12104650712,3596.70353362735,-3012.91390288034,0.000278500229606166,9.69211700127989e-08,4.0392551696783e-08,0.000278500229606166
4759.95468051201,2749.84201004952,-2949.46242031006,0.000442513046984055,1.47451195376235e-08,9.03332715195729e-08,0.000442513046984055
4550.99752430664,2833.75346256284,-2954.82067590063,0.000477975034950545,4.12595667891875e-09,1.75966207607836e-08,0.000477975034950545
4841.89525616056,3032.64543241029,-2959.94858572577,0.000398768326840454,1.09063874646026e-07,9.96770656403724e-07,0.000398768326840454
4690.24347694215,2938.82143237566,-2963.61600046912,0.000496928539139544,1.98143851834203e-06,3.59910558271742e-05,0.000496928539139544
4567.05570176706,3030.19724404447,-2967.3876164711,0.000387845072222675,1.35884038413247e-05,0.000188236629374569,0.000387845072222675
4724.32325897945,3151.52319167916,-2973.11212119883,0.000472912244496993,1.85839846037381e-05,2.52396685900877e-05,0.000472912244496993
4581.60322686093,3199.80337600423,-2976.69183879432,0.000579676521329636,8.1728758453722e-07,0.000479421105285364,0.000579676521329636
4680.87330599762,3338.08537448209,-2988.31785571841,0.000296273222200313,7.54172318118845e-07,4.22169538114921e-07,0.000296273222200313
4756.65987515789,3506.25731028689,-3003.2955413989,0.000466488675886855,1.21547249468528e-08,1.93342520341411e-07,0.000466488675886855
4814.98892672509,3687.28887352461,-3020.41365435024,0.000258708033360747,4.24617839185581e-09,6.36891418428509e-08,0.000258708033360747
4517.89023616995,3312.30606343914,-2982.40329260058,0.00030285491139765,2.01163472518214e-06,1.99663506577159e-06,0.00030285491139765
4540.53670865276,3470.80768485638,-2998.56685931746,0.000156810029231921,1.89074332235638e-06,7.4280026196046e-06,0.000156810029231921
4599.84781417515,3657.15426857795,-3016.21571892693,0.000277957928687618,3.02145511036422e-07,1.16645034070129e-06,0.000277957928687618
4709.75879081049,3844.73093076216,-3024.64856319137,0.000255294208356125,2.68132357141319e-05,1.57909768908647e-07,0.000255294208356125
4373.19563886393,2936.41127954696,-2961.0831917267,0.000348588541208061,2.52162882813395e-08,1.54849464147271e-07,0.000348588541208061
4198.66297454869,3045.51216989967,-2967.47971737928,0.000207211175934171,3.23677426345276e-07,4.51254129382504e-05,0.000207211175934171
4399.45289719741,3171.93688493008,-2972.86061459505,0.000458718954277214,4.54047165557339e-07,0.000458718954277214,0.00036057938881577
4198.60677285006,3268.76652581108,-2980.44412426842,0.000324593963868873,3.99951485149221e-07,0.000106593319271272,0.000324593963868873
4372.1519248691,3379.62774378526,-2989.28159136159,0.00027930974304246,2.70337566382381e-05,3.4362032759322e-05,0.00027930974304246
4189.84875177417,3495.18100656989,-2999.02737120275,0.000184435783359991,1.86241475852922e-07,1.63082236989888e-07,0.000184435783359991
4374.35978867074,3623.47658041529,-3010.35746476871,0.00010487671000181,1.81767884511597e-05,1.04753577190904e-06,0.00010487671000181
4489.14266494253,3820.5404965128,-3023.49948995529,0.000740661185684179,1.38615254807004e-05,1.59564858389938e-05,0.000740661185684179
4173.18873828917,3668.39121043616,-3007.30094505788,1.2255371697362e-05,4.80143112065858e-08,2.59136416603554e-08,1.2255371697362e-05
4268.46391969971,3839.23519847281,-3019.33954911877,0.000214125775567813,4.58851548690859e-08,8.25089959816991e-08,0.000214125775567813
4932.4862348171,2603.68524155518,-2944.00114432699,0.000480690721228762,5.90552852229017e-09,9.05653231000026e-07,0.000480690721228762
4846.01860906645,2897.68612200057,-2947.88101554974,0.000677692166268091,3.40001426355644e-06,3.50685796889917e-06,0.000677692166268091
4950.98866144454,2789.12766099803,-2944.79714112571,0.000501936733520134,3.70830520031297e-07,4.54034964023625e-06,0.000501936733520134
4967.5164668293,2364.20612823149,-2939.20881080316,0.000524051433573556,4.6531193546438e-09,2.17768164160222e-07,0.000524051433573556
5420.10541470413,1592.53386794612,-2922.24625545551,0.000231255137497512,8.08604437475233e-11,2.0014327031665e-10,0.000231255137497512
5303.08508717381,1792.65752006988,-2924.76884161265,0.000375759550929264,1.15719910362445e-10,2.8423468210503e-11,0.000375759550929264
5093.74799585214,2183.60517366855,-2932.89219393287,0.000485057820472816,8.820750417802e-10,3.16184797676662e-09,0.000485057820472816
5194.77224944414,1989.99363435975,-2928.63577722322,0.000386957299858648,3.74330380025261e-10,7.50989549647631e-10,0.000386957299858648
5122.03490082652,2527.42280231058,-2949.81005791761,0.000595114260697886,7.05584246470157e-09,2.59337166526463e-08,0.000595114260697886
5092.27493951314,2706.52774049542,-2952.29592848457,0.000537490582921115,3.02093620140206e-10,4.91716247477374e-08,0.000537490582921115
5079.17587746715,2868.89634812078,-2951.87003134743,0.000665472911991799,6.74172939138308e-10,9.06960746460086e-08,0.000665472911991799
5097.88726867877,2982.16195398791,-2950.45857879025,0.000719303546713835,2.34683269800544e-07,2.15479414282031e-07,0.000719303546713835
5656.6512718231,1598.09142645442,-2933.06966293614,0.000239731450677936,7.78687202125448e-11,6.99217727191968e-12,0.000239731450677936
5187.26550124192,2354.21851925532,-2945.79804077893,0.000543385791752296,5.14798662412032e-10,3.4148718211066e-09,0.000543385791752296
5529.96027120761,1794.84958152902,-2935.31060662445,0.000305826916715955,1.19981443209635e-10,1.95146403094323e-11,0.000305826916715955
5416.12171331197,1993.96782677029,-2937.53265629336,0.000439121876665324,1.56614274819668e-10,1.99741317926776e-11,0.000439121876665324
5296.15681355677,2187.19232800723,-2940.87238239981,0.00058990947484239,2.02636574239659e-10,3.79889173871008e-11,0.00058990947484239
5281.39396616167,2488.85018588996,-2944.17170422425,0.000647294912036405,3.25216184312002e-10,1.64386558216009e-10,0.000647294912036405
5892.19231491446,1590.50524958106,-2943.47021252628,0.000215104040301705,2.56024378038286e-11,3.37705570603248e-12,0.000215104040301705
6340.32453716486,1562.58478702356,-2935.66444218627,0.000161187859812916,8.425189626469e-12,1.02266898262726e-12,0.000161187859812916
6118.83616791581,1582.54939741708,-2939.489131747,0.00019602655646074,1.6991375713553e-11,2.22232016272047e-12,0.00019602655646074
5241.66254201635,2648.18407572397,-2960.21690017917,0.000569517104201829,5.85960214348435e-10,1.55742860431204e-09,0.000569517104201829
5192.74894463904,2931.44283387187,-2958.88978593857,0.000701691404182194,2.55809573399802e-08,1.2699706175916e-07,0.000701691404182194
5216.55511586854,2799.90096424233,-2959.43294619078,0.000796036147304682,1.00907704788043e-08,5.90344149930174e-09,0.000796036147304682
5762.75690529595,1795.55027590077,-2945.20431787128,0.000252872419670537,1.08964763395065e-10,8.70594268464961e-12,0.000252872419670537
5363.29619938859,2353.68391124924,-2954.28294421558,0.000635542015529495,2.70798594651282e-10,8.3079876072844e-11,0.000635542015529495
5409.12664307934,2482.33853581103,-2953.91432062449,0.000696326633629528,3.42036163805991e-10,3.59205943089039e-10,0.000696326633629528
5634.8085960843,2005.16882030608,-2947.20104275093,0.000379895905116194,1.5106979954621e-10,1.72991242249424e-11,0.000379895905116194
5517.65212003253,2202.70010821843,-2949.68632381194,0.000519574053414054,1.99760909677218e-10,2.37836189688111e-11,0.000519574053414054
5381.5679106935,2601.98307288423,-2955.56560360734,0.000620463508142854,7.33812386653803e-10,7.3690600368653e-10,0.000620463508142854
6423.52108039451,1723.86038132186,-2948.2470829753,0.00014607080365403,1.08398915927534e-11,1.34303137051478e-12,0.00014607080365403
6239.2041817861,1759.25121037616,-2951.24212835262,0.000179424082445668,2.28435046802092e-11,3.10209089101173e-12,0.000179424082445668
6007.75761386409,1781.06084587438,-2955.07309543297,0.00021403738728156,8.80067664847376e-11,5.55233416526664e-12,0.00021403738728156
5342.48999742194,2751.10969230454,-2968.85046781888,0.000704792596206145,3.12586610977898e-09,2.64292179719729e-09,0.000704792596206145
5321.94429446371,2912.3833206673,-2966.25557162268,0.000827134728065304,4.82794231739907e-08,2.8259516370379e-08,0.000827134728065304
5868.42367068017,1988.80011402404,-2956.2509450323,0.000313172884859925,1.28899889377417e-10,1.11284441194181e-11,0.000313172884859925
5507.1502264407,2537.6167571342,-2965.05213347743,0.000633779428824236,6.09438140527861e-10,1.0905679699479e-10,0.000633779428824236
5523.71287505885,2397.24703568807,-2963.97050225447,0.000622497993291703,2.94815593138038e-10,5.93425647405005e-11,0.000622497993291703
5729.63727280808,2169.03875721383,-2958.45865364556,0.00042500772423375,1.73190528198288e-10,2.05454845719092e-11,0.00042500772423375
5651.16470298909,2324.11251013999,-2960.45453317663,0.000510701673343102,2.50406686095264e-10,2.86817046372576e-11,0.000510701673343102
5477.37864373254,2677.68130863805,-2965.71922186199,0.00057343826479318,1.45577617686977e-09,4.12464459485766e-10,0.00057343826479318
5449.29517374661,2834.98853015441,-2975.78132208963,0.000870831750855555,1.7056678311704e-08,1.23738621632453e-08,0.000870831750855555
5435.95671162114,2958.0136721012,-2972.79050747109,0.00106983089635288,1.85844204202255e-07,5.92963289718851e-08,0.00106983089635288
5482.78200488454,3034.92130369084,-2968.84356978925,0.00128302124949571,1.50671866938984e-06,2.73882298901178e-07,0.00128302124949571
6406.25474285373,1908.31035332712,-2961.72017705604,0.000130427343026206,1.87813251550891e-11,2.39032131536549e-12,0.000130427343026206
5587.77183015439,2627.34751432843,-2975.77252729153,0.000504248468610599,7.91026470379531e-10,1.01313441773539e-10,0.000504248468610599
5596.07311817846,2786.54851853836,-2971.79663035812,0.000755486579315051,5.95791627725827e-09,4.41372439967226e-09,0.000755486579315051
5664.94125622485,2490.37986663896,-2973.6187546825,0.000545859004209693,4.15180339833588e-10,5.85806547779491e-11,0.000545859004209693
5808.5722767039,2354.38011721651,-2969.58867364511,0.000487963172659327,2.32410132460787e-10,2.59592083995494e-11,0.000487963172659327
6151.65322709715,1994.48411581235,-2965.22786009219,0.000212470054367153,9.67462635924946e-11,6.63052919119934e-12,0.000212470054367153
5958.35218328877,2200.50730590607,-2966.80528472875,0.000365497732938927,1.46362437859792e-10,1.42571367239867e-11,0.000365497732938927
5558.10248435246,2937.2343491637,-2980.71925472081,0.000951844371298097,2.9062977434305e-07,6.10426781846008e-08,0.000951844371298097
5570.99866572588,3052.73106513832,-2976.10842772986,0.00139297593543402,3.36320070861192e-06,4.11603417941095e-08,0.00139297593543402
5619.60326928856,3106.99452922548,-2972.18949506479,0.00147426691833544,4.50839976549515e-06,1.81872404224774e-07,0.00147426691833544
5675.45219037085,2894.29477604288,-2977.72797438344,0.000688181507889285,1.00596536538947e-08,4.45451179221061e-09,0.000688181507889285
5716.21867604599,2656.98255708871,-2984.18432156112,0.000303607465243579,9.80832900400995e-10,1.20650912121815e-10,0.000303607465243579
5753.66574466352,2789.72283106446,-2978.35725547894,0.000697030590895253,2.47852636026285e-08,1.13443091017702e-09,0.000697030590895253
5865.13794880063,2527.493984153,-2980.39090463889,0.000471437477843499,3.82575079191429e-10,4.58390787995502e-11,0.000471437477843499
6384.43815479349,2129.33608507368,-2973.91735860914,0.000109760088659644,3.57268004943268e-11,4.13210656917369e-12,0.000109760088659644
6011.93140627764,2401.23588899362,-2977.69643619777,0.000426511059950305,1.92434320510452e-10,2.02186480910327e-11,0.000426511059950305
6198.46822203213,2255.29317127572,-2975.6198402544,0.000272653361176591,1.09901679336958e-10,8.85240762217111e-12,0.000272653361176591
5373.66821515121,3028.26142352645,-2961.7355693467,0.00107906424641797,7.1845499781948e-07,2.61841503923758e-07,0.00107906424641797
5168.67832669572,3148.05851671203,-2957.45184211515,0.000896785168590745,1.16042653593923e-05,6.77005100215464e-05,0.000896785168590745
5274.94911648349,3029.82725953785,-2954.19052449522,0.000916680368428289,4.00827591772405e-07,1.73853212666339e-07,0.000916680368428289
5238.9819981098,3109.90906566426,-2954.63038877084,0.00117870121851152,2.6899736716103e-06,5.29717509668948e-05,0.00117870121851152
4971.32272780952,2967.14830333249,-2944.57063158112,0.00052098039367064,1.3337794883855e-07,1.14240261910888e-07,0.00052098039367064
4960.71611390808,3099.9415384825,-2955.84190290349,0.000497445268130488,5.66334790174451e-06,0.000100159486676126,0.000497445268130488
5055.38149369734,3072.1688681221,-2951.91570139424,0.00064340147100169,3.35646002394044e-06,4.60227280004159e-05,0.00064340147100169
5171.73295633544,3043.60391651696,-2947.02432313714,0.000798849877031277,8.47155042638247e-07,6.04362512571688e-06,0.000798849877031277
4870.72804797537,3152.78111825488,-2958.87201616419,0.000502043584475653,9.41815169717884e-07,3.55453657323619e-07,0.000502043584475653
4937.33062437109,3198.81882321125,-2966.62740084089,0.000562732623997554,1.38242862782736e-06,6.8884792023476e-05,0.000562732623997554
5053.26633662535,3192.35342746036,-2962.27176229931,0.000643104469573141,2.01794266728177e-05,3.7296851022507e-05,0.000643104469573141
4843.31844480766,3262.96289878825,-2970.67937618146,0.000580982808238487,2.02105176297895e-06,5.13590877218528e-05,0.000580982808238487
5167.22697471868,3240.85640206139,-2957.63129397137,0.000928544507919776,4.90910469685424e-05,1.38394853765834e-05,0.000928544507919776
4970.77967211736,3295.22427990819,-2977.67901808402,0.000452995572751047,2.51396263658927e-05,1.90668812989998e-05,0.000452995572751047
5082.06630909726,3296.27103856343,-2973.27786790671,0.000731453979311914,2.2188370200638e-05,2.18533387113611e-05,0.000731453979311914
4921.77141352164,3367.76999039255,-2981.93728019355,0.000425091920661107,2.40124324420368e-05,9.42140570501226e-06,0.000425091920661107
4825.5260916505,3389.6962289991,-2985.89188416773,0.000403612937295039,1.99735572674205e-05,2.41541081077007e-06,0.000403612937295039
5167.84292443019,3359.96433597018,-2971.48950534953,0.000864419196938997,8.69222245594046e-06,2.35911970543095e-05,0.000864419196938997
5044.01177474752,3396.28311173025,-2989.0665081077,0.000469367457584019,4.49263797524273e-06,8.27534488964293e-07,0.000469367457584019
4924.69631458788,3475.40630071764,-2996.42606777551,0.00043813581289953,8.12414454667559e-07,2.21896410448699e-07,0.00043813581289953
5169.585051452,3478.53033610681,-2986.44291862491,0.000767270125702303,6.20703126569674e-07,1.0452074531022e-07,0.000767270125702303
5292.45319500849,3523.90698278191,-2993.22107503719,0.00122499697783339,1.57606207970408e-06,6.55835408938775e-08,0.00122499697783339
5391.58646816566,3551.12364379441,-2989.3056596918,0.00123416624744807,1.07381837091289e-06,3.29278776672858e-08,0.00123416624744807
5064.8461732348,3570.01087959599,-3006.17388595492,0.000359050248183065,9.60225691444691e-08,3.1145384601953e-08,0.000359050248183065
5204.91644157092,3590.98660394513,-3000.05386288444,0.000705069787108436,1.48199489680677e-07,5.06985479742321e-08,0.000705069787108436
4914.12632176979,3596.69065415278,-3001.90539104645,0.000304294173917073,6.66967954501989e-08,3.20791850282799e-08,0.000304294173917073
4982.26634389419,3724.28862831032,-3015.08046548499,0.000385354716221201,9.73390439218528e-10,3.07207186430401e-09,0.000385354716221201
4841.92440119549,3032.65078841586,-2949.36312424476,0.000427100470644619,4.35049492361548e-09,1.13707938884404e-07,0.000427100470644619
4690.26053229383,2938.81515766324,-2952.56486220625,0.00044781570323273,1.3628362733982e-06,3.61542420282698e-05,0.00044781570323273
4567.0835613481,3030.21788212308,-2957.18544802125,0.000500130647412594,3.04527179867777e-06,0.000169082636781521,0.000500130647412594
4724.36255580666,3151.54230447614,-2963.46204621678,0.000455115399980653,9.88214753766081e-06,0.000285452112852932,0.000455115399980653
4581.60951539755,3199.86119263589,-2967.64096302895,0.00100837083958438,3.20578950766717e-06,0.00100837083958438,0.000534047962203894
4680.91315992239,3337.97911327225,-2978.79428242292,0.000281071224920921,8.29256511918788e-07,4.95105785438846e-06,0.000281071224920921
4756.68308722245,3506.2081129738,-2992.94807935278,0.000461481035127656,1.68014867086007e-08,3.94386841970786e-07,0.000461481035127656
4814.98406395711,3687.28431070724,-3009.30627557515,0.00012219866814643,1.93915026119886e-10,7.88847446048559e-08,0.00012219866814643
4911.79834906538,3845.99126379633,-3016.04725818756,1.72071823975086e-05,2.67117957432425e-07,2.70693814119487e-08,1.72071823975086e-05
4517.93198405516,3312.17504952676,-2973.29991842959,0.000304004032054188,2.04633683401822e-06,2.77168091795921e-05,0.000304004032054188
4540.56879730676,3470.72861579682,-2988.80850039785,0.000171483054092387,1.66616509960872e-06,1.27284904959832e-05,0.000171483054092387
4599.85599763695,3657.13782036678,-3005.62479244634,0.000162667886786608,3.02341749427458e-07,4.04079036374796e-06,0.000162667886786608
4709.75117836213,3844.68021455728,-3013.88272530084,0.000155139757984295,2.53999813407274e-05,6.21954504010448e-07,0.000155139757984295
4399.52889619331,3171.9840011743,-2963.8015412615,0.0011176704144763,2.95185929534954e-07,0.0011176704144763,0.000375355211266836
4198.64794481403,3268.66427750369,-2971.46736667016,0.000411153560863468,1.52842205101201e-08,0.000411153560863468,0.000266904106543237
4372.19416442723,3379.52294438078,-2980.02206181507,0.000269933317985274,2.13060053854508e-05,7.33833740077615e-05,0.000269933317985274
4189.87175496219,3495.12416817979,-2989.3878405737,0.000171434548315777,1.79548878824647e-07,1.61208611665738e-07,0.000171434548315777
4374.37181956849,3623.44939124967,-3000.14434715794,0.000146016864226226,1.61686774324732e-05,5.65047159160619e-06,0.000146016864226226
4489.14242189644,3820.498184501,-3012.93492026752,0.00057537676067977,1.15939102647998e-05,2.95867425719348e-05,0.00057537676067977
4173.19236065091,3668.38539525856,-2997.04359957733,5.33463618480574e-05,3.05582419391915e-08,2.04582380172738e-08,5.33463618480574e-05
4268.45451126194,3839.21222324653,-3008.89205469368,0.00012579107586994,8.31113080392001e-09,4.05558863481753e-08,0.00012579107586994
5122.02494019918,2527.39515655206,-2936.45520229756,0.000545999549857313,1.72318200153756e-08,5.9723767107786e-08,0.000545999549857313
5092.26173789994,2706.45255490879,-2939.31561438912,0.000494671562856741,6.40846519759998e-10,4.92838337013328e-08,0.000494671562856741
5079.18505223922,2868.85453906178,-2939.86707703924,0.000634758779826592,1.27313270768784e-08,1.40660349440866e-07,0.000634758779826592
5097.91191550893,2982.14098004389,-2939.08739097639,0.000705929180469809,1.53702703826403e-07,2.43398799826698e-07,0.000705929180469809
5656.66174346788,1598.01383670654,-2918.31571179917,0.00023979910353777,3.35591778892334e-11,7.30969818575704e-12,0.00023979910353777
5187.26133239628,2354.18700272857,-2932.15739996512,0.000559787808904177,5.58928109134666e-10,2.50121000690182e-10,0.000559787808904177
5281.38559297784,2488.81442164143,-2930.59618968471,0.000644300208479755,3.27496462006968e-10,6.77733592482667e-10,0.000644300208479755
5529.96177989494,1794.77540124766,-2920.7654797991,0.00031830271425958,1.15066354224012e-10,2.09287565790532e-11,0.00031830271425958
5416.11642175507,1993.90132900452,-2923.26298395662,0.00040154413785176,1.51957202980072e-10,2.68545719393553e-11,0.00040154413785176
5296.15175965609,2187.15237818924,-2926.94252846193,0.00055183723880345,2.17064646772699e-10,3.53522244475912e-11,0.00055183723880345
5892.22255827531,1590.41547713001,-2928.85855656412,0.000214299350822359,2.55367899953701e-11,3.47418254688093e-12,0.000214299350822359
6340.36907582691,1562.47453492926,-2920.93299207278,0.000147710629623806,8.41226419556906e-12,1.05389925215398e-12,0.000147710629623806
6118.873387289,1582.44928438523,-2924.81726644362,0.000187810659500468,1.69570191903077e-11,2.29473035122899e-12,0.000187810659500468
5241.65090102274,2648.14207755137,-2946.91933409552,0.000595009283594138,5.49922470192952e-10,1.74349820601006e-09,0.000595009283594138
5216.55275281775,2799.83878310496,-2946.8371295908,0.000787844262084282,4.16624960665796e-09,1.33949780072691e-08,0.000787844262084282
5192.76557495163,2931.40860699808,-2947.11622422581,0.000680839777220605,7.80653185465078e-09,1.39429679023814e-07,0.000680839777220605
5762.77970153654,1795.46857945828,-2930.99071104796,0.000246904761355615,1.09419819884964e-10,8.95084846753303e-12,0.000246904761355615
5363.28824406431,2353.64092692619,-2940.49156857785,0.000620882808648868,2.55806307649363e-10,1.15199561484397e-10,0.000620882808648868
5409.11632982533,2482.29557584961,-2940.24300919887,0.000686604272438827,3.45836860911704e-10,3.39899776076396e-10,0.000686604272438827
5634.82072824687,2005.09626164686,-2933.25262168642,0.000381665094181435,1.51639584415014e-10,1.79107704391016e-11,0.000381665094181435
5517.6533365737,2202.64666332959,-2935.89331939347,0.000499020714324993,2.0036530607256e-10,2.16607921300827e-11,0.000499020714324993
5381.55309614103,2601.92932455228,-2942.06024164564,0.000617430003470334,4.5286699905233e-10,3.71784321154246e-10,0.000617430003470334
6423.56859424771,1723.74872681735,-2933.81076149477,0.000132228062272492,1.07993278947378e-11,1.3917864714123e-12,0.000132228062272492
6007.79306433522,1780.96854320823,-2940.85722555136,0.000209895998755653,8.80363528677689e-11,5.71429424326886e-12,0.000209895998755653
6239.24638070543,1759.14820335708,-2936.91133982846,0.000170491891552231,2.27364778191375e-11,3.21355340637986e-12,0.000170491891552231
5342.48306900899,2751.03182726441,-2955.88707080267,0.000692639913612346,2.1112886786248e-09,1.4691271635397e-09,0.000692639913612346
5321.9568554765,2912.33989327561,-2954.22025433843,0.000779437782866953,2.89665445753001e-08,3.25378426968565e-08,0.000779437782866953
5868.45456441773,1988.72012901437,-2942.5375131659,0.000309112199899895,1.29175010244985e-10,1.1387243634138e-11,0.000309112199899895
5507.13921315805,2537.5714575144,-2951.54095622511,0.000620374948077271,4.35719866170452e-10,2.5998702954403e-10,0.000620374948077271
5523.70775899069,2397.19511543645,-2950.33872287953,0.000608626331068613,2.98678828718023e-10,6.45565209137668e-11,0.000608626331068613
5729.65686959337,2168.97119461347,-2944.92239193374,0.000421327694911348,1.73655799749691e-10,2.1004458193264e-11,0.000421327694911348
5651.17207257754,2324.05490869658,-2946.92611138218,0.000515644893038755,2.53292267888199e-10,2.96262725824014e-11,0.000515644893038755
5477.35668863508,2677.61920221998,-2952.37803289361,0.000604727876990381,6.9726251693485e-10,1.38547155400885e-09,0.000604727876990381
6406.30277978819,1908.20446064337,-2947.6801981396,0.000133911141020452,1.88016879193544e-11,2.546500846965e-12,0.000133911141020452
6151.69448814504,1994.39201017095,-2951.45597005961,0.000216605994190083,9.68446299418387e-11,6.88037376308486e-12,0.000216605994190083
5449.29859441678,2834.92600902701,-2963.23895055754,0.000837777166437915,1.11210447738341e-08,3.01571587171267e-08,0.000837777166437915
5435.97625750313,2957.97710969621,-2960.92740274205,0.000993207377233423,1.2182772568941e-07,5.91257191131919e-08,0.000993207377233423
5482.81215292086,3034.89975831218,-2957.36792856287,0.00112999324189025,1.18939021540516e-06,4.30053683428405e-07,0.00112999324189025
5587.76513240686,2627.27753566763,-2962.48990727384,0.000529656181389125,6.81067418687907e-10,1.31878341041421e-10,0.000529656181389125
5958.38765877706,2200.43036855176,-2953.48207103265,0.000358900423321579,1.46745597245499e-10,1.46159022583556e-11,0.000358900423321579
5664.94570438329,2490.3237569298,-2960.3053731001,0.00054247339780885,3.73485448994429e-10,6.17652961511386e-11,0.00054247339780885
5808.59276974178,2354.31348632457,-2956.33144277072,0.000481251796903045,2.34615238153197e-10,2.66447450872627e-11,0.000481251796903045
5596.0770924711,2786.48135791079,-2959.11324311399,0.000744263001483385,9.01931422302336e-09,7.49226902382028e-09,0.000744263001483385
5558.12506793905,2937.1954973098,-2968.77772677237,0.000897138642185318,2.29457765929644e-07,6.22837739739936e-08,0.000897138642185318
5571.03857297521,3052.71392872739,-2964.74256217125,0.00126241861003919,3.78050053740667e-06,1.0595400465397e-07,0.00126241861003919
5619.65529521139,3106.99274911962,-2961.14934772124,0.00128684990829224,1.95806427392983e-06,6.45336520923944e-07,0.00128684990829224
5675.47885122278,2894.25286845289,-2965.6962041608,0.00065720835926741,1.786102948538e-08,2.58202238178919e-09,0.00065720835926741
6384.48601370996,2129.23762019113,-2960.33518343389,0.000120117880599348,3.74023121460267e-11,3.88728889405998e-12,0.000120117880599348
5716.22356142166,2656.91712410243,-2971.1663353197,0.000362999564742838,7.7625130615247e-10,1.13116375105895e-10,0.000362999564742838
5753.68451518499,2789.66385740777,-2965.88165986014,0.00070066914999686,2.33908416326805e-08,1.28163589420501e-09,0.00070066914999686
5865.16147356962,2527.42797686575,-2967.41785898941,0.00048272386450921,3.53972798245271e-10,4.9542149778994e-11,0.00048272386450921
6011.96575224652,2401.16090891173,-2964.61818183517,0.000424565410799018,1.93857133754711e-10,2.08729681541972e-11,0.000424565410799018
6198.50971396889,2255.20655298944,-2962.29432128209,0.000273662206118782,1.10555618628899e-10,9.31917349313473e-12,0.000273662206118782
5671.10910889842,3014.86747802488,-2973.19677901967,0.000991271001100783,5.95347362152851e-07,8.51481485805084e-08,0.000991271001100783
5703.05519451669,3128.90070752731,-2967.91461095526,0.00115442601288884,1.47225391422175e-06,1.77529431293443e-07,0.00115442601288884
5779.08015347623,2929.41619284245,-2972.31532137787,0.000549934744774542,4.81875844537492e-09,1.1500381918661e-08,0.000549934744774542
5890.91726077797,2705.10397817294,-2976.88832707656,0.000233713399519985,7.94763959474511e-10,1.96668088442254e-10,0.000233713399519985
5866.18900843967,2843.35287900657,-2972.07795348957,0.000624444178666037,1.70953362106639e-08,5.66203423128573e-10,0.000624444178666037
6043.83175933098,2618.17280713816,-2974.84918331139,0.000102507349271039,3.83913535020762e-10,4.40353143153015e-11,0.000102507349271039
6403.1613394353,2363.26544334734,-2970.77679240211,0.000253512333707207,8.688985858556e-11,1.83120613617359e-11,0.000253512333707207
6221.15397936827,2492.47673489521,-2972.8188796969,0.000212188814909536,1.52657389137848e-10,1.69878336104195e-11,0.000212188814909536
5708.84555376593,3239.27955009811,-2966.33042320748,0.00146495375473153,1.00798813280536e-06,4.75358054679763e-07,0.00146495375473153
5373.69678894473,3028.2403994284,-2950.31256824568,0.000914161843101169,4.53106066580515e-07,2.17795424845117e-07,0.000914161843101169
5274.97901995253,3029.80948599964,-2942.88491316248,0.000817972957904846,2.07748622689191e-07,9.41704515933482e-07,0.000817972957904846
5168.72656562343,3148.04174194496,-2946.92397499691,0.000792578579524821,6.72590800865838e-06,0.000121921554852441,0.000792578579524821
5239.02541526245,3109.90889137598,-2943.82762114981,0.000995224751620181,2.17242279844733e-06,9.43175327451719e-05,0.000995224751620181
5499.06767890785,3546.19205516259,-2983.49332801538,0.00147541536557992,6.68936783536035e-07,4.7541388591655e-08,0.00147541536557992
5448.38328072269,3636.82897691277,-2989.14242178255,0.000652819091900963,1.93173973872241e-07,2.48816939619163e-08,0.000652819091900963
5055.42076785645,3072.16808131913,-2941.15670135113,0.000627339631250197,2.21700544564831e-06,7.22751948152842e-05,0.000627339631250197
5171.76576922652,3043.59142897618,-2935.91482869797,0.000751009751365318,4.90208776446285e-07,7.54693889132186e-06,0.000751009751365318
4960.75082194601,3099.95461093433,-2945.43265949917,0.000521960350831048,3.07766225596779e-06,0.000118730650120604,0.000521960350831048
4870.76399458424,3152.78154757418,-2948.92561161096,0.000498050985907957,4.29938052383542e-07,8.19832621188873e-05,0.000498050985907957
4937.38977890263,3198.83655472582,-2956.75273622721,0.000559871379476044,2.26430859524249e-06,0.000290021626793889,0.000559871379476044
5053.33106003175,3192.35976391375,-2952.12144633218,0.000629694495999538,2.31565959440289e-06,0.000320253836061482,0.000629694495999538
4843.34067962742,3262.84317877081,-2961.0521903369,0.000561730946959911,1.64083574113786e-07,0.000362864065635929,0.000561730946959911
5167.27314585008,3240.79479156493,-2947.39221087622,0.000765784554463004,1.70828245019306e-05,0.000391847530897223,0.000765784554463004
4970.81517822916,3295.14070687586,-2967.61677890922,0.00045281535267307,1.88996307238351e-05,2.80662840116818e-05,0.00045281535267307
5082.11319599174,3296.19717447628,-2962.97205293781,0.00068542834945605,1.90459132796405e-05,7.50276961778848e-05,0.00068542834945605
4825.55912507236,3389.62009368078,-2975.83908879017,0.000410528075965634,1.92999227669981e-05,3.45238954447068e-05,0.000410528075965634
4921.80524721986,3367.69901870958,-2971.72924991054,0.000440172610116539,2.09717475842026e-05,3.52340380502155e-05,0.000440172610116539
5167.87778032845,3359.91032447069,-2960.80355139828,0.000746155205013592,1.37597021841706e-05,4.15193795173579e-05,0.000746155205013592
5044.04421267313,3396.23051821272,-2978.47735254182,0.000471515004882775,1.6910496495211e-06,1.46582029405438e-06,0.000471515004882775
4924.71703083642,3475.36425014562,-2985.80651752352,0.000447317138222249,5.77059791404487e-07,1.56883307361619e-07,0.000447317138222249
5169.59670889064,3478.50331985878,-2975.35171291939,0.000694365335742143,4.3950303801373e-07,3.50428540590929e-07,0.000694365335742143
5292.45106360459,3523.89166435737,-2981.82331034526,0.00107065843207335,1.50739701027546e-06,5.00625845021728e-08,0.00107065843207335
5391.57446223092,3551.11493356892,-2977.72172138391,0.00105811128117884,9.71642124189188e-07,7.64374448698147e-08,0.00105811128117884
5064.84117861366,3570.00268398695,-2994.90709710082,0.00039732118303576,6.74725571819563e-08,2.86998469256508e-08,0.00039732118303576
5204.89799958175,3590.98980635968,-2988.51385312234,0.000675936119847433,1.07677959463991e-07,3.4204189640397e-08,0.000675936119847433
5304.38651079152,3671.28305890711,-2997.89540843682,0.000132493699571314,5.46436843903883e-08,8.50049290961507e-09,0.000132493699571314
5157.90914224339,3711.76624101133,-3006.31925846971,0.00015474933756416,6.47764798826383e-09,1.40452408929652e-09,0.00015474933756416
4914.13159703245,3596.67777467821,-2990.89687921255,0.00031781898361734,4.0335690596935e-08,5.5992274333143e-08,0.00031781898361734
4982.2417665593,3724.30610363925,-3003.52759859599,0.000204325524926146,4.56807878010113e-10,2.14353654275053e-09,0.000204325524926146
5100.47694855879,3863.38464890364,-3007.1270505342,0.000140883084454275,1.22697772597143e-07,9.69696159311451e-09,0.000140883084454275
4724.40185263388,3151.56141727311,-2953.81197123473,0.000846949346440309,8.69721250470911e-07,0.000846949346440309,0.000455500748497926
4581.61580393417,3199.91900926754,-2958.59008726358,0.00172545728004939,2.16825295050001e-05,0.00172545728004939,0.00052910962443234
4680.95301384716,3337.87285206241,-2969.27070912742,0.000264800489621727,9.42911512215835e-07,1.96860468109547e-07,0.000264800489621727
4756.706299287,3506.15891566072,-2982.60061730666,0.000440205321802249,6.66615937659484e-09,3.68437229750158e-07,0.000440205321802249
4814.97920118912,3687.27974788986,-2998.19889680007,2.92211862961827e-05,4.34132573697454e-09,7.59457037149289e-08,2.92211862961827e-05
4911.78085764183,3845.92786518945,-3004.9003739172,8.22438419999167e-05,2.11473659502334e-07,1.8164895861105e-08,8.22438419999167e-05
4517.97373194036,3312.04403561438,-2964.1965442586,0.000312511646092105,1.39594883183677e-06,0.000276121169149191,0.000312511646092105
4540.60088596075,3470.64954673725,-2979.05014147824,0.000183458496147721,1.39478672268301e-06,1.30924924049764e-05,0.000183458496147721
4599.86418109876,3657.12137215561,-2995.03386596575,5.95627410132286e-05,3.00871540773588e-07,6.73476868800121e-06,5.95627410132286e-05
4709.74356591376,3844.62949835241,-3003.11688741032,0.000109189117074279,2.33336134572429e-05,3.63279195570834e-06,0.000109189117074279
4372.23640398537,3379.41814497631,-2970.76253226855,0.000270470674419611,7.49927237687427e-06,0.00011384646891541,0.000270470674419611
4189.8947581502,3495.06732978969,-2979.74830994464,0.000157976795223314,1.43477979216477e-07,2.82473337433517e-07,0.000157976795223314
4374.38385046624,3623.42220208405,-2989.93122954717,0.000215019717107675,6.66585957489906e-06,1.46448597034767e-05,0.000215019717107675
4489.14217885035,3820.45587248921,-3002.37035057975,0.000410604039826962,4.10746328894792e-06,7.52406638252492e-05,0.000410604039826962
4173.19598301265,3668.37958008095,-2986.78625409679,9.92288646725261e-05,1.48875645696718e-08,2.9087169776318e-08,9.92288646725261e-05
4268.44510282418,3839.18924802026,-2998.44456026858,4.53260170635167e-05,2.93416190410574e-09,2.2214434121169e-08,4.53260170635167e-05
5241.63926002912,2648.10007937878,-2933.62176801186,0.000630568200261046,3.97744981929683e-10,2.69807964308914e-09,0.000630568200261046
5216.55038976696,2799.77660196759,-2934.24131299082,0.000787549845558737,6.73111381104241e-10,1.95295874570139e-08,0.000787549845558737
5192.78220526423,2931.3743801243,-2935.34266251305,0.000680385889647766,1.13728632832855e-09,1.81869633984115e-07,0.000680385889647766
5892.25280163615,1590.32570467896,-2914.24690060195,0.000212272351381373,2.54150731190287e-11,3.5680591371535e-12,0.000212272351381373
6118.91060666218,1582.34917135338,-2910.14540114024,0.00017134757134058,1.6934663692135e-11,2.36746187011971e-12,0.00017134757134058
6340.41361448896,1562.36428283496,-2906.20154195929,0.000123536412488961,8.40358606514918e-12,1.08656012047805e-12,0.000123536412488961
5762.80249777714,1795.38688301579,-2916.77710422464,0.000249573738346189,1.0998591335162e-10,9.36063161787303e-12,0.000249573738346189
5363.28028874003,2353.59794260314,-2926.70019294012,0.000600667960804995,2.54526687972331e-10,6.03931401093474e-11,0.000600667960804995
5381.53828158857,2601.87557622033,-2928.55487968394,0.000605105916942247,4.18260439597701e-10,1.05714255338848e-09,0.000605105916942247
5409.10601657131,2482.25261588819,-2926.57169777324,0.000668849630942827,3.57576984160368e-10,4.19347143986526e-10,0.000668849630942827
5634.83286040944,2005.02370298763,-2919.30420062192,0.00038481988650467,1.52292847904936e-10,1.86294218193136e-11,0.00038481988650467
5517.65455311487,2202.59321844074,-2922.10031497499,0.000475662152000533,2.01742717906174e-10,2.8535579588405e-11,0.000475662152000533
6423.6161081009,1723.63707231284,-2919.37444001423,0.00011173945637187,1.07680800434849e-11,1.45218219454802e-12,0.00011173945637187
6007.82851480635,1780.87624054208,-2926.64135566975,0.000204927317176963,8.80914529542077e-11,5.88630470295413e-12,0.000204927317176963
6239.28857962475,1759.04519633799,-2922.5805513043,0.000157581941395909,2.26605017112616e-11,3.33533157898136e-12,0.000157581941395909
5342.47614059604,2750.95396222427,-2942.92367378645,0.000678759202353579,7.10087165688202e-10,1.63755857366842e-09,0.000678759202353579
5321.96941648929,2912.29646588392,-2942.18493705417,0.000735466548431296,1.61910965470009e-08,3.25364125266856e-08,0.000735466548431296
5868.48545815529,1988.6401440047,-2928.82408129951,0.000310260135311395,1.29478229685604e-10,1.16438143933346e-11,0.000310260135311395
5523.70264292254,2397.14319518483,-2936.70694350458,0.000596010032556843,3.03934758003296e-10,7.04258042928087e-11,0.000596010032556843
5507.12819987539,2537.5261578946,-2938.0297789728,0.000604545748782962,4.050324197347e-10,1.06843887534022e-10,0.000604545748782962
5729.67646637866,2168.90363201311,-2931.38613022193,0.000424236688824605,1.74156317313827e-10,2.15379836130936e-11,0.000424236688824605
5651.17944216598,2323.99730725318,-2933.39768958773,0.000519586660576265,2.5631947374942e-10,3.05744358357652e-11,0.000519586660576265
5477.33473353762,2677.55709580191,-2939.03684392524,0.000626780119558181,8.38601799504905e-10,1.47746487266596e-09,0.000626780119558181
6406.35081672265,1908.09856795961,-2933.64021922316,0.000136413362465836,1.88057225943823e-11,2.74288670622976e-12,0.000136413362465836
6151.73574919294,1994.29990452955,-2937.68408002703,0.000222261861753641,9.69482059700057e-11,7.13965842573129e-12,0.000222261861753641
5449.30201508695,2834.86348789961,-2950.69657902546,0.00080461333942202,7.00364649134863e-09,2.36750285097639e-08,0.00080461333942202
5435.99580338513,2957.94054729121,-2949.06429801302,0.000920754307482449,7.46072020439786e-08,4.18013739484907e-08,0.000920754307482449
5482.84230095719,3034.87821293351,-2945.89228733649,0.000980603626377919,8.37654000305852e-07,5.18544363475709e-07,0.000980603626377919
5958.42313426535,2200.35343119744,-2940.15885733655,0.000359223934684906,1.4713571347816e-10,1.49585249829866e-11,0.000359223934684906
5587.75843465932,2627.20755700682,-2949.20728725616,0.000545496113539678,8.06238685182583e-10,1.02535473240491e-10,0.000545496113539678
5664.95015254174,2490.26764722064,-2946.9919915177,0.000535997078235836,3.63149603625344e-10,6.40799060449949e-11,0.000535997078235836
5808.61326277966,2354.24685543264,-2943.07421189632,0.000478279461868429,2.36887094112775e-10,2.7333548184925e-11,0.000478279461868429
5596.08106676374,2786.41419728322,-2946.42985586986,0.000730619720384762,4.48202781226579e-09,3.3923625043121e-09,0.000730619720384762
6384.53387262644,2129.13915530858,-2946.75300825864,0.000129885068215146,2.96791960806129e-11,4.56360226608881e-12,0.000129885068215146
6198.55120590565,2255.11993470316,-2948.96880230978,0.000274605835658066,1.11455006255801e-10,9.53058451850956e-12,0.000274605835658066
5558.14765152564,2937.1566454559,-2956.83619882393,0.000841542471522086,1.75202973075439e-07,3.61406952276331e-08,0.000841542471522086
5571.07848022454,3052.69679231645,-2953.37669661264,0.00113135726894401,6.9596948184657e-06,2.08228252238839e-07,0.00113135726894401
5716.22844679733,2656.85169111616,-2958.14834907828,0.000405219805034899,6.41201319315008e-10,1.14720426937195e-10,0.000405219805034899
6012.00009821541,2401.08592882984,-2951.53992747257,0.000422580283853943,1.95522470687208e-10,2.16110307947278e-11,0.000422580283853943
5865.18499833862,2527.36196957851,-2954.44481333992,0.0004867404876623,3.49953438163114e-10,4.95528388517457e-11,0.0004867404876623
5675.50551207472,2894.2109608629,-2953.66443393816,0.000624554104123106,1.22514721071229e-08,1.47380877490529e-09,0.000624554104123106
5753.70328570647,2789.60488375108,-2953.40606424134,0.000700724630759544,2.59900386998242e-08,3.72591124900332e-10,0.000700724630759544
5619.70732113423,3106.99096901376,-2950.10920037769,0.0011257473603932,1.70755676902832e-06,3.38217971329991e-06,0.0011257473603932
5671.14974277909,3014.84747521613,-2961.69629799697,0.000937948438415011,3.97524538103371e-07,6.23304891622167e-08,0.000937948438415011
5703.11708849889,3128.88923671854,-2957.03367405699,0.000991459465680343,1.1950859939062e-06,4.21447678183728e-06,0.000991459465680343
5779.12131864535,2929.38797523453,-2960.57219196454,0.00053510669835285,4.79668631382685e-09,8.34962747953683e-09,0.00053510669835285
6403.20756588546,2363.17322865452,-2957.54602807567,0.000259223523377631,8.29374531285038e-11,5.76942801919285e-11,0.000259223523377631
5890.94417648784,2705.04023905171,-2964.2973297671,0.000282175236250436,1.07089674218882e-09,1.0608306784633e-10,0.000282175236250436
5866.22692795348,2843.31200850042,-2960.0374980419,0.000609201545784413,2.01686086422522e-08,7.12320598519249e-10,0.000609201545784413
6043.86509409189,2618.10201907184,-2962.09447186018,0.000159809578375623,3.68106107147538e-10,4.11459346134117e-11,0.000159809578375623
6221.1938761126,2492.39548412769,-2959.83418981373,0.000241442327807479,1.57771860307292e-10,2.08028267873886e-11,0.000241442327807479
5809.95857120193,3045.99684392666,-2966.31249060477,0.000686986701279938,1.18905559074361e-06,3.35169228752411e-08,0.000686986701279938
5808.73754911519,3163.77443381757,-2962.86549745752,0.00076361253482298,1.44692487766289e-07,3.36959497685702e-08,0.00076361253482298
5917.51244533577,2963.43863153383,-2965.25459997266,0.000517520552538115,3.87960077460933e-08,5.81793146457086e-09,0.000517520552538115
6032.86978544655,2826.42418361911,-2967.17923904817,0.000530186238080343,8.3841558448345e-10,3.28563470903022e-10,0.000530186238080343
6223.60221093854,2713.05236129977,-2967.92253435534,5.56493156567569e-05,4.40658955294999e-10,3.14314888343877e-11,5.56493156567569e-05
6410.74594781131,2589.06338233227,-2967.84906669262,0.000254024983112062,4.26453206083163e-09,1.99258381138576e-10,0.000254024983112062
5708.90566168519,3239.23668619659,-2955.58315184555,0.00123230063926754,1.03327658794846e-06,1.27563852214578e-07,0.00123230063926754
5714.19301792049,3348.87733699396,-2968.1238106323,0.00123930920471712,2.61439650598005e-06,9.66108090968838e-08,0.00123930920471712
5800.74442664734,3293.16214123184,-2963.21868073932,0.000849935881841703,3.93459314783394e-07,5.5543985086625e-08,0.000849935881841703
5373.72536273825,3028.21937533034,-2938.88956714466,0.000771514206812554,1.78097976367607e-07,2.3930024835454e-07,0.000771514206812554
5275.00892342158,3029.79171246144,-2931.57930182974,0.000743825915803559,1.05201465178071e-07,9.20693049870374e-07,0.000743825915803559
5168.77480455115,3148.02496717788,-2936.39610787867,0.000725567898360294,1.92320264920679e-06,0.00015628447819255,0.000725567898360294
5239.0688324151,3109.90871708769,-2933.02485352878,0.000841935528668149,1.41048430465189e-06,0.000135668913431283,0.000841935528668149
5701.73532806301,3448.32381003312,-2971.04483477359,0.00102595020225028,6.55082750404052e-07,1.08225416176425e-08,0.00102595020225028
5621.86305284032,3534.15657378437,-2976.82967349371,0.00115732626658485,6.47314540148198e-07,5.08270020689582e-08,0.00115732626658485
5499.05865981107,3546.17814466032,-2971.89171983931,0.00126459940826191,1.22114534146132e-06,2.7931192492679e-08,0.00126459940826191
5573.54721612837,3632.31065850221,-2982.19700349072,0.000524320037898861,1.5165698607121e-07,1.97533034591014e-08,0.000524320037898861
5448.35835236056,3636.84425591568,-2977.23537581069,0.000631907032281859,1.44484391622803e-07,2.03721452696666e-08,0.000631907032281859
5416.12684748612,3741.26126490217,-2992.06851870746,5.90701712941981e-05,1.89420428947319e-08,2.54401633936184e-09,5.90701712941981e-05
5518.75815926394,3714.09682187301,-2986.04516673948,0.000195836952999493,2.92190474360059e-08,4.1587501078797e-09,0.000195836952999493
4937.44893343416,3198.85428624039,-2946.87807161353,0.000737011110362404,1.12897669377562e-09,0.000737011110362404,0.00057592828805924
5053.39578343816,3192.36610036714,-2941.97113036504,0.000873494860769476,1.47128744267699e-07,0.000873494860769476,0.000649831854261276
4843.36291444718,3262.72345875337,-2951.42500449234,0.000933506299352439,4.37745877348857e-07,0.000933506299352439,0.000574117634835519
5167.31931698149,3240.73318106847,-2937.15312778108,0.00152225523397585,3.43631827143437e-06,0.00152225523397585,0.00062933705054577
4970.85068434095,3295.05713384354,-2957.55453973442,0.00046849701803025,1.11781822966807e-05,6.51243546875742e-06,0.00046849701803025
5082.16008288621,3296.12331038913,-2952.66623796891,0.000644280606885728,1.41323083212021e-05,0.00012340323867397,0.000644280606885728
4825.59215849422,3389.54395836246,-2965.78629341261,0.000413123701281959,7.12831743468365e-06,8.38964166932063e-05,0.000413123701281959
4921.83908091809,3367.6280470266,-2961.52121962752,0.000447096407471569,1.66772111880405e-05,8.54866343254104e-05,0.000447096407471569
5167.91263622671,3359.85631297119,-2950.11759744702,0.000647174460976262,4.55677621521376e-06,7.92830864736981e-05,0.000647174460976262
5044.07665059874,3396.17792469519,-2967.88819697593,0.000471516535541802,1.16881779586032e-06,2.92055784822202e-06,0.000471516535541802
4924.73774708495,3475.3221995736,-2975.18696727153,0.000454117298947682,3.78946899500122e-07,1.75789654616385e-07,0.000454117298947682
5169.60836632928,3478.47630361075,-2964.26050721388,0.000628786413103341,3.08803333993981e-07,4.34818472673542e-07,0.000628786413103341
5292.44893220068,3523.87634593282,-2970.42554565333,0.000929939668636518,1.47999523883263e-06,7.77732378445009e-08,0.000929939668636518
5391.56245629618,3551.10622334342,-2966.13778307603,0.000895322108474799,8.41222874105159e-07,6.31175154598961e-08,0.000895322108474799
5064.83618399253,3569.99448837791,-2983.64030824673,0.000414530247996146,4.42056821775472e-08,4.27294394944725e-08,0.000414530247996146
5204.87955759258,3590.99300877422,-2976.97384336024,0.000637576557420244,7.43601576243934e-08,4.30670995225425e-08,0.000637576557420244
5304.34500118387,3671.27416517601,-2986.00439449221,0.000194831948434242,4.13919006421831e-08,8.64368074065311e-09,0.000194831948434242
5157.86812557266,3711.75399460577,-2994.53920773619,2.69384776347385e-05,4.48119388703422e-09,1.78983463827544e-09,2.69384776347385e-05
5309.76483369295,3852.03072908452,-2995.30762775578,0.000132763768970265,1.25527376524498e-09,7.48355232739139e-10,0.000132763768970265
4914.13687229511,3596.66489520365,-2979.88836737866,0.000326761863960965,1.89969141719707e-08,5.74595051404099e-08,0.000326761863960965
4982.21718922441,3724.32357896818,-2991.974731707,7.73424830736824e-05,4.07943794093964e-10,5.22023163812871e-09,7.73424830736824e-05
5100.44467894634,3863.31605406261,-2995.7447809598,4.96518207387936e-05,1.05525051611498e-07,8.67781317011978e-09,4.96518207387936e-05
4680.99286777193,3337.76659085257,-2959.74713583193,0.000258076501973848,1.29373657089933e-06,5.06898887901382e-06,0.000258076501973848
4756.72951135156,3506.10971834763,-2972.25315526054,0.000398398200644254,2.30303003174786e-08,2.63858356029852e-07,0.000398398200644254
4814.97433842114,3687.27518507248,-2987.09151802499,5.41501002969026e-05,1.18571147184583e-08,7.40624607343078e-08,5.41501002969026e-05
4911.76336621828,3845.86446658258,-2993.75348964685,0.000133830478475684,1.51969997131837e-07,1.05301215040786e-08,0.000133830478475684
4540.63297461475,3470.57047767769,-2969.29178255863,0.000198882939350623,6.77624937270372e-07,6.91622077143394e-05,0.000198882939350623
4599.87236456056,3657.10492394444,-2984.44293948517,8.04056612727269e-05,2.91160101243069e-07,8.962019792458e-06,8.04056612727269e-05
4709.7359534654,3844.57878214753,-2992.35104951979,0.000114632628775586,2.04115446594933e-05,8.87137549789526e-06,0.000114632628775586
4374.39588136399,3623.39501291843,-2979.7181119364,0.00033476588374387,4.73708505443619e-06,5.53949441223143e-05,0.00033476588374387
4489.14193580426,3820.41356047741,-2991.80578089197,0.000247848195578545,1.42007615205359e-06,6.09894200000849e-06,0.000247848195578545
4268.43569438641,3839.16627279399,-2987.99706584349,4.49773506887137e-05,2.25896688518838e-09,8.34752002288529e-09,4.49773506887137e-05
5342.46921218308,2750.87609718414,-2929.96027677023,0.000669247311691394,7.46429352634191e-10,2.50995147122738e-09,0.000669247311691394
5321.98197750208,2912.25303849223,-2930.14961976992,0.000696552988447708,7.94179040871113e-09,2.97863986558411e-08,0.000696552988447708
6423.6636219541,1723.52541780832,-2904.9381185337,7.64505055583807e-05,1.07447486368137e-11,1.53922279019102e-12,7.64505055583807e-05
5477.31277844016,2677.49498938383,-2925.69565495686,0.000652346745489285,6.13123639661455e-10,1.55374979281399e-09,0.000652346745489285
6007.86396527747,1780.78393787593,-2912.42548578814,0.000197856689570463,8.81773793090871e-11,6.07877496565598e-12,0.000197856689570463
6239.33077854408,1758.9421893189,-2908.24976278015,0.000135710983737883,2.26316656355617e-11,3.47719873443159e-12,0.000135710983737883
5868.51635189285,1988.56015899503,-2915.11064943311,0.000318253181261209,1.29828154920717e-10,1.19063438246295e-11,0.000318253181261209
5523.69752685438,2397.09127493321,-2923.07516412963,0.000585285169962354,2.7200703679621e-10,5.75951247567094e-11,0.000585285169962354
5507.11718659274,2537.48085827479,-2924.51860172049,0.00058135598114087,4.09593770597713e-10,1.11212802255438e-10,0.00058135598114087
5729.69606316395,2168.83606941275,-2917.84986851011,0.000436344125322927,1.7472889127133e-10,2.19889124988627e-11,0.000436344125322927
5651.18681175442,2323.93970580977,-2919.86926779329,0.000517484414384911,2.2433062548604e-10,3.1671239752226e-11,0.000517484414384911
6406.39885365711,1907.99267527586,-2919.60024030672,0.00013767840924686,1.87492793122332e-11,2.94494298569419e-12,0.00013767840924686
6151.77701024083,1994.20779888814,-2923.91218999445,0.000228582381066533,9.70223444846665e-11,7.37548881190289e-12,0.000228582381066533
5449.30543575713,2834.80096677221,-2938.15420749337,0.000773764629971236,2.11185982311583e-09,2.13849204016212e-08,0.000773764629971236
5436.01534926712,2957.90398488622,-2937.20119328399,0.000846728330210605,4.02586157768534e-08,1.04074503466131e-07,0.000846728330210605
5482.87244899351,3034.85666755485,-2934.41664611012,0.000835209807528069,3.91554234529834e-07,3.42734289416605e-07,0.000835209807528069
5958.45860975364,2200.27649384313,-2926.83564364045,0.000367690998944125,1.47549898586152e-10,1.5291172410428e-11,0.000367690998944125
5587.75173691179,2627.13757834601,-2935.92466723847,0.000559830580299928,7.28772542676653e-10,1.37025657129298e-10,0.000559830580299928
5664.95460070018,2490.21153751147,-2933.6786099353,0.000526051388938277,3.65196881318675e-10,6.55301187644674e-11,0.000526051388938277
5808.63375581754,2354.1802245407,-2929.81698102193,0.000477887762417268,2.39207882853339e-10,2.79741164446424e-11,0.000477887762417268
5596.08504105639,2786.34703665566,-2933.74646862573,0.000716982211608152,1.55082389527549e-09,1.34341895923013e-08,0.000716982211608152
6384.58173154291,2129.04069042603,-2933.17083308339,0.00013941271768487,3.72464738108549e-11,5.72186092583216e-12,0.00013941271768487
6198.5926978424,2255.03331641688,-2935.64328333747,0.000274201065619507,1.12665959701728e-10,9.79995946471895e-12,0.000274201065619507
5558.17023511224,2937.117793602,-2944.89467087548,0.000787222869221145,1.26668549270572e-07,2.64460710552684e-08,0.000787222869221145
5571.11838747387,3052.67965590552,-2942.01083105404,0.00100086736247986,4.12222558860021e-06,6.14150236610062e-07,0.00100086736247986
6012.03444418429,2401.01094874795,-2938.46167310998,0.000420155494671221,1.97445385617176e-10,2.22714264755434e-11,0.000420155494671221
5716.233332173,2656.78625812988,-2945.13036283686,0.000438140866241501,6.77742988819306e-10,1.96784934389819e-10,0.000438140866241501
5865.20852310761,2527.29596229127,-2941.47176769044,0.000487539622075257,3.4877944571761e-10,5.19442209590647e-11,0.000487539622075257
5675.53217292665,2894.16905327291,-2941.63266371552,0.000594503156222977,7.30819926625063e-09,1.0730116416595e-09,0.000594503156222977
5753.72205622794,2789.54591009439,-2940.93046862254,0.000698806485183769,1.84829860181487e-08,8.70673613753378e-10,0.000698806485183769
5619.75934705706,3106.9891889079,-2939.06905303413,0.000975984640508005,2.10414162920196e-06,1.84036098046768e-06,0.000975984640508005
6403.25379233563,2363.08101396169,-2944.31526374922,0.000254914623915495,8.18163273004378e-11,9.52484431754483e-11,0.000254914623915495
6221.23377285694,2492.31423336017,-2946.84949993055,0.000261971395125347,1.67626803515247e-10,2.6161497787945e-11,0.000261971395125347
5671.19037665975,3014.82747240738,-2950.19581697427,0.000895477619202558,1.15934055540024e-06,3.74650677077511e-08,0.000895477619202558
5890.97109219771,2704.97649993049,-2951.70633245764,0.000317633376301183,8.32545574987003e-10,1.15236873707221e-10,0.000317633376301183
6043.89842885281,2618.03123100553,-2949.33976040898,0.000211052045727726,3.57347501603269e-10,4.42671993954341e-11,0.000211052045727726
5779.16248381448,2929.3597576266,-2948.82906255121,0.000518330827985502,6.30296132128028e-09,2.57244207869501e-09,0.000518330827985502
5866.26484746729,2843.27113799426,-2947.99704259423,0.000600049790414962,1.55594483089034e-08,6.53826174871669e-10,0.000600049790414962
5703.17898248108,3128.87776590976,-2946.15273715872,0.000855529923702111,9.03403984299923e-07,1.69377435946784e-05,0.000855529923702111
5810.01613201341,3045.98944779889,-2955.10790418778,0.000657674335580547,1.19344507658126e-06,3.30168800650444e-08,0.000657674335580547
5808.79861738486,3163.74141454736,-2952.09741636401,0.000680533738966927,7.6701639524635e-08,5.95918289243697e-07,0.000680533738966927
5917.57162885613,2963.42681006156,-2953.829886126,0.000491639178625815,2.85059691717162e-08,1.60167759706026e-08,0.000491639178625815
6410.7907505531,2588.9793682593,-2954.96886325826,0.000179346401229224,5.68716228695898e-09,3.76688793361374e-10,0.000179346401229224
6032.91159078882,2826.38875528221,-2955.21249399402,0.000518129780806201,8.75774736232438e-10,5.11388578124898e-10,0.000518129780806201
6223.64221393494,2712.98806626639,-2955.37716907315,0.00011161347808969,4.08531228252281e-10,2.99572659602297e-11,0.00011161347808969
5946.41558306335,3114.2953909016,-2957.80669883699,0.000848969844269595,5.20097187708331e-07,2.05751423799809e-09,0.000848969844269595
5894.28546529012,3232.05422626992,-2958.4539326838,0.000681350389632188,5.05310103563334e-07,4.95029762319459e-08,0.000681350389632188
5899.0643733043,3332.8089066172,-2959.14686543287,0.000647474008511345,1.08003707397359e-06,2.82951621238931e-09,0.000647474008511345
6088.31661293665,3057.10351938877,-2955.44976169873,0.000581937443982854,2.52450021506102e-09,7.02930273958376e-09,0.000581937443982854
6245.06312169575,2942.6585859141,-2956.74063197383,0.000345530693268078,8.63774443676287e-08,1.1587146603483e-08,0.000345530693268078
6425.0380790641,2813.2053847441,-2958.42030937041,0.000185016581573468,2.47133273318436e-10,1.77894026587709e-11,0.000185016581573468
5708.96576960446,3239.19382229508,-2944.83588048361,0.0010327947954246,8.81506489045504e-07,1.04970765758947e-07,0.0010327947954246
5800.79953305208,3293.10817005361,-2952.33932960526,0.000772366092472286,3.37781718199943e-07,6.06400284991282e-08,0.000772366092472286
5714.23249576469,3348.82989020426,-2957.06736397088,0.00109747929716113,3.63214746831408e-06,8.57472599768259e-08,0.00109747929716113
5826.93327657769,3418.04086172011,-2964.21338415321,0.000573013200251444,1.21856618768851e-06,2.05250853025854e-08,0.000573013200251444
5373.75393653177,3028.19835123229,-2927.46656604363,0.000686215660338147,8.36852039706652e-08,1.22331653432671e-06,0.000686215660338147
5701.75513154226,3448.28922554959,-2959.71745963152,0.000906335930044595,5.26122714794454e-07,2.17113128167489e-08,0.000906335930044595
5621.8593085823,3534.13621217544,-2965.22549660558,0.00101128182393178,5.84496928205955e-07,6.93994504205954e-08,0.00101128182393178
5756.86391924824,3548.03939455472,-2969.9977498918,0.000674958194633294,5.49046831374464e-07,1.52236982361797e-08,0.000674958194633294
5665.49330856263,3628.52692220134,-2976.88789744196,0.000438382236136614,7.1716488320027e-08,1.61154556856566e-08,0.000438382236136614
5499.0496407143,3546.16423415805,-2960.29011166324,0.00106239723894964,1.06585317761784e-06,3.73988540978921e-08,0.00106239723894964
5573.51299128945,3632.32682589395,-2970.27857819489,0.000522496379566391,1.12675879130991e-07,1.39243164566048e-08,0.000522496379566391
5628.22744528217,3752.4030353394,-2979.37987388364,3.5897403978877e-05,8.81374726278436e-09,1.86097904778756e-09,3.5897403978877e-05
5448.33342399842,3636.85953491858,-2965.32832983883,0.000589287202327472,1.01405304869135e-07,1.02298751709489e-08,0.000589287202327472
5416.08295059269,3741.25115431828,-2980.09994239738,9.08968276877969e-05,1.41267916780196e-08,2.66324104126606e-09,9.08968276877969e-05
5518.70862967047,3714.06280679512,-2974.0362092174,0.000257628430097757,2.21853518580508e-08,4.14855344635447e-09,0.000257628430097757
5508.23856255972,3869.09869535843,-2982.60643335468,0.000242667242835152,1.5217516211411e-09,7.7628531494169e-10,0.000242667242835152
4970.88619045275,3294.97356081121,-2947.49230055962,0.000495836337608327,1.70350568445886e-06,5.17453313447023e-05,0.000495836337608327
5082.20696978069,3296.04944630198,-2942.36042300001,0.000605429588170598,8.74153854448196e-06,0.000163651566951006,0.000605429588170598
4921.87291461631,3367.55707534362,-2951.3131893445,0.000446384448187368,5.50128953534789e-06,0.000105546560968885,0.000446384448187368
4825.62519191608,3389.46782304413,-2955.73349803505,0.000417431318009773,2.91030980873938e-06,6.21189926771283e-05,0.000417431318009773
5167.94749212497,3359.8023014717,-2939.43164349577,0.000579471054284122,4.49638923748701e-06,0.000144278162757935,0.000579471054284122
5044.10908852435,3396.12533117765,-2957.29904141004,0.000470471571533555,7.36406195416038e-07,3.04885526443469e-06,0.000470471571533555
4924.75846333349,3475.28014900157,-2964.56741701955,0.000458549106746096,2.00223350053918e-07,1.71552655584596e-07,0.000458549106746096
5169.62002376792,3478.44928736272,-2953.16930150837,0.000576694402934261,2.14027816215557e-07,3.65889806572007e-07,0.000576694402934261
5292.44680079678,3523.86102750828,-2959.0277809614,0.000806071971317822,1.4244244155426e-06,8.08690674471985e-08,0.000806071971317822
5391.55045036144,3551.09751311793,-2954.55384476814,0.000739193058641964,6.55500190749961e-07,6.91363493155238e-08,0.000739193058641964
5064.8311893714,3569.98629276887,-2972.37351939263,0.000417830672003094,2.62897972006617e-08,4.20800482142548e-08,0.000417830672003094
5204.8611156034,3590.99621118876,-2965.43383359813,0.000595725703498856,4.76221425324763e-08,5.40706751701464e-08,0.000595725703498856
5304.30349157621,3671.26527144491,-2974.1133805476,0.000232985219313656,3.03619079168163e-08,8.66974817607341e-09,0.000232985219313656
5157.82710890193,3711.74174820021,-2982.75915700266,9.61067192546633e-05,3.09501668086985e-09,2.32164366085039e-09,9.61067192546633e-05
5309.72138399768,3851.96141559051,-2983.74154613199,0.000186323064319143,9.52428909328026e-10,6.11834924621256e-10,0.000186323064319143
4914.14214755777,3596.65201572908,-2968.87985554476,0.000332969743685413,6.40086804433765e-09,6.1378402786232e-08,0.000332969743685413
4982.19261188952,3724.3410542971,-2980.421864818,2.91829505058484e-05,4.31096971553538e-10,6.13266030547169e-09,2.91829505058484e-05
5100.4124093339,3863.24745922158,-2984.3625113854,2.30521050425302e-05,9.08610866471958e-08,7.50281353167068e-09,2.30521050425302e-05
4756.75272341611,3506.06052103455,-2961.90569321441,0.000324061068814488,2.18253981613235e-08,2.27874918107322e-07,0.000324061068814488
4814.96947565315,3687.27062225511,-2975.9841392499,0.000116411906075672,2.393838685804e-08,3.29077939353684e-08,0.000116411906075672
4911.74587479472,3845.80106797571,-2982.60660537649,0.000171085571354661,9.32680958015413e-08,1.7037119444607e-09,0.000171085571354661
4599.88054802236,3657.08847573327,-2973.85201300458,0.000237677764149634,2.34998563946125e-07,4.02386549231625e-06,0.000237677764149634
4709.72834101703,3844.52806594266,-2981.58521162926,0.000150311806002064,1.63604189653032e-05,2.54341503881005e-05,0.000150311806002064
4489.14169275817,3820.37124846561,-2981.2412112042,0.000557654802453674,7.93288227537104e-07,0.000557654802453674,6.88427915701622e-05
5449.3088564273,2834.73844564481,-2925.61183596129,0.000740114106354789,1.99949527603473e-09,2.02057715235512e-08,0.000740114106354789
5436.03489514912,2957.86742248123,-2925.33808855495,0.000766919526288094,2.02264933450956e-08,1.0623045479126e-07,0.000766919526288094
5482.90259702984,3034.83512217618,-2922.94100488374,0.000708867693118743,2.30393130658448e-07,1.11802339668758e-06,0.000708867693118743
6406.44689059156,1907.88678259211,-2905.56026139028,0.000136319415568762,1.8615544337214e-11,3.00751807808071e-12,0.000136319415568762
5587.74503916426,2627.06759968521,-2922.64204722078,0.000584004948206279,5.69252797334287e-10,1.52565797330687e-10,0.000584004948206279
5596.08901534902,2786.27987602809,-2921.0630813816,0.000701517348886192,1.29653925586935e-09,1.79550305213858e-08,0.000701517348886192
6151.81827128872,1994.11569324674,-2910.14029996187,0.000233235562402401,9.70624590985764e-11,7.61326323753121e-12,0.000233235562402401
5958.49408524192,2200.19955648882,-2913.51242994435,0.000388353187822632,1.48009488440972e-10,1.56545920546679e-11,0.000388353187822632
5664.95904885863,2490.15542780231,-2920.3652283529,0.000507189726742274,3.70967721518278e-10,6.63355161776941e-11,0.000507189726742274
5808.65424885541,2354.11359364876,-2916.55975014754,0.00047822055960822,2.41803391902268e-10,2.86088708014569e-11,0.00047822055960822
6384.62959045939,2128.94222554348,-2919.58865790814,0.000148759042680357,2.92769727649689e-11,5.90790919072374e-12,0.000148759042680357
6198.63418977916,2254.9466981306,-2922.31776436515,0.000270104174816959,1.14282386732418e-10,1.01365259936847e-11,0.000270104174816959
5558.19281869883,2937.0789417481,-2932.95314292704,0.000733474909787272,8.30166285390201e-08,7.42191783137162e-08,0.000733474909787272
5571.1582947232,3052.66251949459,-2930.64496549543,0.000876646835079005,2.36172828673071e-06,3.11615726402262e-06,0.000876646835079005
6012.06879015317,2400.93596866606,-2925.38341874738,0.000416110929835184,1.9956565816685e-10,2.29948189430479e-11,0.000416110929835184
5716.23821754867,2656.7208251436,-2932.11237659544,0.00047033582409019,8.68145190347208e-10,1.04962221984553e-10,0.00047033582409019
5865.2320478766,2527.22995500403,-2928.49872204096,0.000486597489609717,3.49764578984542e-10,5.7685438410342e-11,0.000486597489609717
5675.55883377858,2894.12714568292,-2929.60089349288,0.000573640241424511,1.44735012472517e-08,4.76415882921917e-08,0.000573640241424511
5753.74082674941,2789.48693643771,-2928.45487300374,0.000691977148191167,5.77838843872755e-09,5.53737735490227e-10,0.000691977148191167
5619.8113729799,3106.98740880204,-2928.02890569058,0.000846492750907479,1.99679050499622e-06,1.58840568889214e-06,0.000846492750907479
6403.3000187858,2362.98879926886,-2931.08449942277,0.000240645132280989,8.17612692499852e-11,5.85581452019196e-11,0.000240645132280989
6221.27366960127,2492.23298259265,-2933.86481004738,0.000278070989769068,1.64634182576451e-10,2.8337030997262e-11,0.000278070989769068
5671.23101054042,3014.80746959863,-2938.69533595156,0.000860524896772773,2.97404495787407e-06,3.62637636689748e-07,0.000860524896772773
6043.93176361373,2617.96044293921,-2936.58504895778,0.000259617151695295,3.50654949409955e-10,4.79726214610114e-11,0.000259617151695295
5890.99800790758,2704.91276080927,-2939.11533514818,0.000345316159800181,8.40611071515088e-10,1.2718524495739e-10,0.000345316159800181
5779.20364898361,2929.33154001868,-2937.08593313788,0.00050213232784289,6.99034538314245e-09,7.10853548392493e-10,0.00050213232784289
5866.3027669811,2843.23026748811,-2935.95658714655,0.000595669012387639,1.26993234531806e-08,8.78541859734657e-10,0.000595669012387639
5703.24087646328,3128.86629510099,-2935.27180026044,0.00073837584862011,1.01409460378886e-06,3.21466014796569e-05,0.00073837584862011
6410.8355532949,2588.89535418632,-2942.0886598239,0.000114412967314701,6.54278709600037e-09,8.02790182979949e-10,0.000114412967314701
6223.68221693134,2712.92377123301,-2942.83180379096,0.000162000624182312,3.78438217598726e-10,3.01562926747813e-11,0.000162000624182312
5810.07369282488,3045.98205167113,-2943.90331777079,0.000644285224912052,1.48054271376032e-06,5.51681102288899e-08,0.000644285224912052
6032.9533961311,2826.35332694531,-2943.24574893987,0.000504021585426178,9.03947170096405e-10,1.9815871106698e-09,0.000504021585426178
5917.6308123765,2963.41498858929,-2942.40517227934,0.000481680987953984,2.25154669962496e-08,2.18650285660363e-08,0.000481680987953984
5808.85968565452,3163.70839527716,-2941.32933527051,0.00063120166137032,4.69961838403645e-08,1.42918844898077e-06,0.00063120166137032
5946.49663389137,3114.31782475493,-2947.06225952281,0.000745600183775971,4.83351067384802e-07,1.09760481862818e-09,0.000745600183775971
5899.11745244837,3332.75830934943,-2948.1840524825,0.000628470949330688,1.00827384842791e-06,1.35080843931542e-08,0.000628470949330688
5894.35867565081,3232.01897145083,-2947.79141277823,0.000580489546906066,6.10819846016303e-07,1.78874449136354e-07,0.000580489546906066
6088.37082437706,3057.1165468978,-2944.45945651604,0.000527965915499312,2.06579222190215e-09,1.21579879302391e-08,0.000527965915499312
6425.08613146158,2813.15627079247,-2946.19567027065,0.000200891925296022,2.13617170300683e-10,1.11920368210434e-10,0.000200891925296022
6245.11315569385,2942.64016106471,-2945.13152956012,0.000333051951925281,7.81118616735146e-08,2.42922226943523e-08,0.000333051951925281
5960.06390868851,3420.10596684292,-2957.59278084561,0.000408607961235009,7.2108476903593e-09,2.79680648117617e-09,0.000408607961235009
6054.23926623674,3275.4932383891,-2951.96507485714,0.000643799328043218,3.7573879715245e-07,2.19011902426771e-08,0.000643799328043218
6247.8135071749,3157.73556720564,-2947.40999756235,0.000633763682587777,8.53559086090781e-07,2.80177814238396e-07,0.000633763682587777
6433.01505019539,3039.76871365682,-2947.39661501373,0.000296346838012669,8.62558882247861e-08,2.65232204855617e-09,0.000296346838012669
5709.02587752372,3239.15095839356,-2934.08860912168,0.000852012541682417,7.57954554815769e-07,1.45243182911495e-07,0.000852012541682417
5714.27197360889,3348.78244341455,-2946.01091730946,0.000955075099894092,3.21099940414189e-06,1.97331362988886e-07,0.000955075099894092
5800.85463945681,3293.05419887539,-2941.45997847119,0.00070983631888317,3.05908853290147e-07,6.26669242558764e-08,0.00070983631888317
5826.96570670767,3417.99860330752,-2953.00403988601,0.00054241221960336,1.31031432519315e-06,6.87494498318957e-09,0.00054241221960336
5929.24637986517,3539.52125403784,-2960.66558249635,0.000438198561267792,5.09990572234042e-07,1.0593879544613e-08,0.000438198561267792
5701.7749350215,3448.25464106606,-2948.39008448945,0.00078162321025904,3.99268489057745e-07,2.60019887227631e-08,0.00078162321025904
5621.85556432427,3534.11585056651,-2953.62131971745,0.000867993800419641,4.42928114524313e-07,3.67946624391139e-08,0.000867993800419641
5756.85961163502,3548.01845873039,-2958.34499017978,0.000638528587771039,6.02561852256598e-07,4.11341229792946e-08,0.000638528587771039
5665.46992587014,3628.52651841028,-2965.00523512457,0.000455596758872024,5.26645399553139e-08,1.48274973769718e-08,0.000455596758872024
5794.90525716705,3710.96413875918,-2969.93442361305,6.0860433632562e-05,4.88389269469156e-09,2.51962704145557e-09,6.0860433632562e-05
5499.04062161752,3546.15032365578,-2948.68850348717,0.000860566431894734,7.49655022921212e-07,8.34605209497714e-08,0.000860566431894734
5573.47876645053,3632.34299328569,-2958.36015289906,0.00049878084187704,7.80238081560101e-08,1.47117171315346e-08,0.00049878084187704
5628.18802135414,3752.37565833858,-2967.40349309619,9.2231586475373e-05,7.37998993122992e-09,1.93543965497799e-09,9.2231586475373e-05
5705.02654395033,3890.17967048069,-2969.55238754733,0.000261540231887225,1.39745408829772e-09,3.38875652065214e-10,0.000261540231887225
5448.30849563629,3636.87481392149,-2953.42128386698,0.000539669126507346,7.31067672360256e-08,2.04426259944807e-08,0.000539669126507346
5416.03905369927,3741.24104373439,-2968.13136608731,0.000155178742212377,1.01800422798605e-08,2.59564199373003e-09,0.000155178742212377
5518.65910007699,3714.02879171724,-2962.02725169531,0.000289874150949776,1.605335780411e-08,3.91772808562918e-09,0.000289874150949776
5508.19688109367,3869.03717559415,-2971.04740709839,0.00026042877023895,1.83044899157323e-09,9.05832502298611e-10,0.00026042877023895
5044.14152644996,3396.07273766012,-2946.70988584416,0.000472980076488528,3.94890667240452e-07,2.7848031298904e-06,0.000472980076488528
4924.77917958203,3475.23809842956,-2953.94786676756,0.000457180370203966,6.20996670801853e-08,2.30469769103909e-07,0.000457180370203966
5169.63168120656,3478.42227111469,-2942.07809580285,0.000527341671161701,1.48907951876197e-07,3.439520921431e-07,0.000527341671161701
5391.5384444267,3551.08880289244,-2942.96990646025,0.00059492930672669,5.02225142771938e-07,6.12286230864287e-08,0.00059492930672669
5292.44466939287,3523.84570908373,-2947.63001626947,0.000703951501562895,1.30661546648876e-06,1.29546464162863e-07,0.000703951501562895
5064.82619475027,3569.97809715983,-2961.10673053854,0.00040872579717214,9.99828807718992e-09,3.74991429574629e-08,0.00040872579717214
5204.84267361423,3590.9994136033,-2953.89382383603,0.000542536271004261,2.9226678809195e-08,4.71583898584212e-08,0.000542536271004261
5304.26198196855,3671.25637771381,-2962.22236660299,0.00025661097605237,2.26147654388817e-08,4.06957418630566e-09,0.00025661097605237
5157.78609223121,3711.72950179465,-2970.97910626913,0.000170816261232657,2.09158015053555e-09,2.15794667873928e-09,0.000170816261232657
5309.67793430241,3851.8921020965,-2972.1754645082,0.000212700084410562,9.19238679229984e-10,2.46017157618945e-10,0.000212700084410562
4914.14742282043,3596.63913625451,-2957.87134371087,0.000332414992420268,7.54216604734754e-10,7.50385287998994e-08,0.000332414992420268
4982.16803455463,3724.35852962603,-2968.86899792901,0.000105208131861327,6.01510401007187e-10,4.32725000216099e-09,0.000105208131861327
5100.38013972145,3863.17886438055,-2972.98024181099,7.0741335661194e-05,6.36358458659669e-08,5.26610915991775e-09,7.0741335661194e-05
4814.96461288517,3687.26605943773,-2964.87676047482,0.000190935329805518,8.51798990628736e-09,4.37438592496388e-09,0.000190935329805518
4911.72838337117,3845.73766936884,-2971.45972110613,0.000203779929430524,4.36427779719184e-08,7.55810127974899e-11,0.000203779929430524
4709.72072856867,3844.47734973778,-2970.81937373874,0.00022698397986369,5.00040474442361e-06,5.6235181743099e-05,0.00022698397986369
5558.21540228542,2937.0400898942,-2921.01161497859,0.000675073108974334,2.72741652432172e-08,1.23016387159289e-07,0.000675073108974334
5571.19820197252,3052.64538308365,-2919.27909993683,0.000764461087590028,2.84468105016879e-06,7.61747382541466e-06,0.000764461087590028
5619.86339890273,3106.98562869618,-2916.98875834703,0.00076177329486315,6.57228597493552e-07,3.89447613364952e-05,0.00076177329486315
5675.58549463052,2894.08523809293,-2917.56912327024,0.000571454413113333,4.22907541856626e-08,3.61651090763997e-07,0.000571454413113333
6384.67744937586,2128.84376066094,-2906.00648273288,0.00015705709494796,2.74378591270149e-11,4.93923406986412e-12,0.00015705709494796
5716.24310292435,2656.65539215733,-2919.09439035402,0.000518416722314437,6.84321721618471e-10,1.12869314402782e-10,0.000518416722314437
5753.75959727089,2789.42796278102,-2915.97927738494,0.000675660368077271,3.7242808397041e-09,1.77863746979929e-09,0.000675660368077271
6198.67568171591,2254.86007984432,-2908.99224539284,0.000257481037326377,1.16314374957291e-10,1.07109753013492e-11,0.000257481037326377
6012.10313612206,2400.86098858417,-2912.30516438478,0.000407712610231616,2.01704017227228e-10,2.35585430045279e-11,0.000407712610231616
5865.25557264559,2527.16394771679,-2915.52567639148,0.000483897049516002,3.71577420749834e-10,5.30039698603914e-11,0.000483897049516002
6403.34624523597,2362.89658457603,-2917.85373509633,0.000213466032217966,8.22844291974116e-11,1.45516728326598e-11,0.000213466032217966
6221.3135663456,2492.15173182513,-2920.88012016421,0.00029235231873577,1.83524114834368e-10,2.61833341560256e-11,0.00029235231873577
5671.27164442108,3014.78746678988,-2927.19485492886,0.000827552482621688,1.27006117876817e-06,4.11232306669425e-07,0.000827552482621688
6043.96509837464,2617.8896548729,-2923.83033750658,0.000311946241074228,3.64873107647878e-10,4.99470423055617e-11,0.000311946241074228
5891.02492361746,2704.84902168805,-2926.52433783872,0.000371382308169788,9.9244057374863e-10,1.21047037748247e-10,0.000371382308169788
5779.24481415274,2929.30332241075,-2925.34280372455,0.000492201876381466,1.64410249511712e-08,5.29824550306521e-09,0.000492201876381466
5866.34068649491,2843.18939698195,-2923.91613169888,0.000592749642858484,7.26020350355347e-09,1.26854042897548e-09,0.000592749642858484
5703.30277044548,3128.85482429222,-2924.39086336217,0.000652321072961859,5.64162657285781e-07,8.01436314902901e-05,0.000652321072961859
6410.8803560367,2588.81134011334,-2929.20845638953,5.28376614528691e-05,7.42301682374293e-09,1.73186117497244e-09,5.28376614528691e-05
6223.72221992774,2712.85947619964,-2930.28643850877,0.000209100552914529,3.54694055275587e-10,3.10338062901461e-11,0.000209100552914529
5810.13125363636,3045.97465554337,-2932.69873135379,0.000636454432624317,1.12630673642036e-06,9.46980127372967e-08,0.000636454432624317
6032.99520147337,2826.31789860841,-2931.27900388573,0.000489150032510369,1.0451124933418e-09,1.38276569929363e-09,0.000489150032510369
5917.68999589686,2963.40316711702,-2930.98045843268,0.000482443325392896,1.2272032647309e-08,2.76456321004566e-08,0.000482443325392896
5808.92075392419,3163.67537600695,-2930.56125417701,0.000605172373377694,4.42348934859715e-08,2.35246302761996e-06,0.000605172373377694
6425.13418385907,2813.10715684083,-2933.97103117089,0.000209492173828954,1.91572336665238e-10,1.01187996098642e-10,0.000209492173828954
6245.16318969194,2942.62173621532,-2933.5224271464,0.000322845531769188,6.62986033829362e-08,5.93109396078668e-08,0.000322845531769188
5946.57768471939,3114.34025860825,-2936.31782020863,0.00067446130994827,4.42997605636769e-07,1.08517568437515e-09,0.00067446130994827
6088.42503581746,3057.12957440682,-2933.46915133335,0.000495369744734468,1.60795515247648e-09,1.84195468198831e-08,0.000495369744734468
5894.4318860115,3231.98371663175,-2937.12889287265,0.000514877001707214,7.33584259113578e-07,5.97017437317502e-07,0.000514877001707214
5899.17053159244,3332.70771208166,-2937.22123953213,0.000624090868324361,1.09140324328176e-06,3.08679326129798e-08,0.000624090868324361
5960.10647301075,3420.05950831018,-2946.45664985202,0.000384048510121857,6.4931477713261e-09,1.44065382031451e-09,0.000384048510121857
6054.30687742074,3275.43408334811,-2941.2580202902,0.000566872669229019,3.47909596335472e-07,2.97495736279559e-08,0.000566872669229019
6247.86034548637,3157.69379123961,-2936.5945543018,0.000549933945052024,8.29948979411435e-07,4.66256535370269e-07,0.000549933945052024
6433.07045606835,3039.7614966426,-2936.00546030356,0.000264586967225656,8.55635703575925e-08,2.12907396222562e-09,0.000264586967225656
6098.25585559363,3491.84870971279,-2951.66618096858,0.000497016767840518,5.39443702942948e-09,6.54708873070132e-10,0.000497016767840518
6258.10413031686,3382.26605930137,-2945.83134850074,0.000304944609150349,7.83393888998641e-09,3.98926589847055e-09,0.000304944609150349
6427.86016093069,3272.73863256851,-2940.96608129223,0.000346464102989597,1.54970118045769e-08,2.06670221787505e-09,0.000346464102989597
5709.08598544299,3239.10809449204,-2923.34133775974,0.000708206252018323,7.13186666227469e-07,6.75005975325855e-07,0.000708206252018323
5714.31145145309,3348.73499662484,-2934.95447064805,0.000809291698851949,2.20171514975009e-06,2.14508683926177e-07,0.000809291698851949
5800.90974586154,3293.00022769716,-2930.58062733713,0.000652093413675177,2.56484303612385e-07,1.45516985513036e-07,0.000652093413675177
5826.99813683764,3417.95634489492,-2941.79469561881,0.000506663944896472,1.53101884604968e-06,2.47721232988559e-07,0.000506663944896472
5929.25692504025,3539.49125002331,-2949.15329173646,0.00043465902562175,5.70940800906858e-07,4.66241745381108e-09,0.00043465902562175
6010.33797301401,3681.21939992495,-2957.7859482477,0.000122551656509051,1.65330972067664e-09,4.82108574024395e-10,0.000122551656509051
5701.79473850075,3448.22005658253,-2937.06270934738,0.000659568247489088,2.96595772585043e-07,3.38924822057038e-08,0.000659568247489088
5621.85182006625,3534.09548895758,-2942.01714282932,0.000731390656580299,3.52402776961765e-07,2.19589525228077e-07,0.000731390656580299
5756.8553040218,3547.99752290606,-2946.69223046777,0.000607064480657159,7.19649414552912e-07,3.46468485631643e-08,0.000607064480657159
5665.44654317766,3628.52611461923,-2953.12257280719,0.000448101107578986,3.8742889495134e-08,1.93914422564851e-08,0.000448101107578986
5794.87049265231,3710.9207940208,-2958.01173819276,3.96105844449972e-05,5.48511194396357e-09,3.46523095340312e-09,3.96105844449972e-05
5912.6649804278,3858.96634565264,-2957.90330760858,0.000130106810975895,7.70495506390176e-10,1.75505391886928e-10,0.000130106810975895
5499.03160252074,3546.13641315351,-2937.0868953111,0.000675857847820297,5.09311094432208e-07,1.02294832625034e-07,0.000675857847820297
5573.44454161161,3632.35916067743,-2946.44172760323,0.00046466734443489,5.49507920490009e-08,1.41783541508094e-08,0.00046466734443489
5628.1485974261,3752.34828133776,-2955.42711230874,0.000154190614631817,6.21163641900225e-09,1.89336880682507e-09,0.000154190614631817
5704.99540562799,3890.12962089167,-2958.08818875397,0.000271792012339582,1.07583165028004e-09,3.79490382142945e-10,0.000271792012339582
5448.28356727416,3636.8900929244,-2941.51423789512,0.000479074919688862,5.58574716557573e-08,1.14601814675678e-08,0.000479074919688862
5518.60957048352,3713.99477663935,-2950.01829417322,0.000311719781266422,8.78890425344424e-09,3.42956737338719e-09,0.000311719781266422
5415.99515680585,3741.2309331505,-2956.16278977723,0.000203934152123213,4.33889357383329e-09,1.26015413935102e-09,0.000203934152123213
5508.15519962761,3868.97565582987,-2959.4883808421,0.000261123746977998,1.15337054825395e-09,9.98758971997109e-10,0.000261123746977998
5391.52643849196,3551.08009266695,-2931.38596815236,0.000484058965071477,4.58567030152665e-07,1.19856734519053e-07,0.000484058965071477
5292.44253798897,3523.83039065919,-2936.23225157754,0.000632119897207,1.2532209436034e-06,2.18007013026928e-07,0.000632119897207
5064.82120012913,3569.96990155078,-2949.83994168444,0.00037999568529739,3.6907102092954e-09,3.743470196644e-08,0.00037999568529739
5204.82423162505,3591.00261601785,-2942.35381407392,0.00045573015555678,2.0004240917492e-08,3.2169532209995e-08,0.00045573015555678
5304.2204723609,3671.24748398271,-2950.33135265839,0.000275529192563124,1.78254955755845e-08,8.19461810979952e-09,0.000275529192563124
5157.74507556048,3711.71725538909,-2959.19905553561,0.000237012106649608,1.46908304358822e-09,1.99229873034713e-09,0.000237012106649608
5309.63448460714,3851.8227886025,-2960.60938288442,0.000223914918448026,5.99788721684383e-10,1.3738463007386e-10,0.000223914918448026
4982.14345721973,3724.37600495496,-2957.31613104001,0.000196424323942232,1.64599560610106e-09,1.79345610732162e-09,0.000196424323942232
5100.34787010901,3863.11026953952,-2961.59797223659,0.000118246759065194,3.95783439328188e-08,2.0071370559039e-09,0.000118246759065194
4911.71089194761,3845.67427076197,-2960.31283683577,0.000244526099581321,6.24685904709826e-09,2.04370812814957e-10,0.000244526099581321
5671.31227830175,3014.76746398113,-2915.69437390616,0.0007900969562107,7.17838503364374e-07,2.36092150957776e-07,0.0007900969562107
5703.36466442768,3128.84335348344,-2913.5099264639,0.000611034069584694,1.73778460411223e-06,9.23560252524906e-08,0.000611034069584694
5779.28597932186,2929.27510480282,-2913.59967431122,0.000501286906281183,1.35726407148358e-08,2.37867245320765e-08,0.000501286906281183
6403.39247168613,2362.8043698832,-2904.62297076988,0.000167278078494317,2.96920122904506e-11,2.31442744776409e-11,0.000167278078494317
5891.05183932733,2704.78528256683,-2913.93334052926,0.000407831607769534,1.15806628754435e-09,3.91910360620947e-10,0.000407831607769534
5866.37860600872,2843.1485264758,-2911.87567625121,0.000580065445212421,1.52692150544861e-09,1.41169357774334e-09,0.000580065445212421
6221.35346308994,2492.07048105761,-2907.89543028103,0.00030585476659238,1.99111710464468e-10,2.22364771039113e-11,0.00030585476659238
6043.99843313556,2617.81886680658,-2911.07562605537,0.000381982739874421,3.64153811560529e-10,5.05607560304663e-11,0.000381982739874421
6410.9251587785,2588.72732604036,-2916.32825295517,2.58978358571592e-05,8.48285697550266e-09,3.93872097856288e-09,2.58978358571592e-05
6223.76222292415,2712.79518116626,-2917.74107322657,0.0002560343492116,2.79363414622903e-10,3.46009138856185e-11,0.0002560343492116
5810.18881444784,3045.96725941561,-2921.4941449368,0.000625305371821728,9.00349220175611e-07,3.88084348137446e-07,0.000625305371821728
6033.03700681565,2826.28247027151,-2919.31225883158,0.000474598405413711,1.13583496089013e-09,5.11395884576844e-10,0.000474598405413711
5917.74917941723,2963.39134564475,-2919.55574458602,0.000491224377571285,5.52264214635159e-09,3.27165485123602e-08,0.000491224377571285
5808.98182219385,3163.64235673675,-2919.79317308351,0.000595841291334069,2.14396669441835e-08,1.76241061917114e-06,0.000595841291334069
6425.18223625655,2813.05804288919,-2921.74639207113,0.000215218552461728,1.83132401742247e-10,9.74697362495359e-11,0.000215218552461728
6245.21322369004,2942.60331136593,-2921.91332473269,0.000308285394326032,5.16563419323679e-08,3.48027350466719e-08,0.000308285394326032
5946.65873554741,3114.36269246157,-2925.57338089445,0.000623859207275553,3.75704179247673e-07,4.7813033441924e-09,0.000623859207275553
6088.47924725787,3057.14260191585,-2922.47884615066,0.00047668489732836,1.53599308313959e-09,2.20059358749452e-08,0.00047668489732836
5894.50509637218,3231.94846181266,-2926.46637296708,0.000474500426524207,8.79251704112187e-07,1.93726451639302e-06,0.000474500426524207
5899.22361073651,3332.65711481389,-2926.25842658176,0.00062313654990751,8.29796181170308e-07,3.2160705763083e-07,0.00062313654990751
6433.1258619413,3039.75427962838,-2924.61430559338,0.000247317396407781,8.31920639668021e-08,1.93057249949488e-09,0.000247317396407781
6247.90718379785,3157.65201527358,-2925.77911104124,0.000477651895551888,8.07161357935998e-07,7.8788465066763e-07,0.000477651895551888
6054.37448860473,3275.37492830712,-2930.55096572326,0.000514406482059753,3.14029562531617e-07,4.08712757859306e-08,0.000514406482059753
5960.14903733299,3420.01304977743,-2935.32051885844,0.000369868622449565,8.29631806322837e-09,2.09245443670646e-09,0.000369868622449565
6098.28714717051,3491.80955107573,-2940.38211669507,0.000469038851869389,3.78766525416878e-09,7.85594261111522e-10,0.000469038851869389
6258.144289624,3382.21906490175,-2934.6439145222,0.000281377631919054,1.33661258403709e-08,1.04000108549966e-08,0.000281377631919054
6427.90584611916,3272.68629356274,-2929.82455408786,0.000303302635455267,1.27632660297822e-08,3.8211712457298e-09,0.000303302635455267
6157.76251138809,3694.46423719124,-2949.72285543001,0.000162179880870703,8.34234890611563e-10,1.84934087323921e-10,0.000162179880870703
6294.35525139663,3600.06213311736,-2944.58005817902,3.85749040567634e-05,1.64394050460334e-08,1.22729112435283e-09,3.85749040567634e-05
6454.16151324451,3501.741823462,-2939.12873681024,0.000177390439529359,3.9122059346976e-10,3.50414018078979e-11,0.000177390439529359
5709.14609336225,3239.06523059052,-2912.59406639781,0.000621296716378005,5.25132355015403e-07,1.7518638599508e-05,0.000621296716378005
5800.96485226627,3292.94625651893,-2919.70127620306,0.000591393876175278,1.76786428178838e-08,4.74747937769011e-07,0.000591393876175278
5714.35092929728,3348.68754983514,-2923.89802398663,0.000673487304148412,2.08888501833197e-06,7.39009174798362e-06,0.000673487304148412
5827.03056696761,3417.91408648232,-2930.58535135162,0.000466381767647593,1.99828826837806e-06,8.90587127857151e-07,0.000466381767647593
5929.26747021534,3539.46124600878,-2937.64100097656,0.000431107229519577,5.46942322343788e-07,2.41461089665248e-08,0.000431107229519577
6010.31793534375,3681.1851996413,-2945.98091933497,3.03084632533749e-05,1.34244778230988e-09,5.38222086536537e-10,3.03084632533749e-05
6093.78204631154,3843.37552042451,-2947.05795294625,0.000343858342594331,4.33364246151753e-10,1.48322004989287e-10,0.000343858342594331
5701.81454198,3448.185472099,-2925.73533420532,0.000556788579137309,2.04327445553593e-07,6.27663031642523e-08,0.000556788579137309
5621.84807580822,3534.07512734865,-2930.41296594119,0.000611544076805156,4.0645969136368e-07,8.77572489251931e-08,0.000611544076805156
5756.85099640857,3547.97658708173,-2935.03947075576,0.000583146633082687,7.77671618140019e-07,1.13748405244783e-07,0.000583146633082687
5665.42316048518,3628.52571082817,-2941.23991048981,0.000429477742748431,2.09210845731398e-08,5.47255524366112e-09,0.000429477742748431
5794.83572813757,3710.87744928242,-2946.08905277246,9.61882170951833e-05,4.78970731762473e-09,4.56435947572201e-09,9.61882170951833e-05
5912.64276230715,3858.92371883086,-2946.435645545,0.000157278491847317,6.69429791995556e-10,1.6016470338445e-10,0.000157278491847317
5499.02258342396,3546.12250265124,-2925.48528713503,0.000519432987192627,4.15467500551286e-07,1.51621656011812e-06,0.000519432987192627
5573.41031677268,3632.37532806918,-2934.5233023074,0.000424969997096048,4.38707695037411e-08,1.75175110845946e-08,0.000424969997096048
5628.10917349806,3752.32090433694,-2943.45073152128,0.000200970582624197,4.3921646126717e-09,1.68000690401303e-09,0.000200970582624197
5704.96426730565,3890.07957130264,-2946.62398996062,0.00026483113356208,7.75050118192492e-10,5.95175291603638e-10,0.00026483113356208
5448.25863891202,3636.9053719273,-2929.60719192326,0.000384237879898344,4.16230558532897e-08,2.01732857316245e-08,0.000384237879898344
5415.95125991243,3741.22082256661,-2944.19421346715,0.000243529974077681,3.58856165444243e-09,4.28843074439241e-09,0.000243529974077681
5518.56004089004,3713.96076156146,-2938.00933665114,0.00033636037433206,6.8466286999215e-09,3.49361668081427e-09,0.00033636037433206
5508.11351816156,3868.91413606558,-2947.92935458582,0.000255412698460544,9.29383492494119e-10,1.47856124930274e-09,0.000255412698460544
5304.17896275324,3671.2385902516,-2938.44033871378,0.000307879416365151,1.08546897961979e-08,4.42528329442436e-09,0.000307879416365151
5157.70405888975,3711.70500898352,-2947.41900480208,0.000310484260049711,1.17194614757115e-09,8.45102228317107e-10,0.000310484260049711
5309.59103491187,3851.75347510849,-2949.04330126063,0.000226227015902446,1.03628069101477e-09,4.81536553243048e-10,0.000226227015902446
5100.31560049657,3863.04167469849,-2950.21570266218,0.00017355099436915,1.23323363873855e-08,1.6173504367544e-09,0.00017355099436915
5810.24637525931,3045.95986328784,-2910.28955851981,0.000594661491102325,8.10597225534854e-07,3.26732372722924e-07,0.000594661491102325
5809.04289046352,3163.60933746654,-2909.02509199001,0.000604538518006528,2.27667746232526e-08,1.97182812536373e-05,0.000604538518006528
5917.80836293759,2963.37952417247,-2908.13103073936,0.000505792296998223,2.94959606873127e-09,6.51944353103263e-08,0.000505792296998223
6410.9699615203,2588.64331196739,-2903.44804952081,0.000117858401580512,8.5877464529858e-09,8.99428125164965e-09,0.000117858401580512
6033.07881215792,2826.2470419346,-2907.34551377743,0.000463109948063196,1.25105028717283e-09,1.46920097635455e-10,0.000463109948063196
6223.80222592055,2712.73088613288,-2905.19570794438,0.000306580003504697,3.0526202348659e-10,5.25968290925681e-11,0.000306580003504697
6425.23028865404,2813.00892893756,-2909.52175297137,0.000223789132001418,1.74415110485065e-10,7.97267741707887e-11,0.000223789132001418
6245.26325768814,2942.58488651654,-2910.30422231897,0.000278792660926817,3.46408431075162e-08,7.21059459014432e-08,0.000278792660926817
5946.73978637542,3114.38512631489,-2914.82894158026,0.000587693512925726,2.99111064511917e-07,3.94491716618985e-08,0.000587693512925726
6088.53345869828,3057.15562942488,-2911.48854096797,0.000467525811189605,1.57053243639176e-09,2.31400117543085e-08,0.000467525811189605
5894.57830673287,3231.91320699357,-2915.80385306151,0.000462218342035219,1.08596477453948e-06,9.35004537791233e-06,0.000462218342035219
5899.27668988058,3332.60651754612,-2915.2956136314,0.000610901367833262,6.07712091736549e-07,1.36853068348913e-07,0.000610901367833262
6433.18126781426,3039.74706261416,-2913.2231508832,0.000239572432006698,7.85936883506383e-08,2.20882477696382e-09,0.000239572432006698
6247.95402210932,3157.61023930755,-2914.96366778069,0.000411085589302197,7.43429627463928e-07,1.41177084857697e-06,0.000411085589302197
6054.44209978873,3275.31577326613,-2919.84391115632,0.000478509868517611,2.79184243588182e-07,3.96444468058524e-08,0.000478509868517611
5960.19160165523,3419.96659124469,-2924.18438786486,0.000364982390261237,9.51131691250125e-09,2.3287124217761e-08,0.000364982390261237
6427.95153130763,3272.63395455696,-2918.68302688348,0.000275369054376944,1.0517083841013e-08,8.25378238802968e-09,0.000275369054376944
6258.18444893114,3382.17207050214,-2923.45648054366,0.000264535646061476,2.10258682388427e-08,1.87758123193366e-08,0.000264535646061476
6098.31843874738,3491.77039243868,-2929.09805242156,0.000439778876982039,2.75137502084086e-09,9.38446349443307e-10,0.000439778876982039
6157.75940717693,3694.42527907736,-2937.9947143827,8.19665426934478e-05,1.22604821281012e-09,3.58215093828883e-10,8.19665426934478e-05
6294.36623377195,3600.02961539313,-2932.85106205347,8.22382174143456e-05,1.731728458878e-08,2.19476015356285e-09,8.22382174143456e-05
6454.18610130717,3501.70157235122,-2927.46382934551,0.000183766518554225,3.34137623731199e-10,4.87131798199394e-11,0.000183766518554225
6283.29575468846,3803.94392993708,-2939.9697225257,1.31522890946111e-05,3.51475224624668e-09,2.56799054239092e-11,1.31522890946111e-05
6469.6304277096,3731.36910527885,-2935.54446903275,0.000259854295859291,1.98958925259733e-09,1.1563631996459e-11,0.000259854295859291
5801.019958671,3292.89228534071,-2908.821925069,0.000525072797163494,8.87203627123469e-08,4.66203589197827e-07,0.000525072797163494
5714.39040714148,3348.64010304543,-2912.84157732521,0.000549736033575756,1.10578162471612e-06,6.78672921787959e-06,0.000549736033575756
5827.06299709758,3417.87182806972,-2919.37600708442,0.000421921108595755,2.18737065561355e-06,5.26527477854164e-06,0.000421921108595755
5929.27801539043,3539.43124199424,-2926.12871021667,0.000434870065440828,5.5018878594348e-07,5.64793504621269e-08,0.000434870065440828
6010.29789767349,3681.15099935764,-2934.17589042224,4.97161026630881e-05,1.30335888854016e-09,6.0556273149734e-10,4.97161026630881e-05
6093.77848341227,3843.34483234645,-2935.69781157446,0.000323549123915803,4.51341931883431e-10,1.88290901033737e-10,0.000323549123915803
5701.83434545925,3448.15088761547,-2914.40795906325,0.000508541842042833,1.5955880398991e-07,1.11231573530743e-07,0.000508541842042833
5621.8443315502,3534.05476573972,-2918.80878905306,0.000504173846955942,7.63845275960805e-08,3.80684234611949e-07,0.000504173846955942
5756.84668879535,3547.9556512574,-2923.38671104375,0.000571114899676786,6.5602353738286e-07,4.15552978773165e-07,0.000571114899676786
5665.3997777927,3628.52530703711,-2929.35724817242,0.000406338130579192,1.63040214120751e-08,6.05272109328554e-09,0.000406338130579192
5794.80096362282,3710.83410454404,-2934.16636735216,0.00013903391027773,2.81905094081751e-09,7.40333429092336e-09,0.00013903391027773
5912.62054418649,3858.88109200907,-2934.96798348143,0.00017050808522318,7.40355035024004e-10,1.6950762443703e-10,0.00017050808522318
5573.37609193376,3632.39149546092,-2922.60487701157,0.000378258524301471,2.29303615019559e-08,1.57632527414119e-08,0.000378258524301471
5628.06974957003,3752.29352733612,-2931.47435073383,0.000240824293437609,2.96955699378761e-09,1.66284127280902e-09,0.000240824293437609
5704.93312898331,3890.02952171361,-2935.15979116726,0.000246505623762318,9.02322251556093e-10,5.91951549729264e-10,0.000246505623762318
5518.51051129656,3713.92674648358,-2926.00037912905,0.000378183272497524,6.56663570607211e-09,2.98971989885856e-09,0.000378183272497524
5415.90736301901,3741.21071198272,-2932.22563715707,0.000265877729135912,3.15829042230924e-09,4.87860641887223e-09,0.000265877729135912
5508.07183669551,3868.8526163013,-2936.37032832953,0.000248614635768527,1.17015144327601e-09,1.25363669217804e-09,0.000248614635768527
5309.5475852166,3851.68416161448,-2937.47721963684,0.000220890083716848,2.08249021754767e-09,3.25669712733282e-09,0.000220890083716848
5946.82083720344,3114.40756016821,-2904.08450226608,0.000563106347705366,2.16945367346044e-07,1.51947428195122e-07,0.000563106347705366
5894.65151709356,3231.87795217448,-2905.14133315593,0.000498530475646569,1.03408871599844e-06,2.74950213395192e-05,0.000498530475646569
5899.32976902464,3332.55592027836,-2904.33280068103,0.000553151637217233,3.0973653041665e-07,3.15034074325724e-06,0.000553151637217233
6088.58767013869,3057.16865693391,-2900.49823578528,0.000465055638067835,1.76740042277004e-09,5.57396500782947e-09,0.000465055638067835
6425.27834105152,2812.95981498592,-2897.29711387162,0.000245657403402324,4.41408723723298e-10,1.62847045710623e-11,0.000245657403402324
6245.31329168624,2942.56646166715,-2898.69511990526,0.000212658556959099,2.11791818011834e-08,7.90575382062077e-08,0.000212658556959099
6433.23667368722,3039.73984559994,-2901.83199617303,0.000238505791036514,7.09536211015271e-08,3.05468492050831e-09,0.000238505791036514
6248.0008604208,3157.56846334151,-2904.14822452014,0.000340941352347696,6.26214494788917e-07,4.38401242707734e-06,0.000340941352347696
6054.50971097273,3275.25661822515,-2909.13685658937,0.000452517762802473,2.51832453926934e-07,4.48862176312428e-08,0.000452517762802473
5960.23416597746,3419.92013271194,-2913.04825687128,0.000372044984469862,1.44868663979898e-08,1.18103772667729e-07,0.000372044984469862
6427.9972164961,3272.58161555119,-2907.54149967911,0.000257038990198767,7.83764143631446e-09,1.8287499756406e-08,0.000257038990198767
6258.22460823829,3382.12507610252,-2912.26904656513,0.00024940835737596,8.45943638544398e-09,2.64469316994537e-08,0.00024940835737596
6098.34973032426,3491.73123380162,-2917.81398814806,0.000412148146236928,1.94255519173075e-09,9.8802053107686e-10,0.000412148146236928
6454.21068936982,3501.66132124045,-2915.79892188078,0.000180102855373391,2.54480130778251e-10,2.16551861131033e-11,0.000180102855373391
6294.37721614727,3599.99709766891,-2921.12206592793,0.000120643553827789,1.80697687426514e-08,4.52952521966886e-09,0.000120643553827789
6157.75630296576,3694.38632096348,-2926.26657333539,2.4260720040055e-05,1.13253760927167e-09,7.39339164000388e-10,2.4260720040055e-05
6283.29603683028,3803.90697921801,-2928.39123665648,2.17306102376596e-05,3.76462847004364e-09,2.43364908786653e-11,2.17306102376596e-05
6469.62966638185,3731.31817351926,-2923.62677038621,0.000184329084300339,2.16523907474908e-09,1.90868829228651e-11,0.000184329084300339
5827.09542722755,3417.82956965712,-2908.16666281722,0.00037646257192757,2.05219201502635e-06,8.86340109498126e-06,0.00037646257192757
5929.28856056551,3539.40123797971,-2914.61641945677,0.000458132733976216,5.72634366673402e-07,5.9390384359378e-08,0.000458132733976216
6010.27786000323,3681.11679907399,-2922.37086150951,0.000104989287116597,1.31552556693812e-09,6.49042546088185e-10,0.000104989287116597
6093.774920513,3843.3141442684,-2924.33767020268,0.000293234279424295,4.78447665635928e-10,2.10216646753048e-10,0.000293234279424295
5756.84238118213,3547.93471543307,-2911.73395133173,0.000584064165065792,6.1579197718479e-07,1.89756171306015e-07,0.000584064165065792
5665.37639510022,3628.52490324606,-2917.47458585504,0.000380973365938979,1.64803231715972e-08,7.97181875811165e-09,0.000380973365938979
5794.76619910808,3710.79075980566,-2922.24368193187,0.000175510821516385,3.30885398352996e-09,6.04415682116148e-09,0.000175510821516385
5912.59832606583,3858.83846518729,-2923.50032141785,0.000173845622628406,8.00447609438244e-10,2.12705805783092e-10,0.000173845622628406
5628.03032564199,3752.2661503353,-2919.49796994637,0.000274957312375683,3.30924427522487e-09,1.50403423077945e-09,0.000274957312375683
5704.90199066097,3889.97947212458,-2923.6955923739,0.000219402423974392,1.08851589541962e-09,6.69934340837263e-10,0.000219402423974392
5508.03015522946,3868.79109653701,-2924.81130207324,0.000245402825300469,9.7703414475743e-10,8.6155117139285e-10,0.000245402825300469
5960.2767302997,3419.8736741792,-2901.91212587769,0.00039704757124912,1.75394714779285e-08,3.3609339585392e-07,0.00039704757124912
6054.57732215673,3275.19746318416,-2898.42980202243,0.000426552580131557,1.89813555807885e-07,4.29490027427493e-08,0.000426552580131557
6248.04769873227,3157.52668737548,-2893.33278125958,0.00025039238646988,4.9983159532785e-07,9.1253684201884e-06,0.00025039238646988
6433.29207956018,3039.73262858572,-2890.44084146285,0.000243586738428403,5.9229744063415e-08,4.28579539649806e-09,0.000243586738428403
6428.04290168457,3272.52927654542,-2896.39997247474,0.000242821264128454,3.51083533550159e-09,3.96482539129159e-08,0.000242821264128454
6258.26476754543,3382.07808170291,-2901.08161258659,0.000230982527812469,8.79007643235341e-09,2.75930619027313e-08,0.000230982527812469
6098.38102190113,3491.69207516456,-2906.52992387455,0.000389242624189617,1.72481750518199e-09,6.48217345300282e-10,0.000389242624189617
6454.23527743248,3501.62107012968,-2904.13401441606,0.000167551215510729,2.01388983479922e-10,2.07961709699669e-11,0.000167551215510729
6294.38819852259,3599.96457994468,-2909.39306980239,0.000158808933199762,1.84856390032315e-08,1.05146532696916e-08,0.000158808933199762
6157.7531987546,3694.3473628496,-2914.53843228809,2.86499910143175e-05,1.05234749247757e-09,4.49147804336861e-10,2.86499910143175e-05
6469.62890505411,3731.26724175966,-2911.70907173967,0.000124811300830168,2.31098335435538e-09,2.86355415397575e-11,0.000124811300830168
6283.2963189721,3803.87002849895,-2916.81275078726,4.73646153688908e-05,6.01646498989727e-09,1.0749445552667e-10,4.73646153688908e-05
5929.2991057406,3539.37123396518,-2903.10412869688,0.000524064351232153,5.57436369870268e-07,1.68507005035346e-07,0.000524064351232153
6010.25782233297,3681.08259879034,-2910.56583259678,0.000148855046654167,1.38939903760567e-09,6.32229452154072e-10,0.000148855046654167
6093.77135761373,3843.28345619034,-2912.9775288309,0.000256481316518701,5.11321131231296e-10,2.06387165761375e-10,0.000256481316518701
5794.73143459333,3710.74741506728,-2910.32099651157,0.000218418109862731,4.26162034277867e-09,1.54593254213857e-09,0.000218418109862731
5912.57610794518,3858.79583836551,-2912.03265935428,0.000167159199257773,8.93698226790423e-10,2.84088764287899e-10,0.000167159199257773
5704.87085233864,3889.92942253556,-2912.23139358054,0.000188943181676207,1.3928009932748e-09,8.04301431434967e-10,0.000188943181676207
6098.41231347801,3491.6529165275,-2895.24585960104,0.000375641360076545,1.76152336379188e-09,3.36505020404355e-10,0.000375641360076545
6258.30492685257,3382.03108730329,-2889.89417860805,0.000202865429361003,7.97581410992358e-09,2.18971663036777e-08,0.000202865429361003
6428.08858687304,3272.47693753965,-2885.25844527037,0.000224128885947204,1.15283527697967e-09,5.0363271647394e-08,0.000224128885947204
6454.25986549514,3501.58081901891,-2892.46910695133,0.00014197612364374,2.45698621731546e-10,2.20049914932921e-11,0.00014197612364374
6294.39918089791,3599.93206222045,-2897.66407367685,0.000204569629951568,1.71931074170168e-08,2.73046130286714e-08,0.000204569629951568
6157.75009454344,3694.30840473571,-2902.81029124078,6.53305369034571e-05,9.75355888978902e-10,1.01745715547465e-09,6.53305369034571e-05
6469.62814372636,3731.21631000007,-2899.79137309313,7.66723453335159e-05,3.63035503712852e-09,7.92247461058664e-11,7.66723453335159e-05
6283.29660111393,3803.83307777988,-2905.23426491805,7.43537827482008e-05,6.23511361742789e-09,3.22847516336527e-11,7.43537827482008e-05
6010.23778466271,3681.04839850669,-2898.76080368405,0.00018487570263055,1.60733524345995e-09,4.71432225443692e-10,0.00018487570263055
6093.76779471445,3843.25276811229,-2901.61738745912,0.000213789161127604,5.47257252521557e-10,7.41623192447481e-11,0.000213789161127604
5912.55388982452,3858.75321154373,-2900.5649972907,0.000142994774155832,9.87050099986993e-10,2.18397654309373e-10,0.000142994774155832
6157.74699033228,3694.26944662183,-2891.08215019347,0.000104322794600327,9.1097128831455e-10,2.01540899511261e-09,0.000104322794600327
6294.41016327323,3599.89954449623,-2885.93507755131,0.000271545936083281,1.53506499519597e-08,7.68439565833619e-08,0.000271545936083281
6454.28445355779,3501.54056790814,-2880.8041994866,8.89714383464311e-05,3.83290447844303e-10,2.61736235211915e-11,8.89714383464311e-05
6469.62738239862,3731.16537824047,-2887.87367444659,3.63420889789355e-05,3.61264216423059e-09,7.3649660099971e-10,3.63420889789355e-05
6283.29688325575,3803.79612706082,-2893.65577904883,0.000106653239203101,6.2323441577531e-09,2.18802693948495e-11,0.000106653239203101
6093.76423181518,3843.22208003423,-2890.25724608733,0.000164206559458004,5.82384864895563e-10,6.11669421276058e-11,0.000164206559458004
6283.29716539757,3803.75917634175,-2882.07729317961,0.000150050385725493,3.9499042890506e-09,3.29552732281871e-11,0.000150050385725493
6469.62662107087,3731.11444648088,-2875.95597580005,7.38920223969092e-06,3.37402206193472e-09,1.77313443088984e-09,7.38920223969092e-06
5439.79335566472,3298.34654151641,-2995.30074189631,0.00164746723528114,0.00164746723528114,3.06606549048057e-05,0.00060748608863843
5390,3350,-3004.75053556786,0.00254069372740507,0,2.49972775508854e-05,0.00254069372740507
5490,3350,-3000.34274595592,0.00113748757369717,0,2.74398100816914e-05,0.00113748757369717
5390.00000000001,3250.00000000003,-3000.85800840337,0.000631411657350277,0,2.56472470610398e-05,0.000631411657350277
5490,3250,-2996.9365779682,0.000351154572247463,0,1.39590287963214e-05,0.000351154572247463
5437.43216840035,3297.80242094844,-2978.53337185408,0.021376197388874,0.00181201252536588,0.021376197388874,0.00207323485964617
5440.66872109185,3299.59062484876,-2958.8825907145,0.0130977106037035,0.00289417497614992,0.0130977106037035,0.00690575862681806
5440.18116663809,3299.0491682198,-2941.0027567131,0.00815191176850924,0.00161354117634411,0.00815191176850924,0.00630967914007199
5449.5779597587,3310.27665673248,-2935.02343927117,0.00351820128208257,0.000954877753323995,0.00180695271846936,0.00351820128208257
5440,3300,-2932.70247655708,0.00604001960150932,0.000657570403234884,0.000208725166051289,0.00604001960150932
5444.93991864965,3287.37860712819,-2929.11329440359,0.00187323338436415,0.000713236570738154,0.000244928970208857,0.00187323338436415
5440,3300,-2930.75643628137,0.00237638273971707,0.000465786378460511,0.000787999889614632,0.00237638273971707
5418.78205106261,3294.03661441337,-2930.77044443294,0.00476836042702304,0.000393731523781908,0.000320028898179525,0.00476836042702304
5460.21352513102,3301.19776966629,-2932.30075724407,0.013341390029073,0.000790785814135371,0.000514466724332995,0.013341390029073
5440,3300,-2928.81039600566,0.00173231979419848,0.000388020083543991,0.00122403980222192,0.00173231979419848
5455.41517906895,3305.25757665597,-2929.26677496919,0.00441934024991275,0.000481587484454245,0.000975797875518132,0.00441934024991275
5432.18320312047,3312.06876235407,-2932.86439226532,0.00972379795287754,0.000455535537843184,0.000458349083997717,0.00972379795287754
5440,3300,-2926.86435572995,0.0019608706496477,0.000491679744614335,0.0019608706496477,0.00194283931197573
5430.90424336816,3283.16743329322,-2925.90578732591,0.0197591187838053,0.00051411547936037,0.00165953458585646,0.0197591187838053
5440,3300,-2924.91831545425,0.00311371213130205,0.000450197493116152,0.00112807069088181,0.00311371213130205
5451.7193457796,3290.40361780124,-2924.468384038,0.0161255909318072,0.000537859981302291,0.000310470721478464,0.0161255909318072
5432.3187642117,3284.17741425867,-2923.19467818197,0.0215589584830531,0.000512905918380277,0.0012672379343761,0.0215589584830531
5440,3300,-2922.97227517854,0.00420607148079117,0.000483015415955109,0.0030441998718773,0.00420607148079117
5423.53130296227,3307.55251001067,-2920.67249201265,0.00285291423952673,0.000268675019036869,0.000298696529221429,0.00285291423952673
5458.03752176791,3299.6273548968,-2915.19205844724,0.00233619075663792,0.0002230589448921,0.000860037869272231,0.00233619075663792
5390,3350,-2906.28476569394,0.00270190881267606,0.000273835949252328,0.00270190881267606,0.00251179845632575
5390,3250,-2905.73255132258,0.00453488668749537,0.000688643227079403,0.00106462011254984,0.00453488668749537
5489.99994127717,3349.99998229633,-2901.36146173601,0.0385306116546484,0.0007539075590293,0.0023300622191372,0.0385306116546484
5490,3250,-2900.83048929923,0.00407628800878047,0.000606467669067916,0.00244554998076853,0.00407628800878047
