X_Coordinate,Y_Coordinate,Z_Coordinate,Failure_Probability,CI_Lower,CI_Upper,Node_ID
3.948152e+03,1.367922e+03,-3.047214e+03,8.560453e-03,7.248548e-03,9.872358e-03,1
3.800000e+03,1.430859e+03,-3.051063e+03,7.645618e-03,6.344596e-03,8.946639e-03,2
3.800000e+03,1.200000e+03,-3.049015e+03,8.193740e-03,6.886327e-03,9.501153e-03,3
3.948144e+03,1.367924e+03,-3.033762e+03,9.662644e-03,8.335518e-03,1.098977e-02,4
3.800000e+03,1.430855e+03,-3.037680e+03,7.290684e-03,5.993519e-03,8.587850e-03,5
3.800000e+03,1.200000e+03,-3.035812e+03,8.573989e-03,7.261913e-03,9.886065e-03,6
4.030740e+03,1.200000e+03,-3.030385e+03,9.395456e-03,8.072211e-03,1.071870e-02,7
4.030742e+03,1.200000e+03,-3.043763e+03,9.228771e-03,7.907809e-03,1.054973e-02,8
3.948136e+03,1.367926e+03,-3.020310e+03,1.041099e-02,9.071645e-03,1.175033e-02,9
3.800000e+03,1.430850e+03,-3.024296e+03,7.695342e-03,6.393727e-03,8.996956e-03,10
3.800000e+03,1.200000e+03,-3.022610e+03,9.126067e-03,7.806673e-03,1.044546e-02,11
4.030738e+03,1.200000e+03,-3.017007e+03,9.292611e-03,7.970941e-03,1.061428e-02,12
3.966594e+03,1.546782e+03,-3.048468e+03,8.504741e-03,7.193549e-03,9.815934e-03,13
3.800000e+03,1.661719e+03,-3.053170e+03,7.544910e-03,6.245001e-03,8.844818e-03,14
3.966577e+03,1.546791e+03,-3.034867e+03,9.351291e-03,8.028806e-03,1.067378e-02,15
3.800000e+03,1.661711e+03,-3.039655e+03,6.788294e-03,5.496318e-03,8.080269e-03,16
4.150066e+03,1.410368e+03,-3.029555e+03,8.748220e-03,7.433882e-03,1.006256e-02,17
4.150071e+03,1.410372e+03,-3.043214e+03,8.992178e-03,7.674567e-03,1.030979e-02,18
4.261526e+03,1.200000e+03,-3.041599e+03,9.024164e-03,7.706086e-03,1.034224e-02,19
4.261523e+03,1.200000e+03,-3.027993e+03,8.661080e-03,7.347856e-03,9.974303e-03,20
3.948129e+03,1.367929e+03,-3.006859e+03,1.096193e-02,9.612396e-03,1.231145e-02,21
3.800000e+03,1.430846e+03,-3.010913e+03,8.715274e-03,7.401465e-03,1.002908e-02,22
3.800000e+03,1.200000e+03,-3.009407e+03,1.031944e-02,8.981192e-03,1.165769e-02,23
4.030736e+03,1.200000e+03,-3.003629e+03,9.042757e-03,7.724606e-03,1.036091e-02,24
3.966559e+03,1.546800e+03,-3.021265e+03,9.957826e-03,8.626246e-03,1.128941e-02,25
3.800000e+03,1.661702e+03,-3.026140e+03,7.011357e-03,5.717128e-03,8.305586e-03,26
4.150060e+03,1.410364e+03,-3.015896e+03,8.256712e-03,6.948573e-03,9.564851e-03,27
4.261521e+03,1.200000e+03,-3.014386e+03,8.273445e-03,6.965101e-03,9.581788e-03,28
3.991569e+03,1.770527e+03,-3.047565e+03,8.447060e-03,7.136592e-03,9.757528e-03,29
3.800000e+03,1.892585e+03,-3.051630e+03,7.747755e-03,6.445598e-03,9.049913e-03,30
3.991545e+03,1.770525e+03,-3.034167e+03,9.035040e-03,7.716978e-03,1.035310e-02,31
3.800000e+03,1.892570e+03,-3.038570e+03,7.361932e-03,6.064011e-03,8.659853e-03,32
4.167451e+03,1.650195e+03,-3.044336e+03,8.754750e-03,7.440302e-03,1.006920e-02,33
4.167427e+03,1.650179e+03,-3.030560e+03,8.115803e-03,6.809341e-03,9.422265e-03,34
4.322934e+03,1.566319e+03,-3.042972e+03,8.453667e-03,7.143098e-03,9.764235e-03,35
4.322936e+03,1.566310e+03,-3.029036e+03,7.650918e-03,6.349823e-03,8.952012e-03,36
4.402346e+03,1.380718e+03,-3.028048e+03,8.198233e-03,6.890795e-03,9.505670e-03,37
4.402338e+03,1.380738e+03,-3.041938e+03,8.529813e-03,7.218272e-03,9.841354e-03,38
4.492325e+03,1.200000e+03,-3.027182e+03,8.846154e-03,7.530558e-03,1.016175e-02,39
4.492328e+03,1.200000e+03,-3.041058e+03,8.735937e-03,7.421748e-03,1.005013e-02,40
3.800000e+03,2.123425e+03,-3.036968e+03,7.850753e-03,6.547428e-03,9.154079e-03,41
4.005131e+03,2.007920e+03,-3.032294e+03,8.916251e-03,7.599790e-03,1.023271e-02,42
3.800000e+03,2.123446e+03,-3.049487e+03,8.002924e-03,6.697825e-03,9.308023e-03,43
4.005151e+03,2.007919e+03,-3.045166e+03,8.445861e-03,7.135410e-03,9.756312e-03,44
3.948121e+03,1.367931e+03,-2.993407e+03,1.125384e-02,9.898094e-03,1.260959e-02,45
3.800000e+03,1.430842e+03,-2.997529e+03,1.074666e-02,9.400799e-03,1.209253e-02,46
3.800000e+03,1.200000e+03,-2.996204e+03,1.191988e-02,1.054534e-02,1.329441e-02,47
4.030734e+03,1.200000e+03,-2.990251e+03,8.682890e-03,7.369548e-03,9.996232e-03,48
3.966541e+03,1.546809e+03,-3.007663e+03,1.022527e-02,8.889583e-03,1.156097e-02,49
3.800000e+03,1.661693e+03,-3.012626e+03,7.758676e-03,6.456398e-03,9.060953e-03,50
4.150054e+03,1.410359e+03,-3.002236e+03,7.646598e-03,6.345550e-03,8.947645e-03,51
4.261518e+03,1.200000e+03,-3.000779e+03,7.892432e-03,6.588620e-03,9.196244e-03,52
3.991520e+03,1.770523e+03,-3.020769e+03,9.426701e-03,8.103214e-03,1.075019e-02,53
3.800000e+03,1.892555e+03,-3.025511e+03,7.600032e-03,6.299520e-03,8.900545e-03,54
3.800000e+03,2.123404e+03,-3.024449e+03,7.948088e-03,6.643631e-03,9.252545e-03,55
4.005111e+03,2.007921e+03,-3.019422e+03,9.166701e-03,7.846882e-03,1.048652e-02,56
4.402354e+03,1.380698e+03,-3.014159e+03,7.803636e-03,6.500840e-03,9.106432e-03,57
4.492323e+03,1.200000e+03,-3.013306e+03,8.890173e-03,7.574040e-03,1.020631e-02,58
4.185409e+03,1.878923e+03,-3.041460e+03,8.763732e-03,7.449177e-03,1.007829e-02,59
4.185390e+03,1.878914e+03,-3.028240e+03,8.455122e-03,7.144549e-03,9.765696e-03,60
4.360815e+03,1.752679e+03,-3.041072e+03,8.191067e-03,6.883722e-03,9.498412e-03,61
4.360815e+03,1.752656e+03,-3.027404e+03,7.419159e-03,6.120609e-03,8.717709e-03,62
4.509450e+03,1.583639e+03,-3.027955e+03,7.821996e-03,6.519004e-03,9.124988e-03,63
4.509444e+03,1.583658e+03,-3.042076e+03,8.073072e-03,6.767135e-03,9.379009e-03,64
4.616915e+03,1.390314e+03,-3.041014e+03,8.160939e-03,6.853949e-03,9.467929e-03,65
4.616927e+03,1.390282e+03,-3.026907e+03,8.415260e-03,7.105180e-03,9.725340e-03,66
4.723120e+03,1.200000e+03,-3.025527e+03,8.778934e-03,7.464148e-03,1.009372e-02,67
4.723125e+03,1.200000e+03,-3.039747e+03,8.601959e-03,7.289467e-03,9.914451e-03,68
4.005061e+03,2.234603e+03,-3.044599e+03,8.529604e-03,7.218084e-03,9.841124e-03,69
4.005045e+03,2.234617e+03,-3.032146e+03,9.140514e-03,7.821004e-03,1.046002e-02,70
3.800000e+03,2.354273e+03,-3.039403e+03,7.572320e-03,6.272110e-03,8.872529e-03,71
3.800000e+03,2.354301e+03,-3.051748e+03,7.756161e-03,6.453906e-03,9.058416e-03,72
4.200197e+03,2.107623e+03,-3.026053e+03,8.621315e-03,7.308644e-03,9.933986e-03,73
4.200210e+03,2.107628e+03,-3.038727e+03,8.717994e-03,7.404040e-03,1.003195e-02,74
4.005028e+03,2.234632e+03,-3.019694e+03,9.360811e-03,8.038254e-03,1.068337e-02,75
3.800000e+03,2.354245e+03,-3.027058e+03,7.622665e-03,6.321902e-03,8.923428e-03,76
3.999424e+03,2.467420e+03,-3.036506e+03,8.689058e-03,7.375588e-03,1.000253e-02,77
3.999445e+03,2.467400e+03,-3.048855e+03,8.098344e-03,6.792106e-03,9.404581e-03,78
3.800000e+03,2.585124e+03,-3.056463e+03,7.587698e-03,6.287332e-03,8.888064e-03,79
3.800000e+03,2.585090e+03,-3.044169e+03,6.869538e-03,5.576765e-03,8.162311e-03,80
3.948113e+03,1.367933e+03,-2.979955e+03,1.128673e-02,9.930397e-03,1.264306e-02,81
3.800000e+03,1.430837e+03,-2.984146e+03,1.464358e-02,1.309473e-02,1.619244e-02,82
3.800000e+03,1.200000e+03,-2.983002e+03,1.448620e-02,1.295843e-02,1.601398e-02,83
4.030732e+03,1.200000e+03,-2.976873e+03,8.340667e-03,7.031609e-03,9.649726e-03,84
3.966523e+03,1.546818e+03,-2.994061e+03,1.021914e-02,8.883527e-03,1.155476e-02,85
3.800000e+03,1.661685e+03,-2.999111e+03,9.349801e-03,8.027378e-03,1.067222e-02,86
4.150048e+03,1.410355e+03,-2.988577e+03,7.039579e-03,5.745036e-03,8.334122e-03,87
4.261516e+03,1.200000e+03,-2.987172e+03,7.639490e-03,6.338539e-03,8.940440e-03,88
3.991496e+03,1.770521e+03,-3.007371e+03,9.584850e-03,8.259148e-03,1.091055e-02,89
3.800000e+03,1.892540e+03,-3.012451e+03,8.408580e-03,7.098651e-03,9.718509e-03,90
3.800000e+03,2.123383e+03,-3.011931e+03,8.633542e-03,7.320782e-03,9.946303e-03,91
4.005091e+03,2.007921e+03,-3.006551e+03,9.159328e-03,7.839690e-03,1.047897e-02,92
4.402362e+03,1.380679e+03,-3.000269e+03,7.453761e-03,6.154837e-03,8.752686e-03,93
4.492321e+03,1.200000e+03,-2.999430e+03,8.799664e-03,7.484766e-03,1.011456e-02,94
4.616940e+03,1.390249e+03,-3.012799e+03,8.745864e-03,7.431593e-03,1.006013e-02,95
4.723115e+03,1.200000e+03,-3.011307e+03,9.130534e-03,7.811050e-03,1.045002e-02,96
4.385376e+03,1.991705e+03,-3.037582e+03,7.835176e-03,6.532038e-03,9.138314e-03,97
4.385377e+03,1.991688e+03,-3.024487e+03,7.434962e-03,6.136255e-03,8.733668e-03,98
4.602209e+03,1.848199e+03,-3.024683e+03,7.657678e-03,6.356541e-03,8.958815e-03,99
4.602203e+03,1.848233e+03,-3.038342e+03,7.627299e-03,6.326486e-03,8.928113e-03,100
4.744520e+03,1.604650e+03,-3.026265e+03,7.404715e-03,6.106343e-03,8.703088e-03,101
4.744518e+03,1.604687e+03,-3.040630e+03,7.611265e-03,6.310630e-03,8.911899e-03,102
4.847014e+03,1.392430e+03,-3.038608e+03,8.239744e-03,6.931810e-03,9.547677e-03,103
4.847021e+03,1.392390e+03,-3.024068e+03,8.359494e-03,7.050127e-03,9.668862e-03,104
4.953894e+03,1.200000e+03,-3.022077e+03,8.081093e-03,6.775045e-03,9.387142e-03,105
4.953909e+03,1.200000e+03,-3.036844e+03,8.859061e-03,7.543250e-03,1.017487e-02,106
4.197139e+03,2.345465e+03,-3.029267e+03,7.443058e-03,6.144263e-03,8.741853e-03,107
4.197153e+03,2.345454e+03,-3.041728e+03,7.739233e-03,6.437168e-03,9.041298e-03,108
4.394966e+03,2.228433e+03,-3.036576e+03,7.684058e-03,6.382612e-03,8.985505e-03,109
4.394967e+03,2.228433e+03,-3.023897e+03,7.406391e-03,6.107999e-03,8.704783e-03,110
4.005011e+03,2.234646e+03,-3.007241e+03,9.316725e-03,7.994903e-03,1.063855e-02,111
3.800000e+03,2.354217e+03,-3.014712e+03,8.130419e-03,6.823799e-03,9.437039e-03,112
3.999403e+03,2.467441e+03,-3.024157e+03,8.964729e-03,7.647672e-03,1.028179e-02,113
3.800000e+03,2.585055e+03,-3.031875e+03,6.518472e-03,5.229131e-03,7.807813e-03,114
4.189483e+03,2.577646e+03,-3.034030e+03,6.933542e-03,5.640113e-03,8.226972e-03,115
4.189501e+03,2.577632e+03,-3.046401e+03,7.325826e-03,6.028308e-03,8.623345e-03,116
3.988741e+03,2.698744e+03,-3.053556e+03,8.012021e-03,6.706833e-03,9.317210e-03,117
3.988716e+03,2.698760e+03,-3.041276e+03,7.709479e-03,6.407753e-03,9.011204e-03,118
3.800000e+03,2.815966e+03,-3.058538e+03,7.816734e-03,6.513826e-03,9.119642e-03,119
3.800000e+03,2.815920e+03,-3.046733e+03,6.509267e-03,5.220038e-03,7.798495e-03,120
3.948106e+03,1.367936e+03,-2.966504e+03,1.081223e-02,9.466112e-03,1.215834e-02,121
3.800000e+03,1.430833e+03,-2.970762e+03,1.679535e-02,1.501194e-02,1.857877e-02,122
3.800000e+03,1.200000e+03,-2.969799e+03,1.646034e-02,1.472080e-02,1.819989e-02,123
4.030730e+03,1.200000e+03,-2.963495e+03,8.065940e-03,6.760163e-03,9.371717e-03,124
3.966505e+03,1.546827e+03,-2.980459e+03,9.937534e-03,8.606484e-03,1.126858e-02,125
3.800000e+03,1.661676e+03,-2.985597e+03,1.197247e-02,1.059442e-02,1.335053e-02,126
4.150043e+03,1.410351e+03,-2.974918e+03,6.630491e-03,5.340060e-03,7.920922e-03,127
4.261513e+03,1.200000e+03,-2.973566e+03,7.467024e-03,6.167979e-03,8.766069e-03,128
3.991472e+03,1.770519e+03,-2.993973e+03,9.460026e-03,8.136189e-03,1.078386e-02,129
3.800000e+03,1.892526e+03,-2.999391e+03,9.924451e-03,8.593483e-03,1.125542e-02,130
3.800000e+03,2.123363e+03,-2.999412e+03,1.004841e-02,8.715389e-03,1.138143e-02,131
4.005071e+03,2.007922e+03,-2.993679e+03,9.017991e-03,7.700328e-03,1.033565e-02,132
4.402370e+03,1.380659e+03,-2.986379e+03,7.126616e-03,5.831182e-03,8.422049e-03,133
4.492319e+03,1.200000e+03,-2.985554e+03,8.588838e-03,7.276671e-03,9.901005e-03,134
4.616953e+03,1.390217e+03,-2.998692e+03,9.236279e-03,7.915389e-03,1.055717e-02,135
4.723111e+03,1.200000e+03,-2.997086e+03,9.585145e-03,8.259148e-03,1.091114e-02,136
4.847028e+03,1.392350e+03,-3.009527e+03,8.391482e-03,7.081737e-03,9.701226e-03,137
4.953879e+03,1.200000e+03,-3.007310e+03,7.353527e-03,6.055668e-03,8.651386e-03,138
4.583485e+03,2.125377e+03,-3.021577e+03,7.386291e-03,6.088140e-03,8.684441e-03,139
4.583477e+03,2.125402e+03,-3.034543e+03,7.350095e-03,6.052310e-03,8.647881e-03,140
4.785426e+03,2.058033e+03,-3.034238e+03,6.837423e-03,5.544969e-03,8.129877e-03,141
4.785435e+03,2.057995e+03,-3.020891e+03,6.762071e-03,5.470375e-03,8.053767e-03,142
4.855227e+03,1.826558e+03,-3.036118e+03,7.279554e-03,5.982543e-03,8.576565e-03,143
4.855227e+03,1.826510e+03,-3.022085e+03,7.272439e-03,5.975516e-03,8.569363e-03,144
5.069089e+03,1.403908e+03,-3.020380e+03,7.456558e-03,6.157597e-03,8.755518e-03,145
5.184662e+03,1.200000e+03,-3.018238e+03,7.509803e-03,6.210247e-03,8.809359e-03,146
5.069085e+03,1.403955e+03,-3.035397e+03,8.263045e-03,6.954830e-03,9.571260e-03,147
5.184686e+03,1.200000e+03,-3.033464e+03,8.744022e-03,7.429709e-03,1.005834e-02,148
4.962790e+03,1.603874e+03,-3.022299e+03,7.357399e-03,6.059529e-03,8.655269e-03,149
4.962794e+03,1.603921e+03,-3.037085e+03,7.812810e-03,6.509925e-03,9.115695e-03,150
4.386929e+03,2.468431e+03,-3.027934e+03,6.688999e-03,5.398014e-03,7.979985e-03,151
4.386929e+03,2.468428e+03,-3.040476e+03,6.886678e-03,5.593726e-03,8.179630e-03,152
4.578882e+03,2.368464e+03,-3.037316e+03,6.363272e-03,5.075431e-03,7.651114e-03,153
4.578885e+03,2.368456e+03,-3.024496e+03,6.153984e-03,4.868088e-03,7.439880e-03,154
4.004994e+03,2.234660e+03,-2.994788e+03,8.999659e-03,7.682241e-03,1.031708e-02,155
3.800000e+03,2.354189e+03,-3.002367e+03,9.192104e-03,7.871938e-03,1.051227e-02,156
3.999382e+03,2.467462e+03,-3.011808e+03,8.929334e-03,7.612819e-03,1.024585e-02,157
3.800000e+03,2.585021e+03,-3.019582e+03,6.834333e-03,5.541908e-03,8.126757e-03,158
3.988690e+03,2.698776e+03,-3.028995e+03,7.570571e-03,6.270386e-03,8.870757e-03,159
3.800000e+03,2.815873e+03,-3.034927e+03,6.002971e-03,4.718451e-03,7.287492e-03,160
4.377659e+03,2.713469e+03,-3.031366e+03,5.625598e-03,4.344371e-03,6.906825e-03,161
4.377677e+03,2.713504e+03,-3.043625e+03,6.572896e-03,5.283057e-03,7.862735e-03,162
4.182075e+03,2.819721e+03,-3.034026e+03,7.117461e-03,5.822151e-03,8.412771e-03,163
4.182083e+03,2.819732e+03,-3.045621e+03,7.938740e-03,6.634436e-03,9.243044e-03,164
3.999600e+03,2.928498e+03,-3.048333e+03,9.065262e-03,7.746791e-03,1.038373e-02,165
3.999600e+03,2.928502e+03,-3.037345e+03,9.112558e-03,7.793477e-03,1.043164e-02,166
3.800000e+03,3.046715e+03,-3.042508e+03,8.418142e-03,7.108101e-03,9.728183e-03,167
3.800000e+03,3.046770e+03,-3.052975e+03,8.664990e-03,7.351842e-03,9.978138e-03,168
3.948098e+03,1.367938e+03,-2.953052e+03,9.844240e-03,8.514766e-03,1.117371e-02,169
3.800000e+03,1.430828e+03,-2.957378e+03,2.644567e-02,2.253378e-02,3.035757e-02,170
3.800000e+03,1.200000e+03,-2.956596e+03,2.172830e-02,1.874127e-02,2.471534e-02,171
4.030728e+03,1.200000e+03,-2.950117e+03,8.082717e-03,6.776745e-03,9.388690e-03,172
3.966488e+03,1.546836e+03,-2.966858e+03,9.120384e-03,7.801320e-03,1.043945e-02,173
3.800000e+03,1.661667e+03,-2.972082e+03,1.562713e-02,1.399484e-02,1.725942e-02,174
4.150037e+03,1.410346e+03,-2.961258e+03,6.359028e-03,5.071195e-03,7.646862e-03,175
4.261510e+03,1.200000e+03,-2.959959e+03,7.539970e-03,6.240142e-03,8.839797e-03,176
3.991448e+03,1.770518e+03,-2.980575e+03,9.054739e-03,7.736544e-03,1.037293e-02,177
3.800000e+03,1.892511e+03,-2.986332e+03,1.232815e-02,1.093895e-02,1.371734e-02,178
3.800000e+03,2.123342e+03,-2.986893e+03,1.248616e-02,1.109021e-02,1.388211e-02,179
4.005051e+03,2.007923e+03,-2.980807e+03,8.740299e-03,7.426254e-03,1.005434e-02,180
4.402379e+03,1.380639e+03,-2.972490e+03,6.879814e-03,5.586914e-03,8.172714e-03,181
4.492317e+03,1.200000e+03,-2.971678e+03,8.221467e-03,6.913862e-03,9.529073e-03,182
4.616965e+03,1.390185e+03,-2.984585e+03,9.861053e-03,8.531020e-03,1.119109e-02,183
4.723106e+03,1.200000e+03,-2.982866e+03,1.035714e-02,9.018787e-03,1.169550e-02,184
4.847035e+03,1.392310e+03,-2.994987e+03,8.339717e-03,7.030632e-03,9.648803e-03,185
4.953864e+03,1.200000e+03,-2.992543e+03,6.675930e-03,5.385041e-03,7.966819e-03,186
5.069093e+03,1.403860e+03,-3.005364e+03,6.685097e-03,5.394127e-03,7.976066e-03,187
5.184639e+03,1.200000e+03,-3.003012e+03,6.513264e-03,5.223950e-03,7.802577e-03,188
4.770073e+03,2.265479e+03,-3.034370e+03,6.103129e-03,4.817700e-03,7.388557e-03,189
4.770079e+03,2.265460e+03,-3.021308e+03,6.073585e-03,4.788444e-03,7.358726e-03,190
4.917746e+03,2.169119e+03,-3.031295e+03,6.455096e-03,5.166389e-03,7.743803e-03,191
4.917747e+03,2.169092e+03,-3.017959e+03,6.655725e-03,5.365087e-03,7.946363e-03,192
4.989841e+03,1.993997e+03,-3.031691e+03,6.913333e-03,5.620120e-03,8.206545e-03,193
4.989842e+03,1.993948e+03,-3.017840e+03,6.703568e-03,5.412448e-03,7.994689e-03,194
5.086835e+03,1.793337e+03,-3.032674e+03,7.422056e-03,6.123505e-03,8.720606e-03,195
5.086834e+03,1.793279e+03,-3.018131e+03,6.749876e-03,5.458281e-03,8.041470e-03,196
5.415433e+03,1.200000e+03,-3.028473e+03,8.530650e-03,7.219100e-03,9.842201e-03,197
5.299919e+03,1.404035e+03,-3.031221e+03,8.180434e-03,6.873211e-03,9.487656e-03,198
5.415416e+03,1.200000e+03,-3.013448e+03,7.685002e-03,6.383531e-03,8.986473e-03,199
5.299914e+03,1.403978e+03,-3.015993e+03,7.327689e-03,6.030117e-03,8.625262e-03,200
5.184562e+03,1.604590e+03,-3.033455e+03,7.773670e-03,6.471221e-03,9.076119e-03,201
5.184554e+03,1.604533e+03,-3.018253e+03,6.586614e-03,5.296614e-03,7.876614e-03,202
4.569063e+03,2.599278e+03,-3.027827e+03,5.110005e-03,3.832983e-03,6.387028e-03,203
4.569066e+03,2.599286e+03,-3.040497e+03,5.736151e-03,4.453994e-03,7.018308e-03,204
4.755247e+03,2.502821e+03,-3.037069e+03,5.455762e-03,4.175958e-03,6.735567e-03,205
4.755249e+03,2.502805e+03,-3.024160e+03,5.512758e-03,4.232488e-03,6.793029e-03,206
4.550965e+03,2.833879e+03,-3.024611e+03,5.689477e-03,4.407710e-03,6.971243e-03,207
4.550960e+03,2.833900e+03,-3.036243e+03,6.477208e-03,5.188325e-03,7.766091e-03,208
4.004977e+03,2.234674e+03,-2.982335e+03,8.577937e-03,7.265947e-03,9.889927e-03,209
3.800000e+03,2.354161e+03,-2.990022e+03,1.119890e-02,9.844210e-03,1.255359e-02,210
3.999361e+03,2.467482e+03,-2.999459e+03,8.676934e-03,7.363728e-03,9.990139e-03,211
3.800000e+03,2.584987e+03,-3.007288e+03,7.522546e-03,6.222901e-03,8.822190e-03,212
3.988665e+03,2.698792e+03,-3.016715e+03,7.292918e-03,5.995748e-03,8.590087e-03,213
3.800000e+03,2.815827e+03,-3.023121e+03,6.024939e-03,4.740230e-03,7.309648e-03,214
3.999599e+03,2.928507e+03,-3.026356e+03,9.168795e-03,7.848982e-03,1.048861e-02,215
3.800000e+03,3.046661e+03,-3.032041e+03,8.466366e-03,7.155730e-03,9.777002e-03,216
4.373018e+03,2.936359e+03,-3.035900e+03,7.667519e-03,6.366327e-03,8.968710e-03,217
4.373044e+03,2.936366e+03,-3.025212e+03,7.508816e-03,6.209372e-03,8.808259e-03,218
4.198469e+03,3.045383e+03,-3.028289e+03,8.410014e-03,7.100105e-03,9.719924e-03,219
4.198437e+03,3.045361e+03,-3.038424e+03,8.364216e-03,7.054842e-03,9.673589e-03,220
3.995898e+03,3.156278e+03,-3.032490e+03,1.002096e-02,8.688222e-03,1.135370e-02,221
3.995857e+03,3.156247e+03,-3.042045e+03,8.910208e-03,7.593757e-03,1.022666e-02,222
3.800000e+03,3.277585e+03,-3.049035e+03,8.382325e-03,7.072630e-03,9.692020e-03,223
3.800000e+03,3.277521e+03,-3.039716e+03,9.254045e-03,7.932931e-03,1.057516e-02,224
3.948090e+03,1.367940e+03,-2.939600e+03,8.146558e-03,6.839854e-03,9.453261e-03,225
3.800000e+03,1.430824e+03,-2.943995e+03,4.081229e-02,3.438183e-02,4.724276e-02,226
3.800000e+03,1.200000e+03,-2.943394e+03,2.965408e-02,2.510232e-02,3.420584e-02,227
4.030726e+03,1.200000e+03,-2.936739e+03,8.850831e-03,7.535388e-03,1.016627e-02,228
3.966470e+03,1.546845e+03,-2.953256e+03,7.838570e-03,6.535422e-03,9.141718e-03,229
3.800000e+03,1.661659e+03,-2.958567e+03,2.037132e-02,1.771470e-02,2.302795e-02,230
4.150031e+03,1.410342e+03,-2.947599e+03,6.187796e-03,4.901572e-03,7.474019e-03,231
4.261508e+03,1.200000e+03,-2.946352e+03,8.062496e-03,6.756758e-03,9.368235e-03,232
3.991424e+03,1.770516e+03,-2.967177e+03,8.366744e-03,7.057386e-03,9.676102e-03,233
3.800000e+03,1.892496e+03,-2.973272e+03,1.532275e-02,1.371589e-02,1.692961e-02,234
3.800000e+03,2.123321e+03,-2.974374e+03,1.524609e-02,1.364565e-02,1.684653e-02,235
4.005030e+03,2.007923e+03,-2.967935e+03,8.262245e-03,6.954150e-03,9.570339e-03,236
4.402387e+03,1.380620e+03,-2.958600e+03,6.704300e-03,5.413147e-03,7.995453e-03,237
4.492315e+03,1.200000e+03,-2.957802e+03,7.877626e-03,6.574022e-03,9.181231e-03,238
4.616978e+03,1.390152e+03,-2.970478e+03,1.076531e-02,9.419475e-03,1.211115e-02,239
4.723101e+03,1.200000e+03,-2.968646e+03,1.144708e-02,1.008573e-02,1.280843e-02,240
4.847042e+03,1.392270e+03,-2.980447e+03,8.186659e-03,6.879441e-03,9.493876e-03,241
4.953849e+03,1.200000e+03,-2.977777e+03,6.110813e-03,4.825266e-03,7.396361e-03,242
5.069098e+03,1.403813e+03,-2.990348e+03,6.017017e-03,4.732333e-03,7.301701e-03,243
5.184616e+03,1.200000e+03,-2.987786e+03,5.789158e-03,4.506487e-03,7.071829e-03,244
5.415399e+03,1.200000e+03,-2.998423e+03,6.961509e-03,5.667769e-03,8.255249e-03,245
5.299909e+03,1.403920e+03,-3.000765e+03,6.505878e-03,5.216649e-03,7.795107e-03,246
4.967533e+03,2.364387e+03,-3.032201e+03,5.303668e-03,4.025111e-03,6.582226e-03,247
4.967531e+03,2.364361e+03,-3.018916e+03,5.346622e-03,4.067725e-03,6.625518e-03,248
5.530645e+03,1.400485e+03,-3.010521e+03,7.716687e-03,6.414876e-03,9.018497e-03,249
5.646161e+03,1.200000e+03,-3.008280e+03,8.138572e-03,6.831866e-03,9.445278e-03,250
5.530634e+03,1.400556e+03,-3.025449e+03,8.029013e-03,6.723597e-03,9.334428e-03,251
5.646171e+03,1.200000e+03,-3.023036e+03,8.296771e-03,6.988149e-03,9.605394e-03,252
5.093738e+03,2.183780e+03,-3.014621e+03,6.128408e-03,4.842757e-03,7.414060e-03,253
5.093736e+03,2.183809e+03,-3.028243e+03,6.206136e-03,4.919767e-03,7.492504e-03,254
5.194773e+03,1.990346e+03,-3.013922e+03,6.247537e-03,4.960779e-03,7.534295e-03,255
5.194773e+03,1.990405e+03,-3.028137e+03,6.705568e-03,5.414426e-03,7.996711e-03,256
5.303134e+03,1.793071e+03,-3.013840e+03,6.425647e-03,5.137204e-03,7.714090e-03,257
5.303142e+03,1.793140e+03,-3.028685e+03,7.255879e-03,5.959107e-03,8.552651e-03,258
5.420170e+03,1.592970e+03,-3.027922e+03,7.584251e-03,6.283914e-03,8.884588e-03,259
5.420161e+03,1.592908e+03,-3.012825e+03,6.632623e-03,5.342176e-03,7.923070e-03,260
4.759945e+03,2.750140e+03,-3.023742e+03,4.298263e-03,3.027386e-03,5.569140e-03,261
4.759943e+03,2.750190e+03,-3.036122e+03,5.040376e-03,3.763929e-03,6.316824e-03,262
4.932544e+03,2.603879e+03,-3.035167e+03,4.463113e-03,3.191013e-03,5.735214e-03,263
4.932535e+03,2.603852e+03,-3.022143e+03,4.051994e-03,2.782988e-03,5.320999e-03,264
4.690141e+03,2.938859e+03,-3.029923e+03,5.608011e-03,4.326958e-03,6.889065e-03,265
4.690158e+03,2.938853e+03,-3.018872e+03,5.459533e-03,4.179727e-03,6.739338e-03,266
4.566916e+03,3.030094e+03,-3.018398e+03,6.340411e-03,5.052834e-03,7.627989e-03,267
4.566889e+03,3.030073e+03,-3.028601e+03,6.254573e-03,4.967787e-03,7.541359e-03,268
4.004960e+03,2.234688e+03,-2.969882e+03,7.845766e-03,6.542531e-03,9.149001e-03,269
3.800000e+03,2.354134e+03,-2.977677e+03,1.428820e-02,1.278165e-02,1.579475e-02,270
3.999340e+03,2.467503e+03,-2.987110e+03,8.131161e-03,6.824629e-03,9.437693e-03,271
3.800000e+03,2.584953e+03,-2.994994e+03,8.944195e-03,7.627390e-03,1.026100e-02,272
3.988639e+03,2.698808e+03,-3.004434e+03,6.859043e-03,5.566357e-03,8.151729e-03,273
3.800000e+03,2.815780e+03,-3.011316e+03,6.435679e-03,5.147138e-03,7.724220e-03,274
3.999598e+03,2.928511e+03,-3.015367e+03,8.933202e-03,7.616619e-03,1.024978e-02,275
3.800000e+03,3.046606e+03,-3.021575e+03,8.609196e-03,7.296795e-03,9.921597e-03,276
3.995940e+03,3.156309e+03,-3.022934e+03,1.106786e-02,9.715591e-03,1.242012e-02,277
3.800000e+03,3.277458e+03,-3.030397e+03,1.051409e-02,9.172716e-03,1.185547e-02,278
4.399073e+03,3.171701e+03,-3.018156e+03,8.472711e-03,7.162054e-03,9.783369e-03,279
4.398997e+03,3.171654e+03,-3.027215e+03,6.786332e-03,5.494397e-03,8.078267e-03,280
4.198360e+03,3.269380e+03,-3.034305e+03,7.788772e-03,6.486159e-03,9.091385e-03,281
4.198401e+03,3.269278e+03,-3.025328e+03,9.242540e-03,7.921670e-03,1.056341e-02,282
3.994790e+03,3.384552e+03,-3.036014e+03,9.766046e-03,8.437435e-03,1.109466e-02,283
3.994763e+03,3.384634e+03,-3.045236e+03,8.695088e-03,7.381461e-03,1.000871e-02,284
3.800000e+03,3.508121e+03,-3.060241e+03,7.975998e-03,6.671246e-03,9.280751e-03,285
3.800000e+03,3.508077e+03,-3.050478e+03,7.723272e-03,6.421392e-03,9.025151e-03,286
4.004966e+03,3.599543e+03,-3.058210e+03,8.366011e-03,7.056553e-03,9.675469e-03,287
4.004974e+03,3.599526e+03,-3.048273e+03,8.783708e-03,7.468986e-03,1.009843e-02,288
3.800000e+03,3.738543e+03,-3.074624e+03,7.274582e-03,5.977629e-03,8.571536e-03,289
3.800000e+03,3.738530e+03,-3.064104e+03,6.846135e-03,5.553610e-03,8.138660e-03,290
3.948082e+03,1.367943e+03,-2.926149e+03,6.125244e-03,4.839602e-03,7.410886e-03,291
3.800000e+03,1.430820e+03,-2.930611e+03,6.084045e-02,5.181254e-02,6.986835e-02,292
3.800000e+03,1.200000e+03,-2.930191e+03,4.248156e-02,3.566471e-02,4.929842e-02,293
4.030723e+03,1.200000e+03,-2.923360e+03,1.156383e-02,1.020213e-02,1.292554e-02,294
3.966452e+03,1.546854e+03,-2.939654e+03,6.189811e-03,4.903575e-03,7.476048e-03,295
3.800000e+03,1.661650e+03,-2.945053e+03,2.917194e-02,2.464892e-02,3.369496e-02,296
4.261505e+03,1.200000e+03,-2.932746e+03,9.315611e-03,7.993838e-03,1.063738e-02,297
4.150025e+03,1.410338e+03,-2.933940e+03,6.136956e-03,4.851209e-03,7.422703e-03,298
3.991400e+03,1.770514e+03,-2.953779e+03,7.257176e-03,5.960415e-03,8.553936e-03,299
3.800000e+03,1.892481e+03,-2.960212e+03,1.856234e-02,1.634256e-02,2.078213e-02,300
3.800000e+03,2.123300e+03,-2.961855e+03,1.896585e-02,1.668241e-02,2.124929e-02,301
4.005010e+03,2.007924e+03,-2.955063e+03,8.099681e-03,6.793526e-03,9.405836e-03,302
4.402395e+03,1.380600e+03,-2.944710e+03,6.592185e-03,5.302138e-03,7.882232e-03,303
4.492313e+03,1.200000e+03,-2.943926e+03,8.005331e-03,6.700281e-03,9.310380e-03,304
4.616991e+03,1.390120e+03,-2.956371e+03,1.187130e-02,1.050007e-02,1.324253e-02,305
4.723097e+03,1.200000e+03,-2.954426e+03,1.310124e-02,1.167477e-02,1.452771e-02,306
4.847049e+03,1.392230e+03,-2.965907e+03,7.914711e-03,6.610707e-03,9.218715e-03,307
4.953834e+03,1.200000e+03,-2.963010e+03,5.585646e-03,4.304704e-03,6.866589e-03,308
5.069102e+03,1.403765e+03,-2.975332e+03,5.373939e-03,4.094757e-03,6.653120e-03,309
5.184593e+03,1.200000e+03,-2.972560e+03,5.164776e-03,3.887301e-03,6.442251e-03,310
5.415381e+03,1.200000e+03,-2.983399e+03,6.364018e-03,5.076133e-03,7.651903e-03,311
5.299903e+03,1.403862e+03,-2.985537e+03,5.831416e-03,4.548388e-03,7.114444e-03,312
5.530656e+03,1.400413e+03,-2.995593e+03,7.383519e-03,6.085371e-03,8.681668e-03,313
5.646151e+03,1.200000e+03,-2.993523e+03,8.013212e-03,6.708015e-03,9.318410e-03,314
5.122095e+03,2.527589e+03,-3.029939e+03,4.503454e-03,3.231065e-03,5.775842e-03,315
5.122085e+03,2.527561e+03,-3.016584e+03,4.226399e-03,2.956070e-03,5.496727e-03,316
5.187291e+03,2.354408e+03,-3.027642e+03,5.157357e-03,3.879976e-03,6.434737e-03,317
5.187286e+03,2.354376e+03,-3.014001e+03,4.726679e-03,3.452623e-03,6.000736e-03,318
5.281444e+03,2.489065e+03,-3.025625e+03,4.562421e-03,3.289585e-03,5.835256e-03,319
5.281436e+03,2.489029e+03,-3.012049e+03,4.165508e-03,2.895659e-03,5.435357e-03,320
6.232468e+03,1.381047e+03,-2.997639e+03,7.536263e-03,6.236446e-03,8.836080e-03,321
6.338482e+03,1.200000e+03,-2.997006e+03,7.380589e-03,6.082457e-03,8.678721e-03,322
6.107707e+03,1.200000e+03,-3.000669e+03,7.556038e-03,6.255998e-03,8.856078e-03,323
6.232422e+03,1.381156e+03,-3.012460e+03,7.916966e-03,6.612872e-03,9.221059e-03,324
6.338487e+03,1.200000e+03,-3.011920e+03,8.000237e-03,6.695165e-03,9.305309e-03,325
6.107713e+03,1.200000e+03,-3.015520e+03,8.043763e-03,6.738168e-03,9.349357e-03,326
5.761224e+03,1.405746e+03,-3.005227e+03,7.931670e-03,6.627427e-03,9.235913e-03,327
5.876930e+03,1.200000e+03,-3.004263e+03,7.922805e-03,6.618649e-03,9.226961e-03,328
5.761195e+03,1.405831e+03,-3.019894e+03,7.910754e-03,6.606737e-03,9.214772e-03,329
5.876938e+03,1.200000e+03,-3.019000e+03,8.180365e-03,6.873140e-03,9.487590e-03,330
5.991933e+03,1.405834e+03,-3.001413e+03,7.594550e-03,6.294098e-03,8.895002e-03,331
5.991894e+03,1.405931e+03,-3.016140e+03,7.855385e-03,6.552010e-03,9.158760e-03,332
5.656588e+03,1.598557e+03,-3.021593e+03,7.556442e-03,6.256414e-03,8.856471e-03,333
5.656599e+03,1.598479e+03,-3.006839e+03,7.311249e-03,6.013887e-03,8.608612e-03,334
5.296182e+03,2.187392e+03,-3.010522e+03,5.689870e-03,4.408105e-03,6.971636e-03,335
5.296187e+03,2.187432e+03,-3.024452e+03,5.997459e-03,4.713003e-03,7.281916e-03,336
5.416148e+03,1.994300e+03,-3.008881e+03,6.271339e-03,4.984359e-03,7.558319e-03,337
5.416153e+03,1.994367e+03,-3.023151e+03,6.628208e-03,5.337824e-03,7.918593e-03,338
5.529951e+03,1.795295e+03,-3.022581e+03,7.127185e-03,5.831765e-03,8.422605e-03,339
5.529953e+03,1.795220e+03,-3.008036e+03,6.593126e-03,5.303079e-03,7.883173e-03,340
4.845924e+03,2.897865e+03,-3.028851e+03,4.896494e-03,3.621181e-03,6.171807e-03,341
4.845937e+03,2.897840e+03,-3.017284e+03,4.809805e-03,3.535165e-03,6.084445e-03,342
4.950985e+03,2.789484e+03,-3.031005e+03,4.350344e-03,3.079140e-03,5.621548e-03,343
4.950985e+03,2.789433e+03,-3.018689e+03,3.841565e-03,2.574208e-03,5.108921e-03,344
4.841750e+03,3.032619e+03,-3.012876e+03,4.402400e-03,3.130841e-03,5.673959e-03,345
4.841720e+03,3.032613e+03,-3.023461e+03,4.308661e-03,3.037780e-03,5.579542e-03,346
5.092354e+03,2.706979e+03,-3.030178e+03,3.928308e-03,2.660297e-03,5.196319e-03,347
5.092341e+03,2.706904e+03,-3.017197e+03,3.196260e-03,1.934740e-03,4.457780e-03,348
4.870512e+03,3.152779e+03,-3.018550e+03,3.545098e-03,2.280159e-03,4.810038e-03,349
4.724127e+03,3.151428e+03,-3.021362e+03,4.808486e-03,3.533883e-03,6.083089e-03,350
4.870548e+03,3.152779e+03,-3.008604e+03,4.227803e-03,2.957571e-03,5.498035e-03,351
4.724166e+03,3.151447e+03,-3.011712e+03,5.675369e-03,4.393786e-03,6.956952e-03,352
4.581572e+03,3.199514e+03,-3.021946e+03,6.065574e-03,4.780514e-03,7.350634e-03,353
4.581578e+03,3.199572e+03,-3.012895e+03,8.460532e-03,7.150051e-03,9.771013e-03,354
4.517723e+03,3.312830e+03,-3.018817e+03,6.346150e-03,5.058506e-03,7.633795e-03,355
4.517681e+03,3.312961e+03,-3.027920e+03,5.478778e-03,4.198800e-03,6.758756e-03,356
4.004943e+03,2.234703e+03,-2.957429e+03,7.050603e-03,5.755991e-03,8.345215e-03,357
3.800000e+03,2.354106e+03,-2.965332e+03,1.692284e-02,1.510714e-02,1.873854e-02,358
3.999319e+03,2.467524e+03,-2.974761e+03,7.402315e-03,6.104015e-03,8.700614e-03,359
3.800000e+03,2.584918e+03,-2.982700e+03,1.131478e-02,9.956638e-03,1.267293e-02,360
3.988613e+03,2.698824e+03,-2.992154e+03,6.266391e-03,4.979433e-03,7.553349e-03,361
3.800000e+03,2.815733e+03,-2.999510e+03,7.441835e-03,6.143059e-03,8.740611e-03,362
3.999597e+03,2.928515e+03,-3.004379e+03,8.492809e-03,7.181869e-03,9.803749e-03,363
3.800000e+03,3.046552e+03,-3.011108e+03,8.819934e-03,7.504848e-03,1.013502e-02,364
3.995981e+03,3.156341e+03,-3.013378e+03,1.189205e-02,1.051918e-02,1.326493e-02,365
3.800000e+03,3.277395e+03,-3.021078e+03,1.186490e-02,1.049072e-02,1.323908e-02,366
3.994818e+03,3.384469e+03,-3.026793e+03,1.046380e-02,9.123815e-03,1.180378e-02,367
3.800000e+03,3.508033e+03,-3.040715e+03,7.805749e-03,6.502951e-03,9.108546e-03,368
4.371983e+03,3.380047e+03,-3.026320e+03,6.825856e-03,5.533549e-03,8.118163e-03,369
4.371941e+03,3.380152e+03,-3.035579e+03,6.392338e-03,5.104213e-03,7.680463e-03,370
4.189757e+03,3.495408e+03,-3.037585e+03,7.602021e-03,6.301501e-03,8.902541e-03,371
4.189734e+03,3.495465e+03,-3.047225e+03,7.626479e-03,6.325685e-03,8.927274e-03,372
4.173174e+03,3.668414e+03,-3.048330e+03,6.854748e-03,5.562112e-03,8.147385e-03,373
4.173171e+03,3.668420e+03,-3.058588e+03,7.233208e-03,5.936673e-03,8.529743e-03,374
4.004982e+03,3.599508e+03,-3.038336e+03,9.106568e-03,7.787560e-03,1.042558e-02,375
3.800000e+03,3.738517e+03,-3.053584e+03,7.070354e-03,5.775527e-03,8.365180e-03,376
4.017370e+03,3.839851e+03,-3.069380e+03,7.536265e-03,6.236453e-03,8.836077e-03,377
4.017345e+03,3.839858e+03,-3.058936e+03,7.611835e-03,6.311201e-03,8.912469e-03,378
3.800000e+03,3.969227e+03,-3.066628e+03,6.756717e-03,5.465070e-03,8.048364e-03,379
3.800000e+03,3.969231e+03,-3.076872e+03,7.197510e-03,5.901378e-03,8.493642e-03,380
3.975733e+03,4.050753e+03,-3.065393e+03,9.036454e-03,7.718380e-03,1.035453e-02,381
3.975731e+03,4.050744e+03,-3.055798e+03,1.016843e-02,8.833513e-03,1.150334e-02,382
3.800000e+03,4.200000e+03,-3.070008e+03,8.188670e-03,6.881353e-03,9.495987e-03,383
3.800000e+03,4.200000e+03,-3.060817e+03,1.004934e-02,8.715532e-03,1.138315e-02,384
6.449745e+03,1.362845e+03,-2.994147e+03,7.525241e-03,6.225544e-03,8.824939e-03,385
6.569256e+03,1.200000e+03,-2.993258e+03,7.276862e-03,5.979834e-03,8.573890e-03,386
6.449691e+03,1.362964e+03,-3.009012e+03,7.957283e-03,6.652716e-03,9.261850e-03,387
6.569259e+03,1.200000e+03,-3.008177e+03,8.027126e-03,6.721742e-03,9.332511e-03,388
6.635827e+03,1.346616e+03,-3.005989e+03,8.024226e-03,6.718866e-03,9.329586e-03,389
6.635887e+03,1.346487e+03,-2.991103e+03,7.367486e-03,6.069494e-03,8.665478e-03,390
6.800000e+03,1.200000e+03,-2.988260e+03,8.659118e-03,7.345961e-03,9.972274e-03,391
6.800000e+03,1.200000e+03,-3.003203e+03,8.750644e-03,7.436250e-03,1.006504e-02,392
3.966434e+03,1.546863e+03,-2.926052e+03,4.405579e-03,3.134709e-03,5.676449e-03,393
3.800000e+03,1.661641e+03,-2.931538e+03,5.312922e-02,4.493972e-02,6.131872e-02,394
4.150020e+03,1.410333e+03,-2.920281e+03,6.470044e-03,5.181202e-03,7.758885e-03,395
4.261503e+03,1.200000e+03,-2.919139e+03,1.173404e-02,1.036747e-02,1.310061e-02,396
3.991376e+03,1.770512e+03,-2.940381e+03,6.217430e-03,4.930947e-03,7.503913e-03,397
3.800000e+03,1.892466e+03,-2.947153e+03,2.776659e-02,2.360022e-02,3.193296e-02,398
3.800000e+03,2.123280e+03,-2.949336e+03,2.824613e-02,2.397693e-02,3.251532e-02,399
4.004990e+03,2.007925e+03,-2.942192e+03,8.064414e-03,6.758682e-03,9.370146e-03,400
4.402403e+03,1.380580e+03,-2.930821e+03,6.503334e-03,5.214155e-03,7.792512e-03,401
4.492310e+03,1.200000e+03,-2.930050e+03,8.434843e-03,7.124666e-03,9.745020e-03,402
4.617004e+03,1.390087e+03,-2.942264e+03,1.305361e-02,1.163845e-02,1.446878e-02,403
4.723092e+03,1.200000e+03,-2.940206e+03,1.456933e-02,1.304794e-02,1.609073e-02,404
4.953819e+03,1.200000e+03,-2.948243e+03,5.186478e-03,3.908825e-03,6.464131e-03,405
4.847057e+03,1.392189e+03,-2.951367e+03,7.447011e-03,6.148239e-03,8.745782e-03,406
5.069106e+03,1.403718e+03,-2.960315e+03,4.789541e-03,3.514983e-03,6.064099e-03,407
5.184569e+03,1.200000e+03,-2.957334e+03,4.647043e-03,3.373565e-03,5.920521e-03,408
5.415364e+03,1.200000e+03,-2.968374e+03,5.911718e-03,4.627982e-03,7.195455e-03,409
5.299898e+03,1.403805e+03,-2.970309e+03,5.170298e-03,3.892779e-03,6.447817e-03,410
5.530668e+03,1.400341e+03,-2.980666e+03,7.077185e-03,5.782277e-03,8.372093e-03,411
5.646141e+03,1.200000e+03,-2.978767e+03,7.962081e-03,6.657498e-03,9.266663e-03,412
6.232514e+03,1.380938e+03,-2.982819e+03,7.088989e-03,5.793956e-03,8.384022e-03,413
6.338477e+03,1.200000e+03,-2.982093e+03,6.864939e-03,5.572187e-03,8.157691e-03,414
6.107700e+03,1.200000e+03,-2.985818e+03,7.135464e-03,5.839943e-03,8.430985e-03,415
5.761254e+03,1.405661e+03,-2.990559e+03,7.958268e-03,6.653726e-03,9.262810e-03,416
5.876923e+03,1.200000e+03,-2.989527e+03,7.766122e-03,6.463758e-03,9.068486e-03,417
5.991972e+03,1.405737e+03,-2.986685e+03,7.328243e-03,6.030695e-03,8.625790e-03,418
5.241721e+03,2.648394e+03,-3.026705e+03,3.735713e-03,2.469212e-03,5.002215e-03,419
5.241709e+03,2.648352e+03,-3.013407e+03,3.094911e-03,1.834503e-03,4.355320e-03,420
5.363328e+03,2.353856e+03,-3.009448e+03,4.656980e-03,3.383431e-03,5.930529e-03,421
5.363336e+03,2.353899e+03,-3.023240e+03,5.110240e-03,3.833235e-03,6.387245e-03,422
5.381642e+03,2.602252e+03,-3.023092e+03,3.800007e-03,2.532975e-03,5.067040e-03,423
5.381627e+03,2.602198e+03,-3.009587e+03,3.275432e-03,2.013055e-03,4.537809e-03,424
5.409178e+03,2.482553e+03,-3.022271e+03,4.442015e-03,3.170073e-03,5.713957e-03,425
5.409168e+03,2.482510e+03,-3.008600e+03,3.937347e-03,2.669211e-03,5.205482e-03,426
6.340146e+03,1.563026e+03,-2.994590e+03,7.284616e-03,5.987517e-03,8.581714e-03,427
6.340102e+03,1.563136e+03,-3.009322e+03,7.844786e-03,6.541532e-03,9.148039e-03,428
6.118650e+03,1.583050e+03,-3.012848e+03,7.681020e-03,6.379611e-03,8.982428e-03,429
6.118687e+03,1.582950e+03,-2.998177e+03,7.191817e-03,5.895714e-03,8.487921e-03,430
5.892071e+03,1.590864e+03,-3.001917e+03,7.366924e-03,6.068960e-03,8.664888e-03,431
5.892041e+03,1.590954e+03,-3.016528e+03,7.564986e-03,6.264863e-03,8.865109e-03,432
5.762666e+03,1.795877e+03,-3.002059e+03,6.985562e-03,5.691614e-03,8.279510e-03,433
5.762643e+03,1.795959e+03,-3.016272e+03,7.163491e-03,5.867695e-03,8.459287e-03,434
5.517647e+03,2.202914e+03,-3.004858e+03,5.371195e-03,4.092091e-03,6.650299e-03,435
5.517646e+03,2.202967e+03,-3.018651e+03,5.691588e-03,4.409807e-03,6.973368e-03,436
5.634748e+03,2.005532e+03,-3.016943e+03,6.483476e-03,5.194500e-03,7.772452e-03,437
5.634760e+03,2.005459e+03,-3.002995e+03,6.303972e-03,5.016696e-03,7.591248e-03,438
4.971173e+03,2.967254e+03,-3.012112e+03,3.634983e-03,2.369464e-03,4.900502e-03,439
4.971148e+03,2.967272e+03,-3.023368e+03,3.823666e-03,2.556542e-03,5.090790e-03,440
5.079121e+03,2.869147e+03,-3.023888e+03,3.919794e-03,2.651921e-03,5.187666e-03,441
5.079130e+03,2.869105e+03,-3.011885e+03,3.588307e-03,2.323203e-03,4.853410e-03,442
5.097739e+03,2.982288e+03,-3.018686e+03,3.378335e-03,2.115398e-03,4.641272e-03,443
5.097764e+03,2.982267e+03,-3.007315e+03,3.172202e-03,1.911565e-03,4.432840e-03,444
4.960508e+03,3.099863e+03,-3.018297e+03,3.092938e-03,1.833066e-03,4.352810e-03,445
4.960543e+03,3.099876e+03,-3.007888e+03,3.231285e-03,1.969794e-03,4.492776e-03,446
5.216567e+03,2.800212e+03,-3.022412e+03,3.876877e-03,2.609366e-03,5.144389e-03,447
5.216565e+03,2.800150e+03,-3.009816e+03,3.462723e-03,2.198742e-03,4.726704e-03,448
4.937035e+03,3.198730e+03,-3.016001e+03,3.050843e-03,1.791004e-03,4.310683e-03,449
4.937094e+03,3.198748e+03,-3.006126e+03,4.235087e-03,2.964882e-03,5.505292e-03,450
4.843207e+03,3.263561e+03,-3.018815e+03,3.505442e-03,2.240762e-03,4.770121e-03,451
4.843230e+03,3.263442e+03,-3.009188e+03,4.650245e-03,3.376817e-03,5.923674e-03,452
4.680754e+03,3.338404e+03,-3.016889e+03,4.931556e-03,3.655970e-03,6.207142e-03,453
4.680714e+03,3.338510e+03,-3.026412e+03,4.542429e-03,3.269761e-03,5.815098e-03,454
4.540408e+03,3.471124e+03,-3.037600e+03,5.497806e-03,4.217680e-03,6.777932e-03,455
4.540440e+03,3.471045e+03,-3.027842e+03,5.469532e-03,4.189643e-03,6.749422e-03,456
4.004926e+03,2.234717e+03,-2.944976e+03,6.381847e-03,5.093828e-03,7.669866e-03,457
3.800000e+03,2.354078e+03,-2.952986e+03,2.513664e-02,2.149725e-02,2.877604e-02,458
3.999298e+03,2.467544e+03,-2.962412e+03,6.719660e-03,5.428387e-03,8.010934e-03,459
3.800000e+03,2.584884e+03,-2.970407e+03,1.465446e-02,1.312565e-02,1.618328e-02,460
3.988588e+03,2.698840e+03,-2.979873e+03,5.533972e-03,4.253485e-03,6.814458e-03,461
3.800000e+03,2.815687e+03,-2.987705e+03,9.040101e-03,7.721843e-03,1.035836e-02,462
3.999597e+03,2.928520e+03,-2.993390e+03,7.875221e-03,6.571649e-03,9.178794e-03,463
3.800000e+03,3.046497e+03,-3.000641e+03,9.060777e-03,7.742536e-03,1.037902e-02,464
3.996023e+03,3.156372e+03,-3.003822e+03,1.325401e-02,1.181942e-02,1.468859e-02,465
3.800000e+03,3.277331e+03,-3.011759e+03,1.387656e-02,1.239445e-02,1.535867e-02,466
3.994846e+03,3.384386e+03,-3.017571e+03,1.105695e-02,9.705641e-03,1.240826e-02,467
3.800000e+03,3.507989e+03,-3.030952e+03,8.021488e-03,6.716217e-03,9.326760e-03,468
4.374324e+03,3.623558e+03,-3.040997e+03,6.682633e-03,5.391718e-03,7.973549e-03,469
4.374312e+03,3.623585e+03,-3.051210e+03,6.599103e-03,5.308993e-03,7.889214e-03,470
4.268502e+03,3.839327e+03,-3.061130e+03,6.815173e-03,5.522933e-03,8.107414e-03,471
4.268492e+03,3.839304e+03,-3.050682e+03,6.465504e-03,5.176678e-03,7.754331e-03,472
4.004990e+03,3.599490e+03,-3.028399e+03,9.134630e-03,7.815268e-03,1.045399e-02,473
3.800000e+03,3.738504e+03,-3.043065e+03,7.567321e-03,6.267179e-03,8.867463e-03,474
3.800000e+03,3.969222e+03,-3.056385e+03,6.989109e-03,5.695125e-03,8.283094e-03,475
4.017321e+03,3.839866e+03,-3.048492e+03,7.738304e-03,6.436273e-03,9.040336e-03,476
4.145656e+03,4.034042e+03,-3.049085e+03,8.986787e-03,7.669441e-03,1.030413e-02,477
4.145649e+03,4.034049e+03,-3.058638e+03,8.732853e-03,7.418805e-03,1.004690e-02,478
3.975729e+03,4.050735e+03,-3.046203e+03,1.099068e-02,9.640627e-03,1.234074e-02,479
4.029265e+03,4.200000e+03,-3.048574e+03,1.362394e-02,1.214788e-02,1.509999e-02,480
4.029238e+03,4.200000e+03,-3.057344e+03,1.025883e-02,8.920249e-03,1.159741e-02,481
3.800000e+03,4.200000e+03,-3.051626e+03,1.273409e-02,1.130863e-02,1.415955e-02,482
6.449798e+03,1.362725e+03,-2.979283e+03,7.046836e-03,5.752233e-03,8.341438e-03,483
6.569254e+03,1.200000e+03,-2.978339e+03,6.612179e-03,5.321930e-03,7.902429e-03,484
6.635948e+03,1.346358e+03,-2.976216e+03,6.736325e-03,5.444858e-03,8.027792e-03,485
6.800000e+03,1.200000e+03,-2.973317e+03,8.037055e-03,6.731567e-03,9.342543e-03,486
6.586378e+03,1.547658e+03,-3.005198e+03,8.064384e-03,6.758549e-03,9.370220e-03,487
6.586432e+03,1.547536e+03,-2.990450e+03,7.325169e-03,6.027631e-03,8.622706e-03,488
6.800000e+03,1.430894e+03,-2.987191e+03,8.973807e-03,7.656490e-03,1.029112e-02,489
6.800000e+03,1.430902e+03,-3.001998e+03,9.170027e-03,7.849893e-03,1.049016e-02,490
3.991352e+03,1.770511e+03,-2.926982e+03,5.486551e-03,4.206477e-03,6.766625e-03,491
3.800000e+03,1.892451e+03,-2.934093e+03,3.977395e-02,3.347709e-02,4.607082e-02,492
3.800000e+03,2.123259e+03,-2.936817e+03,4.472704e-02,3.749738e-02,5.195670e-02,493
4.004970e+03,2.007925e+03,-2.929320e+03,8.152261e-03,6.845499e-03,9.459022e-03,494
4.167258e+03,1.650068e+03,-2.934133e+03,3.290865e-03,2.028132e-03,4.553599e-03,495
4.167234e+03,1.650052e+03,-2.920357e+03,3.247064e-03,1.984749e-03,4.509380e-03,496
4.402411e+03,1.380560e+03,-2.916931e+03,6.640723e-03,5.350232e-03,7.931215e-03,497
4.492308e+03,1.200000e+03,-2.916174e+03,9.095423e-03,7.776715e-03,1.041413e-02,498
4.322946e+03,1.566249e+03,-2.931485e+03,5.163267e-03,3.885800e-03,6.440735e-03,499
4.322948e+03,1.566241e+03,-2.917549e+03,6.656665e-03,5.366012e-03,7.947318e-03,500
4.617016e+03,1.390055e+03,-2.928157e+03,1.471190e-02,1.319129e-02,1.623251e-02,501
4.723087e+03,1.200000e+03,-2.925986e+03,1.603319e-02,1.434478e-02,1.772160e-02,502
4.953804e+03,1.200000e+03,-2.933476e+03,4.960652e-03,3.684771e-03,6.236533e-03,503
4.847064e+03,1.392149e+03,-2.936826e+03,6.832746e-03,5.540355e-03,8.125136e-03,504
5.069111e+03,1.403670e+03,-2.945299e+03,4.311960e-03,3.040961e-03,5.582959e-03,505
5.184546e+03,1.200000e+03,-2.942108e+03,4.220822e-03,2.950525e-03,5.491119e-03,506
5.299892e+03,1.403747e+03,-2.955082e+03,4.588835e-03,3.315788e-03,5.861883e-03,507
5.415346e+03,1.200000e+03,-2.953349e+03,5.509099e-03,4.228810e-03,6.789388e-03,508
5.530679e+03,1.400269e+03,-2.965738e+03,6.770842e-03,5.479040e-03,8.062643e-03,509
5.646131e+03,1.200000e+03,-2.964011e+03,7.996227e-03,6.691254e-03,9.301200e-03,510
6.232561e+03,1.380829e+03,-2.967998e+03,6.654400e-03,5.363745e-03,7.945055e-03,511
6.338472e+03,1.200000e+03,-2.967179e+03,6.420927e-03,5.132512e-03,7.709343e-03,512
6.107694e+03,1.200000e+03,-2.970966e+03,6.742732e-03,5.451203e-03,8.034261e-03,513
5.992011e+03,1.405640e+03,-2.971958e+03,7.068827e-03,5.774009e-03,8.363645e-03,514
5.876916e+03,1.200000e+03,-2.974791e+03,7.583497e-03,6.283177e-03,8.883816e-03,515
5.761283e+03,1.405576e+03,-2.975892e+03,7.993335e-03,6.688395e-03,9.298274e-03,516
6.423331e+03,1.724307e+03,-3.005992e+03,7.720027e-03,6.418181e-03,9.021872e-03,517
6.423379e+03,1.724195e+03,-2.991556e+03,7.085560e-03,5.790562e-03,8.380558e-03,518
5.342518e+03,2.751421e+03,-3.020704e+03,3.589104e-03,2.323984e-03,4.854224e-03,519
5.342511e+03,2.751343e+03,-3.007741e+03,2.898987e-03,1.641449e-03,4.156526e-03,520
5.477466e+03,2.677930e+03,-3.019084e+03,3.506598e-03,2.242085e-03,4.771111e-03,521
5.477445e+03,2.677868e+03,-3.005743e+03,2.764599e-03,1.508919e-03,4.020279e-03,522
5.523728e+03,2.397403e+03,-3.004866e+03,4.524026e-03,3.251474e-03,5.796578e-03,523
5.523733e+03,2.397455e+03,-3.018498e+03,4.838275e-03,3.563378e-03,6.113171e-03,524
5.507183e+03,2.537753e+03,-3.005586e+03,3.777316e-03,2.510422e-03,5.044211e-03,525
5.507194e+03,2.537798e+03,-3.019097e+03,4.084289e-03,2.815064e-03,5.353515e-03,526
5.651135e+03,2.324343e+03,-3.014568e+03,5.190250e-03,3.912607e-03,6.467893e-03,527
5.651143e+03,2.324285e+03,-3.001040e+03,4.963344e-03,3.687485e-03,6.239203e-03,528
6.239035e+03,1.759663e+03,-3.008565e+03,7.470313e-03,6.171229e-03,8.769397e-03,529
6.239078e+03,1.759560e+03,-2.994234e+03,6.956356e-03,5.662693e-03,8.250018e-03,530
6.007651e+03,1.781338e+03,-2.997721e+03,6.897730e-03,5.604673e-03,8.190787e-03,531
6.007616e+03,1.781430e+03,-3.011937e+03,7.279204e-03,5.982186e-03,8.576222e-03,532
5.868331e+03,1.989040e+03,-2.997391e+03,6.577203e-03,5.287319e-03,7.867087e-03,533
5.868300e+03,1.989120e+03,-3.011105e+03,6.628565e-03,5.338177e-03,7.918953e-03,534
5.729559e+03,2.169309e+03,-3.012604e+03,5.930637e-03,4.646763e-03,7.214510e-03,535
5.729578e+03,2.169241e+03,-2.999067e+03,5.887152e-03,4.603673e-03,7.170631e-03,536
5.055146e+03,3.072174e+03,-3.016470e+03,2.879913e-03,1.623013e-03,4.136814e-03,537
5.055185e+03,3.072173e+03,-3.005711e+03,2.994344e-03,1.736061e-03,4.252627e-03,538
5.192666e+03,2.931614e+03,-3.017758e+03,3.318546e-03,2.056246e-03,4.580846e-03,539
5.192682e+03,2.931580e+03,-3.005984e+03,2.674807e-03,1.421476e-03,3.928137e-03,540
5.171569e+03,3.043666e+03,-3.002572e+03,2.521990e-03,1.273813e-03,3.770167e-03,541
5.171536e+03,3.043679e+03,-3.013681e+03,2.730790e-03,1.476990e-03,3.984589e-03,542
5.053007e+03,3.192328e+03,-3.002873e+03,2.987084e-03,1.728942e-03,4.245225e-03,543
5.052943e+03,3.192322e+03,-3.013023e+03,2.194154e-03,9.526272e-04,3.435681e-03,544
5.321894e+03,2.912557e+03,-3.014397e+03,3.179001e-03,1.918425e-03,4.439578e-03,545
5.321907e+03,2.912514e+03,-3.002362e+03,2.355434e-03,1.111161e-03,3.599708e-03,546
4.970673e+03,3.295475e+03,-3.007866e+03,2.817258e-03,1.561293e-03,4.073224e-03,547
4.970638e+03,3.295559e+03,-3.017928e+03,2.265837e-03,1.023126e-03,3.508549e-03,548
5.081879e+03,3.296566e+03,-3.014501e+03,1.707121e-03,4.914233e-04,2.922818e-03,549
5.081926e+03,3.296493e+03,-3.004195e+03,2.067299e-03,8.310891e-04,3.303509e-03,550
4.921670e+03,3.367983e+03,-3.012561e+03,2.921996e-03,1.664086e-03,4.179907e-03,551
4.921636e+03,3.368054e+03,-3.022769e+03,2.847337e-03,1.590510e-03,4.104163e-03,552
4.825427e+03,3.389925e+03,-3.016050e+03,3.723106e-03,2.456717e-03,4.989495e-03,553
4.825394e+03,3.390001e+03,-3.026103e+03,3.560351e-03,2.295284e-03,4.825418e-03,554
4.756590e+03,3.506405e+03,-3.034338e+03,4.502602e-03,3.230221e-03,5.774983e-03,555
4.756613e+03,3.506356e+03,-3.023990e+03,4.534913e-03,3.262296e-03,5.807531e-03,556
4.599823e+03,3.657204e+03,-3.047988e+03,5.150776e-03,3.873442e-03,6.428110e-03,557
4.599831e+03,3.657187e+03,-3.037398e+03,5.340445e-03,4.061607e-03,6.619284e-03,558
4.004910e+03,2.234731e+03,-2.932523e+03,5.806565e-03,4.523773e-03,7.089357e-03,559
3.800000e+03,2.354050e+03,-2.940641e+03,3.579828e-02,2.976962e-02,4.182693e-02,560
3.999278e+03,2.467565e+03,-2.950063e+03,6.118963e-03,4.833381e-03,7.404544e-03,561
3.800000e+03,2.584850e+03,-2.958113e+03,1.935712e-02,1.694692e-02,2.176733e-02,562
3.988562e+03,2.698856e+03,-2.967593e+03,4.682282e-03,3.408518e-03,5.956046e-03,563
3.800000e+03,2.815640e+03,-2.975899e+03,1.142051e-02,1.006004e-02,1.278097e-02,564
3.999596e+03,2.928524e+03,-2.982401e+03,7.192347e-03,5.896263e-03,8.488431e-03,565
3.800000e+03,3.046443e+03,-2.990174e+03,9.629117e-03,8.302744e-03,1.095549e-02,566
3.996064e+03,3.156403e+03,-2.994267e+03,1.414841e-02,1.265774e-02,1.563909e-02,567
3.800000e+03,3.277268e+03,-3.002440e+03,1.528468e-02,1.367885e-02,1.689051e-02,568
3.994873e+03,3.384303e+03,-3.008349e+03,1.149008e-02,1.012888e-02,1.285129e-02,569
3.800000e+03,3.507945e+03,-3.021189e+03,8.587535e-03,7.275337e-03,9.899733e-03,570
4.489143e+03,3.820667e+03,-3.055193e+03,5.818152e-03,4.535318e-03,7.100987e-03,571
4.489143e+03,3.820625e+03,-3.044629e+03,5.819018e-03,4.536195e-03,7.101840e-03,572
4.376223e+03,4.004891e+03,-3.051402e+03,8.178289e-03,6.871124e-03,9.485453e-03,573
4.376236e+03,4.004880e+03,-3.041711e+03,8.120715e-03,6.814287e-03,9.427143e-03,574
4.004998e+03,3.599473e+03,-3.018462e+03,8.981739e-03,7.664486e-03,1.029899e-02,575
3.800000e+03,3.738491e+03,-3.032545e+03,8.566623e-03,7.254680e-03,9.878567e-03,576
3.800000e+03,3.969218e+03,-3.046142e+03,7.646035e-03,6.345024e-03,8.947046e-03,577
4.017297e+03,3.839873e+03,-3.038048e+03,7.768151e-03,6.465788e-03,9.070514e-03,578
4.258637e+03,4.200000e+03,-3.038584e+03,1.259865e-02,1.117343e-02,1.402386e-02,579
4.258597e+03,4.200000e+03,-3.047223e+03,9.834038e-03,8.503158e-03,1.116492e-02,580
3.975727e+03,4.050726e+03,-3.036608e+03,1.123673e-02,9.880860e-03,1.259259e-02,581
4.029292e+03,4.200000e+03,-3.039804e+03,1.553122e-02,1.390060e-02,1.716184e-02,582
4.145664e+03,4.034035e+03,-3.039531e+03,9.166309e-03,7.846525e-03,1.048609e-02,583
3.800000e+03,4.200000e+03,-3.042435e+03,1.536075e-02,1.374770e-02,1.697381e-02,584
6.449852e+03,1.362605e+03,-2.964419e+03,6.551894e-03,5.262237e-03,7.841551e-03,585
6.569251e+03,1.200000e+03,-2.963421e+03,6.083766e-03,4.798487e-03,7.369045e-03,586
6.636008e+03,1.346230e+03,-2.961329e+03,6.239413e-03,4.952704e-03,7.526122e-03,587
6.800000e+03,1.200000e+03,-2.958374e+03,7.212124e-03,5.915808e-03,8.508441e-03,588
6.586485e+03,1.547414e+03,-2.975702e+03,6.587195e-03,5.297190e-03,7.877200e-03,589
6.800000e+03,1.430886e+03,-2.972383e+03,8.162978e-03,6.855969e-03,9.469987e-03,590
6.597476e+03,1.795423e+03,-2.987828e+03,7.267629e-03,5.970716e-03,8.564542e-03,591
6.597422e+03,1.795540e+03,-3.002123e+03,7.856932e-03,6.553541e-03,9.160324e-03,592
6.800000e+03,1.661801e+03,-3.000286e+03,9.125374e-03,7.805860e-03,1.044489e-02,593
6.800000e+03,1.661784e+03,-2.985725e+03,8.296154e-03,6.987507e-03,9.604801e-03,594
4.185261e+03,1.878857e+03,-2.935699e+03,6.555306e-03,5.265624e-03,7.844987e-03,595
4.185242e+03,1.878849e+03,-2.922478e+03,7.359213e-03,6.061383e-03,8.657042e-03,596
4.200092e+03,2.107587e+03,-2.924664e+03,6.489327e-03,5.200302e-03,7.778352e-03,597
4.200105e+03,2.107592e+03,-2.937338e+03,5.956178e-03,4.672074e-03,7.240281e-03,598
4.617029e+03,1.390022e+03,-2.914050e+03,1.265449e-02,1.118624e-02,1.412274e-02,599
4.723082e+03,1.200000e+03,-2.911766e+03,1.451168e-02,1.271925e-02,1.630411e-02,600
4.360819e+03,1.752495e+03,-2.931723e+03,6.547181e-03,5.257593e-03,7.836768e-03,601
4.360819e+03,1.752472e+03,-2.918055e+03,9.010803e-03,7.693303e-03,1.032830e-02,602
4.509491e+03,1.583505e+03,-2.929109e+03,4.808748e-03,3.534028e-03,6.083467e-03,603
4.509497e+03,1.583486e+03,-2.914988e+03,4.528555e-03,3.255953e-03,5.801157e-03,604
4.953789e+03,1.200000e+03,-2.918709e+03,4.958279e-03,3.682413e-03,6.234145e-03,605
4.847071e+03,1.392109e+03,-2.922286e+03,6.373932e-03,5.086002e-03,7.661861e-03,606
5.069115e+03,1.403623e+03,-2.930283e+03,4.001996e-03,2.733329e-03,5.270663e-03,607
5.184523e+03,1.200000e+03,-2.926883e+03,3.925595e-03,2.657560e-03,5.193630e-03,608
5.299887e+03,1.403690e+03,-2.939854e+03,4.073611e-03,2.804438e-03,5.342784e-03,609
5.415329e+03,1.200000e+03,-2.938325e+03,5.182189e-03,3.904582e-03,6.459797e-03,610
5.530690e+03,1.400198e+03,-2.950811e+03,6.492089e-03,5.203025e-03,7.781154e-03,611
5.646122e+03,1.200000e+03,-2.949255e+03,8.112874e-03,6.806543e-03,9.419206e-03,612
6.232607e+03,1.380720e+03,-2.953178e+03,6.281902e-03,4.994812e-03,7.568993e-03,613
6.338467e+03,1.200000e+03,-2.952265e+03,6.048956e-03,4.763999e-03,7.333913e-03,614
6.107687e+03,1.200000e+03,-2.956115e+03,6.437756e-03,5.149194e-03,7.726318e-03,615
5.876909e+03,1.200000e+03,-2.960055e+03,7.416452e-03,6.117967e-03,8.714937e-03,616
5.992050e+03,1.405543e+03,-2.957231e+03,6.808994e-03,5.516815e-03,8.101173e-03,617
5.761312e+03,1.405491e+03,-2.961224e+03,8.053245e-03,6.747612e-03,9.358879e-03,618
6.406159e+03,1.908522e+03,-2.989800e+03,7.219084e-03,5.922706e-03,8.515462e-03,619
6.406111e+03,1.908628e+03,-3.003840e+03,7.436803e-03,6.138087e-03,8.735519e-03,620
5.449285e+03,2.835176e+03,-3.013408e+03,3.398272e-03,2.135117e-03,4.661426e-03,621
5.449288e+03,2.835114e+03,-3.000866e+03,2.767932e-03,1.513085e-03,4.022778e-03,622
5.435898e+03,2.958123e+03,-3.008380e+03,2.897446e-03,1.641715e-03,4.153176e-03,623
5.435918e+03,2.958087e+03,-2.996517e+03,1.984901e-03,7.503544e-04,3.219447e-03,624
5.587792e+03,2.627557e+03,-3.015620e+03,3.651323e-03,2.385487e-03,4.917160e-03,625
5.587785e+03,2.627487e+03,-3.002338e+03,3.249912e-03,1.987838e-03,4.511985e-03,626
5.596061e+03,2.786750e+03,-3.009847e+03,3.476991e-03,2.212888e-03,4.741095e-03,627
5.596065e+03,2.786683e+03,-2.997163e+03,3.184047e-03,1.922952e-03,4.445143e-03,628
5.664928e+03,2.490548e+03,-3.013559e+03,4.460868e-03,3.188791e-03,5.732945e-03,629
5.664932e+03,2.490492e+03,-3.000246e+03,4.302195e-03,3.031299e-03,5.573092e-03,630
5.808531e+03,2.354513e+03,-2.996103e+03,5.239071e-03,3.961035e-03,6.517107e-03,631
5.808511e+03,2.354580e+03,-3.009360e+03,5.292621e-03,4.014151e-03,6.571091e-03,632
6.151571e+03,1.994668e+03,-2.992772e+03,6.714771e-03,5.423537e-03,8.006004e-03,633
6.151529e+03,1.994760e+03,-3.006544e+03,6.865130e-03,5.572401e-03,8.157860e-03,634
5.958281e+03,2.200661e+03,-2.993452e+03,6.016463e-03,4.731839e-03,7.301087e-03,635
5.958246e+03,2.200738e+03,-3.006775e+03,6.082821e-03,4.797580e-03,7.368062e-03,636
5.168485e+03,3.148126e+03,-2.999563e+03,2.021394e-03,7.860685e-04,3.256719e-03,637
5.168437e+03,3.148142e+03,-3.010091e+03,1.953685e-03,7.196544e-04,3.187716e-03,638
5.274830e+03,3.029898e+03,-2.999413e+03,2.004304e-03,7.693166e-04,3.239290e-03,639
5.274800e+03,3.029916e+03,-3.010719e+03,2.789370e-03,1.535114e-03,4.043626e-03,640
5.238765e+03,3.109910e+03,-3.008644e+03,2.160864e-03,9.224663e-04,3.399262e-03,641
5.238808e+03,3.109910e+03,-2.997841e+03,1.870082e-03,6.490784e-04,3.091085e-03,642
5.166996e+03,3.241164e+03,-3.008827e+03,1.597713e-03,3.905488e-04,2.804876e-03,643
5.167042e+03,3.241103e+03,-2.998588e+03,2.327414e-03,1.083821e-03,3.571006e-03,644
5.167738e+03,3.360126e+03,-3.003547e+03,1.644119e-03,4.361921e-04,2.852047e-03,645
5.167704e+03,3.360180e+03,-3.014233e+03,1.423633e-03,2.677818e-04,2.579485e-03,646
5.373554e+03,3.028346e+03,-3.007428e+03,2.856313e-03,1.602032e-03,4.110594e-03,647
5.373582e+03,3.028324e+03,-2.996005e+03,1.625667e-03,4.180966e-04,2.833237e-03,648
5.482722e+03,3.034964e+03,-2.991795e+03,1.308129e-03,1.729884e-04,2.443270e-03,649
5.482692e+03,3.034986e+03,-3.003270e+03,2.592139e-03,1.343408e-03,3.840870e-03,650
5.043914e+03,3.396441e+03,-3.020834e+03,2.119930e-03,8.816779e-04,3.358182e-03,651
5.043947e+03,3.396388e+03,-3.010245e+03,2.185345e-03,9.457858e-04,3.424905e-03,652
4.924634e+03,3.475532e+03,-3.028285e+03,3.379484e-03,2.116142e-03,4.642827e-03,653
4.924655e+03,3.475490e+03,-3.017665e+03,3.412727e-03,2.149169e-03,4.676285e-03,654
5.169550e+03,3.478611e+03,-3.019717e+03,2.046006e-03,8.101364e-04,3.281875e-03,655
5.169562e+03,3.478584e+03,-3.008625e+03,1.961632e-03,7.275008e-04,3.195763e-03,656
4.914110e+03,3.596729e+03,-3.034931e+03,3.873777e-03,2.606145e-03,5.141409e-03,657
4.914116e+03,3.596716e+03,-3.023922e+03,4.051111e-03,2.782178e-03,5.320043e-03,658
4.814999e+03,3.687298e+03,-3.042628e+03,4.068485e-03,2.799361e-03,5.337608e-03,659
4.814994e+03,3.687293e+03,-3.031521e+03,3.915726e-03,2.647750e-03,5.183702e-03,660
4.709774e+03,3.844832e+03,-3.046180e+03,5.365352e-03,4.086287e-03,6.644416e-03,661
4.709766e+03,3.844782e+03,-3.035414e+03,5.406981e-03,4.127580e-03,6.686381e-03,662
4.197033e+03,2.345550e+03,-2.929576e+03,8.902759e-03,7.586689e-03,1.021883e-02,663
4.197046e+03,2.345540e+03,-2.942037e+03,7.774096e-03,6.471731e-03,9.076462e-03,664
3.999257e+03,2.467586e+03,-2.937714e+03,5.568057e-03,4.287304e-03,6.848810e-03,665
3.800000e+03,2.584816e+03,-2.945819e+03,2.853269e-02,2.406713e-02,3.299824e-02,666
3.988537e+03,2.698872e+03,-2.955312e+03,3.746125e-03,2.479462e-03,5.012788e-03,667
3.800000e+03,2.815594e+03,-2.964093e+03,1.482377e-02,1.327786e-02,1.636968e-02,668
3.999595e+03,2.928528e+03,-2.971412e+03,6.537943e-03,5.248425e-03,7.827462e-03,669
3.800000e+03,3.046388e+03,-2.979707e+03,1.127813e-02,9.921897e-03,1.263435e-02,670
3.996105e+03,3.156434e+03,-2.984711e+03,1.499156e-02,1.343904e-02,1.654407e-02,671
3.800000e+03,3.277205e+03,-2.993121e+03,1.635418e-02,1.462349e-02,1.808487e-02,672
3.994901e+03,3.384220e+03,-2.999128e+03,1.180095e-02,1.043207e-02,1.316984e-02,673
3.800000e+03,3.507901e+03,-3.011426e+03,9.551848e-03,8.226429e-03,1.087727e-02,674
4.596590e+03,4.014498e+03,-3.032760e+03,7.831780e-03,6.528697e-03,9.134864e-03,675
4.596565e+03,4.014502e+03,-3.042347e+03,7.325145e-03,6.027643e-03,8.622647e-03,676
4.486095e+03,4.200000e+03,-3.038244e+03,9.826168e-03,8.495742e-03,1.115659e-02,677
4.486142e+03,4.200000e+03,-3.029602e+03,1.196837e-02,1.058632e-02,1.335041e-02,678
4.005006e+03,3.599455e+03,-3.008525e+03,8.646240e-03,7.333374e-03,9.959107e-03,679
3.800000e+03,3.738478e+03,-3.022025e+03,1.005572e-02,8.722233e-03,1.138920e-02,680
3.800000e+03,3.969213e+03,-3.035898e+03,8.882880e-03,7.566837e-03,1.019892e-02,681
4.017273e+03,3.839880e+03,-3.027604e+03,7.614659e-03,6.314033e-03,8.915285e-03,682
4.258678e+03,4.200000e+03,-3.029945e+03,1.466286e-02,1.311852e-02,1.620720e-02,683
4.376248e+03,4.004868e+03,-3.032019e+03,7.857588e-03,6.554208e-03,9.160968e-03,684
3.975725e+03,4.050717e+03,-3.027013e+03,1.093033e-02,9.581369e-03,1.227928e-02,685
4.029319e+03,4.200000e+03,-3.031035e+03,1.792484e-02,1.585094e-02,1.999874e-02,686
4.145672e+03,4.034028e+03,-3.029977e+03,9.188406e-03,7.868301e-03,1.050851e-02,687
3.800000e+03,4.200000e+03,-3.033243e+03,1.781555e-02,1.579312e-02,1.983799e-02,688
6.449905e+03,1.362486e+03,-2.949555e+03,6.124378e-03,4.838734e-03,7.410021e-03,689
6.569248e+03,1.200000e+03,-2.948502e+03,5.567211e-03,4.286443e-03,6.847979e-03,690
6.636068e+03,1.346101e+03,-2.946442e+03,5.834413e-03,4.551373e-03,7.117453e-03,691
6.800000e+03,1.200000e+03,-2.943431e+03,6.536404e-03,5.246894e-03,7.825914e-03,692
6.586539e+03,1.547292e+03,-2.960955e+03,6.004281e-03,4.719724e-03,7.288838e-03,693
6.800000e+03,1.430877e+03,-2.957576e+03,7.044324e-03,5.749741e-03,8.338908e-03,694
6.800000e+03,1.661768e+03,-2.971164e+03,7.249258e-03,5.952513e-03,8.546003e-03,695
6.597529e+03,1.795306e+03,-2.973532e+03,6.706328e-03,5.415157e-03,7.997498e-03,696
6.597830e+03,2.022366e+03,-2.985386e+03,7.329076e-03,6.031525e-03,8.626627e-03,697
6.597775e+03,2.022477e+03,-2.999208e+03,7.563572e-03,6.263467e-03,8.863677e-03,698
6.800000e+03,1.892667e+03,-2.983565e+03,8.580559e-03,7.268387e-03,9.892731e-03,699
6.800000e+03,1.892691e+03,-2.997684e+03,9.018512e-03,7.700562e-03,1.033646e-02,700
4.385386e+03,1.991550e+03,-2.919733e+03,1.341117e-02,1.197932e-02,1.484302e-02,701
4.385385e+03,1.991567e+03,-2.932828e+03,9.573018e-03,8.247661e-03,1.089838e-02,702
4.394975e+03,2.228435e+03,-2.935147e+03,6.414447e-03,5.126161e-03,7.702733e-03,703
4.394976e+03,2.228436e+03,-2.922468e+03,8.203335e-03,6.896005e-03,9.510665e-03,704
4.953774e+03,1.200000e+03,-2.903942e+03,5.327846e-03,4.049083e-03,6.606610e-03,705
4.847078e+03,1.392069e+03,-2.907746e+03,6.354305e-03,5.066559e-03,7.642050e-03,706
4.744533e+03,1.604392e+03,-2.925711e+03,1.269583e-02,1.129503e-02,1.409662e-02,707
4.744535e+03,1.604356e+03,-2.911347e+03,1.484116e-02,1.330511e-02,1.637722e-02,708
4.602260e+03,1.847923e+03,-2.915408e+03,6.978118e-03,5.684300e-03,8.271936e-03,709
4.602254e+03,1.847958e+03,-2.929067e+03,6.927566e-03,5.634248e-03,8.220884e-03,710
5.069119e+03,1.403575e+03,-2.915267e+03,3.953777e-03,2.685471e-03,5.222084e-03,711
5.184500e+03,1.200000e+03,-2.911657e+03,3.814304e-03,2.547093e-03,5.081515e-03,712
5.299881e+03,1.403632e+03,-2.924626e+03,3.682241e-03,2.416075e-03,4.948406e-03,713
5.415312e+03,1.200000e+03,-2.923300e+03,4.960268e-03,3.684403e-03,6.236134e-03,714
5.530702e+03,1.400126e+03,-2.935883e+03,6.196840e-03,4.910550e-03,7.483130e-03,715
5.646112e+03,1.200000e+03,-2.934499e+03,8.350558e-03,7.041397e-03,9.659719e-03,716
5.761342e+03,1.405406e+03,-2.946556e+03,8.198194e-03,6.890863e-03,9.505524e-03,717
5.876902e+03,1.200000e+03,-2.945319e+03,7.243967e-03,5.947334e-03,8.540599e-03,718
5.992089e+03,1.405446e+03,-2.942503e+03,6.536917e-03,5.247425e-03,7.826409e-03,719
6.107681e+03,1.200000e+03,-2.941264e+03,6.156717e-03,4.870780e-03,7.442655e-03,720
6.232653e+03,1.380611e+03,-2.938357e+03,5.913689e-03,4.629957e-03,7.197422e-03,721
6.338462e+03,1.200000e+03,-2.937351e+03,5.695440e-03,4.413594e-03,6.977286e-03,722
6.384390e+03,2.129435e+03,-2.987500e+03,6.796738e-03,5.504690e-03,8.088785e-03,723
6.384342e+03,2.129533e+03,-3.001082e+03,6.885128e-03,5.592197e-03,8.178059e-03,724
5.558080e+03,2.937273e+03,-2.992661e+03,2.167912e-03,9.290138e-04,3.406809e-03,725
5.558057e+03,2.937312e+03,-3.004602e+03,2.835612e-03,1.580548e-03,4.090676e-03,726
5.570919e+03,3.052765e+03,-2.998840e+03,2.236919e-03,9.970140e-04,3.476824e-03,727
5.570959e+03,3.052748e+03,-2.987474e+03,1.662447e-03,4.543695e-04,2.870525e-03,728
5.675399e+03,2.894379e+03,-3.001792e+03,3.018939e-03,1.760086e-03,4.277792e-03,729
5.675426e+03,2.894337e+03,-2.989760e+03,2.656780e-03,1.403567e-03,3.909994e-03,730
5.716214e+03,2.657048e+03,-2.997202e+03,3.247759e-03,1.985696e-03,4.509822e-03,731
5.716209e+03,2.657113e+03,-3.010220e+03,3.632591e-03,2.366920e-03,4.898262e-03,732
5.753628e+03,2.789841e+03,-3.003308e+03,3.786492e-03,2.519630e-03,5.053354e-03,733
5.753647e+03,2.789782e+03,-2.990833e+03,3.708488e-03,2.442289e-03,4.974687e-03,734
5.865114e+03,2.527560e+03,-2.993364e+03,4.605819e-03,3.332674e-03,5.878963e-03,735
5.865091e+03,2.527626e+03,-3.006337e+03,4.604336e-03,3.331190e-03,5.877482e-03,736
6.011897e+03,2.401311e+03,-2.990775e+03,5.374005e-03,4.094881e-03,6.653128e-03,737
6.011863e+03,2.401386e+03,-3.003853e+03,5.459094e-03,4.179270e-03,6.738919e-03,738
6.198427e+03,2.255380e+03,-2.988945e+03,6.133302e-03,4.847601e-03,7.419004e-03,739
6.198385e+03,2.255466e+03,-3.002271e+03,6.303641e-03,5.016365e-03,7.590918e-03,740
5.257646e+03,3.195434e+03,-2.995619e+03,2.338282e-03,1.094135e-03,3.582430e-03,741
5.257597e+03,3.195447e+03,-3.006119e+03,1.731971e-03,5.233520e-04,2.940590e-03,742
5.329598e+03,3.120823e+03,-2.994119e+03,1.139346e-03,4.961047e-05,2.229082e-03,743
5.329555e+03,3.120830e+03,-3.004987e+03,2.267508e-03,1.027951e-03,3.507065e-03,744
5.274109e+03,3.407175e+03,-3.012032e+03,1.615666e-03,4.101246e-04,2.821207e-03,745
5.274133e+03,3.407136e+03,-3.001048e+03,7.436464e-04,0.000000e+00,1.727977e-03,746
5.270562e+03,3.306461e+03,-3.007903e+03,4.529199e-04,0.000000e+00,1.280266e-03,747
5.270602e+03,3.306403e+03,-2.997245e+03,1.045131e-03,0.000000e+00,2.130787e-03,748
5.439227e+03,3.132948e+03,-2.989692e+03,4.622993e-04,0.000000e+00,1.289712e-03,749
5.439182e+03,3.132963e+03,-3.000614e+03,2.000509e-03,8.253812e-04,3.175638e-03,750
5.534429e+03,3.127833e+03,-2.997083e+03,2.054097e-03,8.301429e-04,3.278051e-03,751
5.534478e+03,3.127820e+03,-2.986106e+03,1.035477e-03,0.000000e+00,2.121044e-03,752
5.619551e+03,3.106996e+03,-2.983230e+03,1.640456e-03,4.327680e-04,2.848144e-03,753
5.619499e+03,3.106998e+03,-2.994270e+03,2.004696e-03,7.697805e-04,3.239613e-03,754
5.618788e+03,3.193111e+03,-2.992319e+03,1.595317e-03,3.897728e-04,2.800862e-03,755
5.618842e+03,3.193098e+03,-2.981492e+03,1.421548e-03,2.366078e-04,2.606488e-03,756
5.359166e+03,3.458332e+03,-3.010283e+03,1.768718e-03,6.044307e-04,2.933005e-03,757
5.292457e+03,3.523938e+03,-3.016017e+03,2.122251e-03,8.846316e-04,3.359870e-03,758
5.359179e+03,3.458304e+03,-2.999066e+03,7.504456e-04,0.000000e+00,1.734819e-03,759
5.292455e+03,3.523922e+03,-3.004619e+03,1.669877e-03,4.616993e-04,2.878055e-03,760
5.391598e+03,3.551132e+03,-3.000890e+03,1.299863e-03,1.647842e-04,2.434942e-03,761
5.441248e+03,3.453985e+03,-2.995195e+03,8.276269e-04,0.000000e+00,1.818950e-03,762
5.391610e+03,3.551141e+03,-3.012474e+03,2.275298e-03,1.034761e-03,3.515836e-03,763
5.441236e+03,3.454013e+03,-3.006494e+03,1.739993e-03,5.781986e-04,2.901788e-03,764
5.064856e+03,3.570027e+03,-3.028707e+03,2.858247e-03,1.601460e-03,4.115034e-03,765
5.064851e+03,3.570019e+03,-3.017441e+03,2.861689e-03,1.604885e-03,4.118492e-03,766
5.204935e+03,3.590983e+03,-3.011594e+03,2.644498e-03,1.391469e-03,3.897526e-03,767
5.204953e+03,3.590980e+03,-3.023134e+03,2.684872e-03,1.431377e-03,3.938367e-03,768
4.982315e+03,3.724254e+03,-3.038186e+03,3.358724e-03,2.095510e-03,4.621938e-03,769
4.982291e+03,3.724271e+03,-3.026633e+03,3.022101e-03,1.762570e-03,4.281633e-03,770
4.911816e+03,3.846055e+03,-3.027194e+03,4.650442e-03,3.376932e-03,5.923951e-03,771
4.911833e+03,3.846118e+03,-3.038341e+03,4.816059e-03,3.541323e-03,6.090796e-03,772
4.806839e+03,4.022116e+03,-3.023810e+03,6.782817e-03,5.490917e-03,8.074717e-03,773
4.806826e+03,4.022133e+03,-3.033797e+03,6.905625e-03,5.612480e-03,8.198771e-03,774
4.386927e+03,2.468457e+03,-2.927598e+03,5.134063e-03,3.856877e-03,6.411250e-03,775
4.386927e+03,2.468454e+03,-2.940140e+03,4.789439e-03,3.514895e-03,6.063982e-03,776
4.189338e+03,2.577761e+03,-2.935063e+03,5.709190e-03,4.427255e-03,6.991125e-03,777
4.189356e+03,2.577747e+03,-2.947434e+03,5.710928e-03,4.428968e-03,6.992887e-03,778
3.988511e+03,2.698888e+03,-2.943032e+03,3.097864e-03,1.837237e-03,4.358492e-03,779
3.800000e+03,2.815547e+03,-2.952288e+03,1.984589e-02,1.733705e-02,2.235474e-02,780
3.999595e+03,2.928533e+03,-2.960424e+03,5.984186e-03,4.699824e-03,7.268548e-03,781
3.800000e+03,3.046334e+03,-2.969240e+03,1.369384e-02,1.223351e-02,1.515417e-02,782
3.996147e+03,3.156466e+03,-2.975155e+03,1.590693e-02,1.424147e-02,1.757240e-02,783
3.800000e+03,3.277141e+03,-2.983802e+03,1.935918e-02,1.694895e-02,2.176941e-02,784
3.994929e+03,3.384138e+03,-2.989906e+03,1.208338e-02,1.070637e-02,1.346040e-02,785
3.800000e+03,3.507857e+03,-3.001663e+03,1.146581e-02,1.010385e-02,1.282778e-02,786
4.704320e+03,4.200000e+03,-3.029221e+03,9.905511e-03,8.573579e-03,1.123744e-02,787
4.704364e+03,4.200000e+03,-3.020404e+03,1.162814e-02,1.025424e-02,1.300204e-02,788
4.486190e+03,4.200000e+03,-3.020961e+03,1.418684e-02,1.268342e-02,1.569025e-02,789
4.596615e+03,4.014493e+03,-3.023173e+03,8.425527e-03,7.115439e-03,9.735616e-03,790
4.005013e+03,3.599438e+03,-2.998589e+03,8.203663e-03,6.896249e-03,9.511078e-03,791
3.800000e+03,3.738464e+03,-3.011505e+03,1.194245e-02,1.056732e-02,1.331759e-02,792
3.800000e+03,3.969209e+03,-3.025655e+03,1.074311e-02,9.397246e-03,1.208897e-02,793
4.017249e+03,3.839888e+03,-3.017160e+03,7.346341e-03,6.048639e-03,8.644043e-03,794
4.258718e+03,4.200000e+03,-3.021306e+03,1.603891e-02,1.435777e-02,1.772006e-02,795
4.376261e+03,4.004857e+03,-3.022327e+03,7.368431e-03,6.070466e-03,8.666397e-03,796
3.975723e+03,4.050709e+03,-3.017418e+03,1.031451e-02,8.977293e-03,1.165174e-02,797
4.029346e+03,4.200000e+03,-3.022265e+03,2.064618e-02,1.791940e-02,2.337296e-02,798
4.145680e+03,4.034021e+03,-3.020423e+03,9.066136e-03,7.747741e-03,1.038453e-02,799
3.800000e+03,4.200000e+03,-3.024052e+03,2.307710e-02,1.981965e-02,2.633455e-02,800
6.449959e+03,1.362366e+03,-2.934691e+03,5.713997e-03,4.431997e-03,6.995997e-03,801
6.569246e+03,1.200000e+03,-2.933583e+03,5.048236e-03,3.771678e-03,6.324794e-03,802
6.636129e+03,1.345972e+03,-2.931556e+03,5.535848e-03,4.255349e-03,6.816347e-03,803
6.800000e+03,1.200000e+03,-2.928488e+03,6.208403e-03,4.921992e-03,7.494814e-03,804
6.586592e+03,1.547169e+03,-2.946207e+03,5.460422e-03,4.180538e-03,6.740306e-03,805
6.800000e+03,1.430869e+03,-2.942769e+03,6.022862e-03,4.738125e-03,7.307600e-03,806
6.800000e+03,1.661751e+03,-2.956603e+03,6.252882e-03,4.966032e-03,7.539733e-03,807
6.597583e+03,1.795189e+03,-2.959237e+03,6.281552e-03,4.994459e-03,7.568645e-03,808
6.597885e+03,2.022254e+03,-2.971564e+03,7.157973e-03,5.862236e-03,8.453711e-03,809
6.800000e+03,1.892643e+03,-2.969446e+03,8.023308e-03,6.717955e-03,9.328662e-03,810
6.597418e+03,2.239847e+03,-2.995811e+03,7.339322e-03,6.041657e-03,8.636988e-03,811
6.597471e+03,2.239743e+03,-2.982350e+03,6.994103e-03,5.700059e-03,8.288147e-03,812
6.800000e+03,2.123576e+03,-2.994648e+03,8.756382e-03,7.441921e-03,1.007084e-02,813
6.800000e+03,2.123545e+03,-2.980940e+03,8.335288e-03,7.026193e-03,9.644383e-03,814
4.578905e+03,2.368402e+03,-2.934756e+03,4.998371e-03,3.722242e-03,6.274499e-03,815
4.578907e+03,2.368394e+03,-2.921936e+03,5.351651e-03,4.072747e-03,6.630555e-03,816
4.583551e+03,2.125173e+03,-2.917843e+03,7.235020e-03,5.938561e-03,8.531479e-03,817
4.583543e+03,2.125199e+03,-2.930810e+03,6.422348e-03,5.133986e-03,7.710710e-03,818
5.069123e+03,1.403528e+03,-2.900250e+03,4.390883e-03,3.119296e-03,5.662471e-03,819
5.184476e+03,1.200000e+03,-2.896431e+03,3.937569e-03,2.669389e-03,5.205750e-03,820
4.962766e+03,1.603545e+03,-2.918794e+03,4.263072e-03,2.992410e-03,5.533734e-03,821
4.962762e+03,1.603498e+03,-2.904008e+03,4.050874e-03,2.781817e-03,5.319931e-03,822
4.855228e+03,1.826178e+03,-2.923853e+03,1.013125e-02,8.797385e-03,1.146511e-02,823
4.855228e+03,1.826131e+03,-2.909820e+03,1.184920e-02,1.046770e-02,1.323071e-02,824
4.785497e+03,2.057729e+03,-2.927463e+03,1.211961e-02,1.074319e-02,1.349602e-02,825
4.785506e+03,2.057691e+03,-2.914116e+03,1.428815e-02,1.280438e-02,1.577191e-02,826
5.299876e+03,1.403574e+03,-2.909398e+03,3.613302e-03,2.347656e-03,4.878948e-03,827
5.415294e+03,1.200000e+03,-2.908275e+03,4.933481e-03,3.657831e-03,6.209131e-03,828
5.530713e+03,1.400054e+03,-2.920955e+03,5.812248e-03,4.529410e-03,7.095086e-03,829
5.646102e+03,1.200000e+03,-2.919742e+03,8.725914e-03,7.412090e-03,1.003974e-02,830
5.761371e+03,1.405321e+03,-2.931889e+03,8.434507e-03,7.124337e-03,9.744678e-03,831
5.876895e+03,1.200000e+03,-2.930582e+03,7.009525e-03,5.715337e-03,8.303713e-03,832
5.992128e+03,1.405349e+03,-2.927776e+03,6.282476e-03,4.995393e-03,7.569559e-03,833
6.107674e+03,1.200000e+03,-2.926412e+03,5.922599e-03,4.638792e-03,7.206406e-03,834
6.232700e+03,1.380502e+03,-2.923537e+03,5.514996e-03,4.234678e-03,6.795314e-03,835
6.338457e+03,1.200000e+03,-2.922438e+03,5.363236e-03,4.084165e-03,6.642308e-03,836
6.403115e+03,2.363358e+03,-2.984008e+03,6.351625e-03,5.063900e-03,7.639350e-03,837
6.403069e+03,2.363450e+03,-2.997238e+03,6.528541e-03,5.239128e-03,7.817954e-03,838
5.671028e+03,3.014907e+03,-2.996198e+03,2.502760e-03,1.254695e-03,3.750824e-03,839
5.671068e+03,3.014887e+03,-2.984697e+03,2.286381e-03,1.045377e-03,3.527384e-03,840
5.702993e+03,3.128912e+03,-2.978796e+03,1.999131e-03,7.642597e-04,3.234002e-03,841
5.702931e+03,3.128924e+03,-2.989676e+03,1.975059e-03,7.406117e-04,3.209506e-03,842
5.779039e+03,2.929444e+03,-2.984058e+03,2.722572e-03,1.468123e-03,3.977021e-03,843
5.778998e+03,2.929473e+03,-2.995802e+03,3.089089e-03,1.829133e-03,4.349045e-03,844
5.890863e+03,2.705231e+03,-3.002070e+03,4.028858e-03,2.760074e-03,5.297643e-03,845
5.890890e+03,2.705168e+03,-2.989479e+03,3.709696e-03,2.443365e-03,4.976026e-03,846
5.866113e+03,2.843435e+03,-2.996159e+03,3.822893e-03,2.555714e-03,5.090072e-03,847
5.866151e+03,2.843394e+03,-2.984118e+03,3.741875e-03,2.475365e-03,5.008384e-03,848
6.043765e+03,2.618314e+03,-3.000359e+03,4.679498e-03,3.405792e-03,5.953204e-03,849
6.043798e+03,2.618244e+03,-2.987604e+03,4.374232e-03,3.102784e-03,5.645681e-03,850
6.221114e+03,2.492558e+03,-2.985804e+03,5.471217e-03,4.191294e-03,6.751139e-03,851
6.221074e+03,2.492639e+03,-2.998788e+03,5.604832e-03,4.323791e-03,6.885872e-03,852
5.611848e+03,3.302282e+03,-2.982696e+03,1.122753e-03,3.330296e-05,2.212202e-03,853
5.708785e+03,3.239322e+03,-2.977078e+03,1.712106e-03,5.018332e-04,2.922379e-03,854
5.611804e+03,3.302332e+03,-2.993616e+03,1.045260e-03,0.000000e+00,2.130915e-03,855
5.708725e+03,3.239365e+03,-2.987825e+03,1.584973e-03,3.781170e-04,2.791828e-03,856
5.390000e+03,3.250000e+03,-2.990289e+03,2.857644e-03,1.685416e-03,4.029872e-03,857
5.390000e+03,3.250000e+03,-3.000858e+03,1.138690e-07,1.168209e-08,2.160559e-07,858
5.390000e+03,3.350000e+03,-2.993810e+03,2.190415e-03,1.066374e-03,3.314456e-03,859
5.390000e+03,3.350000e+03,-3.004751e+03,4.925865e-04,0.000000e+00,1.320330e-03,860
5.490000e+03,3.350000e+03,-3.000343e+03,7.929820e-08,0.000000e+00,1.747517e-07,861
5.490000e+03,3.350000e+03,-2.989345e+03,3.832259e-03,2.641099e-03,5.023418e-03,862
5.490000e+03,3.250000e+03,-2.996937e+03,9.904458e-06,0.000000e+00,2.317552e-05,863
5.490000e+03,3.250000e+03,-2.986258e+03,1.797973e-03,7.004758e-04,2.895470e-03,864
5.439273e+03,3.132932e+03,-2.978771e+03,1.558365e-03,4.389093e-04,2.677820e-03,865
5.490000e+03,3.250000e+03,-2.975580e+03,1.861747e-02,1.529291e-02,2.194203e-02,866
5.534527e+03,3.127807e+03,-2.975129e+03,2.139122e-03,9.136256e-04,3.364619e-03,867
5.618896e+03,3.193084e+03,-2.970664e+03,2.901253e-03,1.646731e-03,4.155775e-03,868
5.270643e+03,3.306346e+03,-2.986586e+03,2.959845e-03,1.710707e-03,4.208982e-03,869
5.390000e+03,3.250000e+03,-2.979719e+03,3.519644e-02,2.925245e-02,4.114043e-02,870
5.257695e+03,3.195422e+03,-2.985118e+03,5.240886e-03,3.963550e-03,6.518222e-03,871
5.329640e+03,3.120815e+03,-2.983252e+03,2.488385e-03,1.245556e-03,3.731214e-03,872
5.390000e+03,3.350000e+03,-2.982869e+03,1.115689e-02,9.607288e-03,1.270648e-02,873
5.274157e+03,3.407096e+03,-2.990063e+03,1.612371e-03,4.519527e-04,2.772790e-03,874
5.359192e+03,3.458275e+03,-2.987849e+03,2.090361e-03,8.661781e-04,3.314544e-03,875
5.607493e+03,3.405665e+03,-2.997055e+03,1.613782e-03,4.523175e-04,2.775247e-03,876
5.607517e+03,3.405627e+03,-2.985825e+03,1.434562e-03,2.495273e-04,2.619597e-03,877
5.528619e+03,3.462427e+03,-2.991424e+03,1.045153e-03,0.000000e+00,2.130809e-03,878
5.528610e+03,3.462454e+03,-3.002822e+03,2.052196e-03,8.285420e-04,3.275851e-03,879
5.490000e+03,3.350000e+03,-2.978347e+03,3.327548e-02,2.770947e-02,3.884150e-02,880
5.441260e+03,3.453957e+03,-2.983895e+03,2.232776e-03,1.055616e-03,3.409936e-03,881
5.499086e+03,3.546220e+03,-3.006697e+03,2.285195e-03,1.044599e-03,3.525791e-03,882
5.499077e+03,3.546206e+03,-2.995095e+03,1.300187e-03,1.651076e-04,2.435266e-03,883
5.448408e+03,3.636814e+03,-3.001049e+03,1.907246e-03,6.741740e-04,3.140317e-03,884
5.448433e+03,3.636798e+03,-3.012957e+03,2.211029e-03,9.711582e-04,3.450901e-03,885
5.304470e+03,3.671301e+03,-3.021677e+03,2.340820e-03,1.096248e-03,3.585391e-03,886
5.304428e+03,3.671292e+03,-3.009786e+03,2.041507e-03,8.055642e-04,3.277450e-03,887
5.157991e+03,3.711791e+03,-3.029879e+03,2.697693e-03,1.443445e-03,3.951942e-03,888
5.157950e+03,3.711778e+03,-3.018099e+03,2.280108e-03,1.036779e-03,3.523437e-03,889
5.100509e+03,3.863453e+03,-3.018509e+03,4.099662e-03,2.830286e-03,5.369038e-03,890
5.100541e+03,3.863522e+03,-3.029892e+03,4.106222e-03,2.836799e-03,5.375645e-03,891
4.569042e+03,2.599213e+03,-2.926465e+03,4.346094e-03,3.074866e-03,5.617322e-03,892
4.569045e+03,2.599221e+03,-2.939135e+03,3.882613e-03,2.614867e-03,5.150358e-03,893
5.007283e+03,4.019363e+03,-3.026109e+03,6.296529e-03,5.009303e-03,7.583756e-03,894
5.007284e+03,4.019331e+03,-3.015664e+03,6.150289e-03,4.864413e-03,7.436164e-03,895
4.910238e+03,4.200000e+03,-3.021038e+03,9.916600e-03,8.584643e-03,1.124856e-02,896
4.910265e+03,4.200000e+03,-3.011738e+03,1.007856e-02,8.744411e-03,1.141271e-02,897
4.377510e+03,2.713187e+03,-2.933286e+03,3.441459e-03,2.177227e-03,4.705690e-03,898
4.377529e+03,2.713223e+03,-2.945546e+03,3.792101e-03,2.525027e-03,5.059175e-03,899
4.182005e+03,2.819636e+03,-2.941266e+03,5.014123e-03,3.737847e-03,6.290399e-03,900
4.182014e+03,2.819647e+03,-2.952861e+03,5.117752e-03,3.840649e-03,6.394855e-03,901
3.999594e+03,2.928537e+03,-2.949435e+03,5.661710e-03,4.380159e-03,6.943261e-03,902
3.800000e+03,3.046280e+03,-2.958773e+03,1.586144e-02,1.419799e-02,1.752488e-02,903
3.996188e+03,3.156497e+03,-2.965599e+03,1.741130e-02,1.548497e-02,1.933762e-02,904
3.800000e+03,3.277078e+03,-2.974483e+03,2.607649e-02,2.224992e-02,2.990305e-02,905
3.994956e+03,3.384055e+03,-2.980685e+03,1.239715e-02,1.100878e-02,1.378553e-02,906
3.800000e+03,3.507813e+03,-2.991900e+03,1.432924e-02,1.282106e-02,1.583741e-02,907
4.704409e+03,4.200000e+03,-3.011587e+03,1.313131e-02,1.169605e-02,1.456656e-02,908
4.806853e+03,4.022099e+03,-3.013824e+03,6.694437e-03,5.403417e-03,7.985457e-03,909
4.486237e+03,4.200000e+03,-3.012320e+03,1.529098e-02,1.367840e-02,1.690356e-02,910
4.596639e+03,4.014489e+03,-3.013586e+03,9.131747e-03,7.812534e-03,1.045096e-02,911
4.005021e+03,3.599420e+03,-2.988652e+03,7.703779e-03,6.402172e-03,9.005386e-03,912
3.800000e+03,3.738451e+03,-3.000985e+03,1.452975e-02,1.300602e-02,1.605348e-02,913
3.800000e+03,3.969204e+03,-3.015412e+03,1.392826e-02,1.244080e-02,1.541572e-02,914
4.017225e+03,3.839895e+03,-3.006716e+03,6.990437e-03,5.696439e-03,8.284434e-03,915
4.258759e+03,4.200000e+03,-3.012667e+03,1.827305e-02,1.608133e-02,2.046476e-02,916
4.376274e+03,4.004846e+03,-3.012636e+03,6.766893e-03,5.475130e-03,8.058657e-03,917
3.975721e+03,4.050700e+03,-3.007824e+03,9.600528e-03,8.274604e-03,1.092645e-02,918
4.029373e+03,4.200000e+03,-3.013495e+03,2.464065e-02,2.108814e-02,2.819316e-02,919
4.145688e+03,4.034013e+03,-3.010869e+03,8.966346e-03,7.649327e-03,1.028337e-02,920
3.800000e+03,4.200000e+03,-3.014861e+03,3.013536e-02,2.548900e-02,3.478171e-02,921
6.450012e+03,1.362246e+03,-2.919827e+03,5.347559e-03,4.068614e-03,6.626504e-03,922
6.569243e+03,1.200000e+03,-2.918664e+03,4.519503e-03,3.246970e-03,5.792036e-03,923
6.636189e+03,1.345843e+03,-2.916669e+03,5.402299e-03,4.122914e-03,6.681683e-03,924
6.800000e+03,1.200000e+03,-2.913545e+03,6.013991e-03,4.729365e-03,7.298617e-03,925
6.586646e+03,1.547047e+03,-2.931459e+03,5.066537e-03,3.789837e-03,6.343236e-03,926
6.800000e+03,1.430860e+03,-2.927962e+03,5.166396e-03,3.888915e-03,6.443877e-03,927
6.800000e+03,1.661734e+03,-2.942042e+03,5.395612e-03,4.116257e-03,6.674968e-03,928
6.597637e+03,1.795072e+03,-2.944941e+03,5.939106e-03,4.655148e-03,7.223065e-03,929
6.597939e+03,2.022143e+03,-2.957742e+03,7.024558e-03,5.730210e-03,8.318906e-03,930
6.800000e+03,1.892618e+03,-2.955327e+03,7.449739e-03,6.150865e-03,8.748612e-03,931
6.800000e+03,2.123514e+03,-2.967233e+03,7.961858e-03,6.657250e-03,9.266466e-03,932
6.597524e+03,2.239639e+03,-2.968889e+03,6.700611e-03,5.409502e-03,7.991720e-03,933
6.603908e+03,2.471387e+03,-2.978571e+03,6.833703e-03,5.541285e-03,8.126122e-03,934
6.603857e+03,2.471483e+03,-2.991678e+03,6.952216e-03,5.658599e-03,8.245833e-03,935
6.800000e+03,2.354439e+03,-2.990244e+03,8.913961e-03,7.597423e-03,1.023050e-02,936
6.800000e+03,2.354403e+03,-2.976886e+03,8.487678e-03,7.176688e-03,9.798667e-03,937
4.755263e+03,2.502700e+03,-2.933800e+03,3.544571e-03,2.279625e-03,4.809517e-03,938
4.755265e+03,2.502685e+03,-2.920892e+03,2.667441e-03,1.412958e-03,3.921924e-03,939
4.770132e+03,2.265304e+03,-2.916811e+03,1.228232e-02,1.090046e-02,1.366419e-02,940
4.770125e+03,2.265324e+03,-2.929873e+03,9.784276e-03,8.455825e-03,1.111273e-02,941
5.299871e+03,1.403517e+03,-2.894170e+03,4.161533e-03,2.891643e-03,5.431423e-03,942
5.415277e+03,1.200000e+03,-2.893251e+03,5.228035e-03,3.950068e-03,6.506003e-03,943
5.184488e+03,1.604079e+03,-2.896644e+03,1.331724e-03,1.538106e-04,2.509637e-03,944
5.184496e+03,1.604136e+03,-2.911845e+03,1.588616e-03,3.767890e-04,2.800443e-03,945
5.086821e+03,1.792867e+03,-2.916331e+03,4.261081e-03,2.990455e-03,5.531708e-03,946
5.086819e+03,1.792809e+03,-2.901788e+03,4.549282e-03,3.276528e-03,5.822036e-03,947
4.989852e+03,1.993553e+03,-2.907033e+03,5.438953e-03,4.159314e-03,6.718592e-03,948
4.989850e+03,1.993602e+03,-2.920884e+03,5.256175e-03,3.978003e-03,6.534347e-03,949
4.917759e+03,2.168878e+03,-2.911267e+03,7.564948e-03,6.264972e-03,8.864924e-03,950
4.917757e+03,2.168904e+03,-2.924603e+03,7.659381e-03,6.358338e-03,8.960425e-03,951
5.530724e+03,1.399982e+03,-2.906028e+03,5.274552e-03,3.996213e-03,6.552891e-03,952
5.646092e+03,1.200000e+03,-2.904986e+03,9.212044e-03,7.891761e-03,1.053233e-02,953
5.761400e+03,1.405236e+03,-2.917221e+03,8.808558e-03,7.493691e-03,1.012343e-02,954
5.876888e+03,1.200000e+03,-2.915846e+03,6.696227e-03,5.405183e-03,7.987270e-03,955
5.992167e+03,1.405252e+03,-2.913049e+03,5.998127e-03,4.713663e-03,7.282592e-03,956
6.107667e+03,1.200000e+03,-2.911561e+03,5.700377e-03,4.418508e-03,6.982245e-03,957
6.232746e+03,1.380393e+03,-2.908716e+03,5.137941e-03,3.860681e-03,6.415201e-03,958
6.338452e+03,1.200000e+03,-2.907524e+03,5.097748e-03,3.820804e-03,6.374692e-03,959
6.410656e+03,2.589231e+03,-2.993609e+03,5.853232e-03,4.570045e-03,7.136419e-03,960
6.410701e+03,2.589147e+03,-2.980729e+03,5.569317e-03,4.288573e-03,6.850061e-03,961
5.809843e+03,3.046012e+03,-2.988722e+03,2.665284e-03,1.411963e-03,3.918605e-03,962
5.809901e+03,3.046004e+03,-2.977517e+03,2.697845e-03,1.444295e-03,3.951395e-03,963
5.808676e+03,3.163807e+03,-2.973634e+03,2.357374e-03,1.112620e-03,3.602129e-03,964
5.808615e+03,3.163840e+03,-2.984402e+03,2.014424e-03,7.791200e-04,3.249727e-03,965
5.917394e+03,2.963462e+03,-2.988104e+03,3.496527e-03,2.232120e-03,4.760934e-03,966
5.917453e+03,2.963450e+03,-2.976679e+03,3.387239e-03,2.123910e-03,4.650569e-03,967
6.032828e+03,2.826460e+03,-2.979146e+03,4.420562e-03,3.148822e-03,5.692303e-03,968
6.032786e+03,2.826495e+03,-2.991113e+03,4.517921e-03,3.245432e-03,5.790409e-03,969
6.223562e+03,2.713117e+03,-2.980468e+03,4.946431e-03,3.670702e-03,6.222161e-03,970
6.223522e+03,2.713181e+03,-2.993013e+03,5.256567e-03,3.978400e-03,6.534733e-03,971
5.611892e+03,3.302232e+03,-2.971776e+03,3.371522e-03,2.115841e-03,4.627202e-03,972
5.714114e+03,3.348972e+03,-2.990237e+03,1.417999e-03,2.624644e-04,2.573533e-03,973
5.714154e+03,3.348925e+03,-2.979180e+03,1.285681e-03,1.508460e-04,2.420516e-03,974
5.800634e+03,3.293270e+03,-2.984977e+03,1.752975e-03,5.353171e-04,2.970632e-03,975
5.800689e+03,3.293216e+03,-2.974098e+03,1.994223e-03,7.593801e-04,3.229065e-03,976
5.439318e+03,3.132917e+03,-2.967849e+03,2.996097e-03,1.746632e-03,4.245562e-03,977
5.490000e+03,3.250000e+03,-2.964901e+03,4.094903e-02,3.420795e-02,4.769011e-02,978
5.534576e+03,3.127795e+03,-2.964152e+03,3.476539e-03,2.217528e-03,4.735550e-03,979
5.618950e+03,3.193070e+03,-2.959836e+03,5.445512e-03,4.166652e-03,6.724371e-03,980
5.270683e+03,3.306288e+03,-2.975928e+03,5.471917e-03,4.193512e-03,6.750322e-03,981
5.390000e+03,3.250000e+03,-2.969150e+03,4.847074e-02,3.930441e-02,5.763708e-02,982
5.257744e+03,3.195409e+03,-2.974618e+03,9.767392e-03,8.431238e-03,1.110355e-02,983
5.329683e+03,3.120808e+03,-2.972384e+03,3.838483e-03,2.575236e-03,5.101729e-03,984
5.390000e+03,3.350000e+03,-2.971929e+03,3.745508e-02,3.127321e-02,4.363695e-02,985
5.274181e+03,3.407056e+03,-2.979078e+03,2.834347e-03,1.585721e-03,4.082973e-03,986
5.359204e+03,3.458246e+03,-2.976632e+03,3.566990e-03,2.307846e-03,4.826133e-03,987
5.270723e+03,3.306231e+03,-2.965269e+03,1.074280e-02,9.332300e-03,1.215331e-02,988
5.390000e+03,3.250000e+03,-2.958580e+03,5.339392e-02,4.447200e-02,6.231584e-02,989
5.257792e+03,3.195397e+03,-2.964118e+03,1.703651e-02,1.483083e-02,1.924219e-02,990
5.329726e+03,3.120800e+03,-2.961516e+03,6.101912e-03,4.817152e-03,7.386671e-03,991
5.439364e+03,3.132902e+03,-2.956927e+03,2.788297e-03,1.537655e-03,4.038939e-03,992
5.607541e+03,3.405588e+03,-2.974595e+03,2.857229e-03,1.606296e-03,4.108161e-03,993
5.528628e+03,3.462400e+03,-2.980027e+03,2.606157e-03,1.362115e-03,3.850198e-03,994
5.701716e+03,3.448358e+03,-2.982372e+03,1.607732e-03,4.004560e-04,2.815007e-03,995
5.701696e+03,3.448393e+03,-2.993700e+03,1.876529e-03,6.552520e-04,3.097806e-03,996
5.621871e+03,3.534197e+03,-3.000038e+03,2.213993e-03,9.743101e-04,3.453677e-03,997
5.621867e+03,3.534177e+03,-2.988434e+03,1.797749e-03,5.790394e-04,3.016459e-03,998
5.390000e+03,3.350000e+03,-2.960988e+03,7.949420e-02,6.897330e-02,9.001509e-02,999
5.490000e+03,3.350000e+03,-2.967349e+03,6.110658e-02,5.102749e-02,7.118566e-02,1000
5.441272e+03,3.453929e+03,-2.972596e+03,4.458815e-03,3.190841e-03,5.726790e-03,1001
5.573581e+03,3.632294e+03,-2.994115e+03,1.892656e-03,6.597333e-04,3.125578e-03,1002
5.573616e+03,3.632278e+03,-3.006034e+03,2.225135e-03,9.849445e-04,3.465326e-03,1003
5.416215e+03,3.741281e+03,-3.016006e+03,2.279665e-03,1.036489e-03,3.522840e-03,1004
5.416171e+03,3.741271e+03,-3.004037e+03,1.975906e-03,7.410785e-04,3.210733e-03,1005
5.518808e+03,3.714131e+03,-2.998054e+03,2.051424e-03,8.153100e-04,3.287537e-03,1006
5.518857e+03,3.714165e+03,-3.010063e+03,2.245288e-03,1.003009e-03,3.487566e-03,1007
5.274204e+03,3.407016e+03,-2.968093e+03,4.500737e-03,3.230540e-03,5.770934e-03,1008
5.359217e+03,3.458218e+03,-2.965415e+03,5.899604e-03,4.616863e-03,7.182345e-03,1009
5.309852e+03,3.852169e+03,-3.018440e+03,3.425212e-03,2.161290e-03,4.689134e-03,1010
5.309808e+03,3.852100e+03,-3.006874e+03,3.423047e-03,2.159149e-03,4.686945e-03,1011
5.209161e+03,4.030550e+03,-3.005031e+03,5.598094e-03,4.317086e-03,6.879103e-03,1012
5.209176e+03,4.030587e+03,-3.015753e+03,5.747025e-03,4.464750e-03,7.029300e-03,1013
4.759958e+03,2.749743e+03,-2.924702e+03,3.404246e-03,2.140763e-03,4.667729e-03,1014
4.759956e+03,2.749792e+03,-2.937082e+03,3.216983e-03,1.955243e-03,4.478723e-03,1015
4.551008e+03,2.833712e+03,-2.931557e+03,3.936761e-03,2.668617e-03,5.204906e-03,1016
4.551003e+03,2.833732e+03,-2.943189e+03,3.647196e-03,2.381291e-03,4.913100e-03,1017
5.110315e+03,4.200000e+03,-3.013041e+03,9.657703e-03,8.330352e-03,1.098505e-02,1018
5.110322e+03,4.200000e+03,-3.003220e+03,9.134402e-03,7.814702e-03,1.045410e-02,1019
4.910292e+03,4.200000e+03,-3.002438e+03,1.019372e-02,8.857829e-03,1.152961e-02,1020
5.007284e+03,4.019299e+03,-3.005219e+03,5.968243e-03,4.684022e-03,7.252464e-03,1021
4.373221e+03,2.936419e+03,-2.950395e+03,8.058311e-03,6.752702e-03,9.363920e-03,1022
4.373246e+03,2.936426e+03,-2.939707e+03,8.687234e-03,7.373948e-03,1.000052e-02,1023
4.198695e+03,3.045534e+03,-2.957345e+03,7.753865e-03,6.451732e-03,9.055998e-03,1024
4.198728e+03,3.045555e+03,-2.947210e+03,7.535653e-03,6.235936e-03,8.835369e-03,1025
3.996230e+03,3.156528e+03,-2.956043e+03,1.985865e-02,1.734958e-02,2.236773e-02,1026
3.800000e+03,3.277015e+03,-2.965164e+03,3.159056e-02,2.660109e-02,3.658004e-02,1027
3.994984e+03,3.383972e+03,-2.971463e+03,1.262580e-02,1.122931e-02,1.402230e-02,1028
3.800000e+03,3.507769e+03,-2.982137e+03,1.697433e-02,1.515674e-02,1.879193e-02,1029
4.704454e+03,4.200000e+03,-3.002771e+03,1.395403e-02,1.247616e-02,1.543190e-02,1030
4.806866e+03,4.022082e+03,-3.003837e+03,6.620425e-03,5.330124e-03,7.910727e-03,1031
4.486285e+03,4.200000e+03,-3.003678e+03,1.660270e-02,1.484528e-02,1.836012e-02,1032
4.596664e+03,4.014484e+03,-3.003999e+03,1.013873e-02,8.804609e-03,1.147285e-02,1033
4.005029e+03,3.599402e+03,-2.978715e+03,7.304981e-03,6.007731e-03,8.602230e-03,1034
3.800000e+03,3.738438e+03,-2.990465e+03,1.686517e-02,1.506122e-02,1.866911e-02,1035
3.800000e+03,3.969200e+03,-3.005168e+03,1.628770e-02,1.455973e-02,1.801566e-02,1036
4.017201e+03,3.839902e+03,-2.996272e+03,6.734631e-03,5.443210e-03,8.026053e-03,1037
4.258799e+03,4.200000e+03,-3.004028e+03,2.205367e-02,1.900109e-02,2.510625e-02,1038
4.376287e+03,4.004835e+03,-3.002944e+03,6.210825e-03,4.924381e-03,7.497268e-03,1039
3.975720e+03,4.050691e+03,-2.998229e+03,8.658958e-03,7.345938e-03,9.971978e-03,1040
4.029400e+03,4.200000e+03,-3.004725e+03,2.965408e-02,2.510232e-02,3.420584e-02,1041
4.145696e+03,4.034006e+03,-3.001316e+03,8.948222e-03,7.631450e-03,1.026499e-02,1042
3.800000e+03,4.200000e+03,-3.005670e+03,4.173635e-02,3.520046e-02,4.827223e-02,1043
6.450066e+03,1.362127e+03,-2.904963e+03,5.134034e-03,3.856803e-03,6.411264e-03,1044
6.569240e+03,1.200000e+03,-2.903745e+03,3.883624e-03,2.615869e-03,5.151380e-03,1045
6.636249e+03,1.345715e+03,-2.901782e+03,5.595395e-03,4.314416e-03,6.876373e-03,1046
6.800000e+03,1.200000e+03,-2.898603e+03,5.994147e-03,4.709715e-03,7.278579e-03,1047
6.586699e+03,1.546925e+03,-2.916711e+03,4.794611e-03,3.520018e-03,6.069205e-03,1048
6.800000e+03,1.430852e+03,-2.913155e+03,4.391174e-03,3.119613e-03,5.662735e-03,1049
6.800000e+03,1.661718e+03,-2.927481e+03,4.531776e-03,3.259162e-03,5.804390e-03,1050
6.597691e+03,1.794954e+03,-2.930646e+03,5.659904e-03,4.378373e-03,6.941435e-03,1051
6.597994e+03,2.022032e+03,-2.943920e+03,6.960688e-03,5.667002e-03,8.254373e-03,1052
6.800000e+03,1.892594e+03,-2.941208e+03,6.828175e-03,5.535793e-03,8.120557e-03,1053
6.800000e+03,2.123483e+03,-2.953525e+03,7.685634e-03,6.384178e-03,8.987091e-03,1054
6.597578e+03,2.239536e+03,-2.955427e+03,6.483685e-03,5.194701e-03,7.772670e-03,1055
6.800000e+03,2.354368e+03,-2.963528e+03,7.800817e-03,6.498055e-03,9.103579e-03,1056
6.603960e+03,2.471291e+03,-2.965463e+03,6.704007e-03,5.412880e-03,7.995133e-03,1057
6.606572e+03,2.700922e+03,-2.972304e+03,6.332822e-03,5.045280e-03,7.620363e-03,1058
6.606522e+03,2.700998e+03,-2.985010e+03,6.630353e-03,5.339948e-03,7.920758e-03,1059
6.800000e+03,2.585259e+03,-2.972706e+03,7.617445e-03,6.316729e-03,8.918161e-03,1060
6.800000e+03,2.585299e+03,-2.985682e+03,8.408000e-03,7.098009e-03,9.717992e-03,1061
4.932478e+03,2.603658e+03,-2.930978e+03,5.299908e-03,4.021480e-03,6.578337e-03,1062
4.932470e+03,2.603630e+03,-2.917954e+03,5.202951e-03,3.925331e-03,6.480571e-03,1063
4.846046e+03,2.897635e+03,-2.924747e+03,1.575644e-03,3.687450e-04,2.782543e-03,1064
4.950990e+03,2.789026e+03,-2.920166e+03,6.365720e-03,5.078075e-03,7.653366e-03,1065
4.846032e+03,2.897661e+03,-2.936314e+03,2.250617e-03,1.008105e-03,3.493129e-03,1066
4.950989e+03,2.789077e+03,-2.932482e+03,5.541129e-03,4.260769e-03,6.821488e-03,1067
5.530736e+03,1.399911e+03,-2.891100e+03,4.634074e-03,3.360690e-03,5.907459e-03,1068
5.646082e+03,1.200000e+03,-2.890230e+03,9.783198e-03,8.454686e-03,1.111171e-02,1069
4.967512e+03,2.364154e+03,-2.912640e+03,6.624663e-03,5.334447e-03,7.914880e-03,1070
4.967514e+03,2.364180e+03,-2.925924e+03,6.433167e-03,5.144791e-03,7.721543e-03,1071
5.420087e+03,1.592409e+03,-2.892053e+03,5.071349e-03,3.794650e-03,6.348049e-03,1072
5.420096e+03,1.592471e+03,-2.907150e+03,4.104506e-03,2.835036e-03,5.373976e-03,1073
5.303069e+03,1.792520e+03,-2.895079e+03,4.615928e-03,3.342672e-03,5.889183e-03,1074
5.303077e+03,1.792589e+03,-2.909924e+03,3.943750e-03,2.675510e-03,5.211989e-03,1075
5.194772e+03,1.989935e+03,-2.914421e+03,4.461574e-03,3.189479e-03,5.733669e-03,1076
5.194772e+03,1.989876e+03,-2.900207e+03,5.237862e-03,3.959876e-03,6.515847e-03,1077
5.093751e+03,2.183547e+03,-2.905649e+03,5.240996e-03,3.962998e-03,6.518993e-03,1078
5.093750e+03,2.183576e+03,-2.919271e+03,4.813504e-03,3.538803e-03,6.088205e-03,1079
5.761430e+03,1.405151e+03,-2.902553e+03,9.390541e-03,8.067789e-03,1.071329e-02,1080
5.876881e+03,1.200000e+03,-2.901110e+03,6.290463e-03,5.003310e-03,7.577615e-03,1081
5.992206e+03,1.405155e+03,-2.898321e+03,5.718286e-03,4.436279e-03,7.000293e-03,1082
6.107661e+03,1.200000e+03,-2.896710e+03,5.527942e-03,4.247518e-03,6.808366e-03,1083
6.232792e+03,1.380284e+03,-2.893895e+03,4.811782e-03,3.537055e-03,6.086508e-03,1084
6.338446e+03,1.200000e+03,-2.892610e+03,4.873166e-03,3.597980e-03,6.148352e-03,1085
6.424942e+03,2.813304e+03,-2.982870e+03,6.008854e-03,4.724292e-03,7.293415e-03,1086
6.424990e+03,2.813254e+03,-2.970645e+03,5.904729e-03,4.621099e-03,7.188358e-03,1087
5.946335e+03,3.114273e+03,-2.968551e+03,3.727490e-03,2.461170e-03,4.993810e-03,1088
5.946253e+03,3.114251e+03,-2.979296e+03,3.192424e-03,1.931105e-03,4.453743e-03,1089
5.898958e+03,3.332910e+03,-2.981072e+03,2.417719e-03,1.170493e-03,3.664944e-03,1090
5.894139e+03,3.232125e+03,-2.979779e+03,2.422738e-03,1.174823e-03,3.670652e-03,1091
5.899011e+03,3.332860e+03,-2.970110e+03,2.664067e-03,1.410752e-03,3.917382e-03,1092
5.894212e+03,3.232089e+03,-2.969116e+03,2.772372e-03,1.517113e-03,4.027631e-03,1093
6.088208e+03,3.057077e+03,-2.977430e+03,4.066801e-03,2.797711e-03,5.335892e-03,1094
6.088262e+03,3.057090e+03,-2.966440e+03,4.443219e-03,3.171331e-03,5.715107e-03,1095
6.244963e+03,2.942695e+03,-2.979959e+03,5.118518e-03,3.841460e-03,6.395576e-03,1096
6.245013e+03,2.942677e+03,-2.968350e+03,4.873716e-03,3.598553e-03,6.148880e-03,1097
5.611936e+03,3.302182e+03,-2.960857e+03,6.253363e-03,4.967783e-03,7.538942e-03,1098
5.826868e+03,3.418125e+03,-2.986632e+03,2.174655e-03,9.352638e-04,3.414046e-03,1099
5.826901e+03,3.418083e+03,-2.975423e+03,2.050590e-03,8.145882e-04,3.286592e-03,1100
5.490000e+03,3.250000e+03,-2.954223e+03,5.188629e-02,4.295618e-02,6.081639e-02,1101
5.534625e+03,3.127782e+03,-2.953175e+03,5.466233e-03,4.187516e-03,6.744950e-03,1102
5.619003e+03,3.193056e+03,-2.949009e+03,8.945566e-03,7.618687e-03,1.027245e-02,1103
5.270763e+03,3.306173e+03,-2.954611e+03,1.858932e-02,1.608581e-02,2.109284e-02,1104
5.390000e+03,3.250000e+03,-2.948011e+03,6.220502e-03,3.001473e-03,9.439531e-03,1105
5.257841e+03,3.195385e+03,-2.953617e+03,2.702853e-02,2.254583e-02,3.151123e-02,1106
5.439409e+03,3.132886e+03,-2.946006e+03,8.842408e-03,7.481655e-03,1.020316e-02,1107
5.329769e+03,3.120793e+03,-2.950649e+03,1.118792e-02,9.791790e-03,1.258405e-02,1108
5.607565e+03,3.405549e+03,-2.963365e+03,4.905418e-03,3.631359e-03,6.179478e-03,1109
5.528637e+03,3.462373e+03,-2.968629e+03,4.294953e-03,3.026623e-03,5.563283e-03,1110
5.756868e+03,3.548060e+03,-2.981651e+03,2.350035e-03,1.105394e-03,3.594675e-03,1111
5.756873e+03,3.548081e+03,-2.993303e+03,2.477908e-03,1.229820e-03,3.725997e-03,1112
5.665540e+03,3.628528e+03,-3.000653e+03,2.285356e-03,1.042443e-03,3.528269e-03,1113
5.665517e+03,3.628527e+03,-2.988771e+03,1.928356e-03,6.946135e-04,3.162098e-03,1114
5.390000e+03,3.350000e+03,-2.950047e+03,2.000116e-02,1.484516e-02,2.515717e-02,1115
5.490000e+03,3.350000e+03,-2.956351e+03,4.344271e-02,3.525818e-02,5.162724e-02,1116
5.441284e+03,3.453901e+03,-2.961296e+03,8.507265e-03,7.169634e-03,9.844896e-03,1117
5.628306e+03,3.752458e+03,-3.003333e+03,2.590311e-03,1.337848e-03,3.842775e-03,1118
5.628267e+03,3.752430e+03,-2.991356e+03,2.359450e-03,1.113388e-03,3.605511e-03,1119
5.508280e+03,3.869160e+03,-2.994165e+03,3.574977e-03,2.309738e-03,4.840217e-03,1120
5.508322e+03,3.869222e+03,-3.005724e+03,3.524044e-03,2.259226e-03,4.788863e-03,1121
4.971373e+03,2.967113e+03,-2.922057e+03,6.274171e-03,4.987427e-03,7.560916e-03,1122
4.971348e+03,2.967131e+03,-2.933314e+03,4.573768e-03,3.301227e-03,5.846309e-03,1123
5.274228e+03,3.406976e+03,-2.957108e+03,7.457232e-03,6.157896e-03,8.756568e-03,1124
5.359230e+03,3.458189e+03,-2.954198e+03,9.928098e-03,8.582500e-03,1.127369e-02,1125
5.420069e+03,4.021576e+03,-2.992798e+03,5.256976e-03,3.978785e-03,6.535166e-03,1126
5.420088e+03,4.021612e+03,-3.003703e+03,5.462895e-03,4.183031e-03,6.742760e-03,1127
5.312330e+03,4.200000e+03,-2.991502e+03,8.823496e-03,7.508092e-03,1.013890e-02,1128
5.312330e+03,4.200000e+03,-3.001543e+03,9.694071e-03,8.366098e-03,1.102204e-02,1129
4.690295e+03,2.938803e+03,-2.930463e+03,6.394481e-03,5.106505e-03,7.682457e-03,1130
4.690278e+03,2.938809e+03,-2.941514e+03,5.052024e-03,3.775558e-03,6.328489e-03,1131
4.841983e+03,3.032662e+03,-2.928192e+03,1.164277e-02,1.027381e-02,1.301173e-02,1132
4.841954e+03,3.032656e+03,-2.938778e+03,8.884888e-03,7.568805e-03,1.020097e-02,1133
4.567111e+03,3.030239e+03,-2.946983e+03,6.126805e-03,4.841474e-03,7.412137e-03,1134
4.567139e+03,3.030259e+03,-2.936781e+03,4.565176e-03,3.292643e-03,5.837708e-03,1135
5.110329e+03,4.200000e+03,-2.993400e+03,8.462009e-03,7.151239e-03,9.772780e-03,1136
5.209147e+03,4.030513e+03,-2.994310e+03,5.390986e-03,4.111704e-03,6.670269e-03,1137
4.910319e+03,4.200000e+03,-2.993138e+03,1.012032e-02,8.786011e-03,1.145462e-02,1138
5.007284e+03,4.019267e+03,-2.994774e+03,5.798055e-03,4.515346e-03,7.080764e-03,1139
4.399605e+03,3.172031e+03,-2.954742e+03,2.517995e-02,2.153852e-02,2.882138e-02,1140
4.399681e+03,3.172078e+03,-2.945683e+03,2.671224e-02,2.236999e-02,3.105450e-02,1141
4.198689e+03,3.268562e+03,-2.962491e+03,2.120219e-02,1.839971e-02,2.400467e-02,1142
4.198730e+03,3.268460e+03,-2.953514e+03,2.607739e-02,2.225082e-02,2.990396e-02,1143
3.995011e+03,3.383889e+03,-2.962241e+03,1.311871e-02,1.170033e-02,1.453710e-02,1144
3.800000e+03,3.507725e+03,-2.972374e+03,2.517244e-02,2.153207e-02,2.881281e-02,1145
4.704499e+03,4.200000e+03,-2.993954e+03,1.467113e-02,1.314428e-02,1.619798e-02,1146
4.806880e+03,4.022065e+03,-2.993851e+03,6.615962e-03,5.325709e-03,7.906215e-03,1147
4.486333e+03,4.200000e+03,-2.995037e+03,1.912037e-02,1.680383e-02,2.143692e-02,1148
4.596688e+03,4.014480e+03,-2.994412e+03,1.158592e-02,1.022291e-02,1.294892e-02,1149
4.005037e+03,3.599385e+03,-2.968778e+03,7.349937e-03,6.052202e-03,8.647673e-03,1150
3.800000e+03,3.738425e+03,-2.979945e+03,2.284189e-02,1.959823e-02,2.608554e-02,1151
4.017177e+03,3.839910e+03,-2.985828e+03,6.959994e-03,5.666305e-03,8.253682e-03,1152
3.800000e+03,3.969195e+03,-2.994925e+03,2.289792e-02,1.965217e-02,2.614367e-02,1153
4.258839e+03,4.200000e+03,-2.995389e+03,2.824618e-02,2.397698e-02,3.251537e-02,1154
4.376299e+03,4.004824e+03,-2.993253e+03,5.687862e-03,4.406077e-03,6.969646e-03,1155
3.975718e+03,4.050682e+03,-2.988634e+03,7.421406e-03,6.122851e-03,8.719962e-03,1156
4.029427e+03,4.200000e+03,-2.995955e+03,3.830868e-02,3.222494e-02,4.439242e-02,1157
4.145703e+03,4.033999e+03,-2.991762e+03,9.037432e-03,7.719490e-03,1.035537e-02,1158
3.800000e+03,4.200000e+03,-2.996478e+03,5.596397e-02,4.751491e-02,6.441304e-02,1159
6.450120e+03,1.362007e+03,-2.890099e+03,5.114079e-03,3.837010e-03,6.391147e-03,1160
6.569238e+03,1.200000e+03,-2.888826e+03,3.218547e-03,1.956469e-03,4.480625e-03,1161
6.636309e+03,1.345586e+03,-2.886896e+03,6.423274e-03,5.134890e-03,7.711658e-03,1162
6.800000e+03,1.200000e+03,-2.883660e+03,6.329044e-03,5.041549e-03,7.616538e-03,1163
6.586753e+03,1.546803e+03,-2.901964e+03,4.703237e-03,3.429323e-03,5.977152e-03,1164
6.800000e+03,1.430843e+03,-2.898347e+03,3.616900e-03,2.351291e-03,4.882509e-03,1165
6.800000e+03,1.661701e+03,-2.912920e+03,3.696944e-03,2.430689e-03,4.963200e-03,1166
6.597745e+03,1.794837e+03,-2.916351e+03,5.509116e-03,4.228844e-03,6.789388e-03,1167
6.598049e+03,2.021921e+03,-2.930098e+03,6.983566e-03,5.689657e-03,8.277475e-03,1168
6.800000e+03,1.892570e+03,-2.927089e+03,6.205854e-03,4.919454e-03,7.492254e-03,1169
6.800000e+03,2.123452e+03,-2.939817e+03,7.399816e-03,6.101502e-03,8.698130e-03,1170
6.597631e+03,2.239432e+03,-2.941966e+03,6.313307e-03,5.025941e-03,7.600673e-03,1171
6.800000e+03,2.354332e+03,-2.950170e+03,7.021492e-03,5.727146e-03,8.315839e-03,1172
6.604011e+03,2.471195e+03,-2.952355e+03,6.576647e-03,5.286768e-03,7.866527e-03,1173
6.800000e+03,2.585220e+03,-2.959730e+03,7.185826e-03,5.889777e-03,8.481874e-03,1174
6.606621e+03,2.700846e+03,-2.959598e+03,6.203782e-03,4.917437e-03,7.490127e-03,1175
6.618001e+03,2.925811e+03,-2.960220e+03,6.544833e-03,5.255267e-03,7.834399e-03,1176
6.617947e+03,2.925847e+03,-2.972183e+03,6.922427e-03,5.629126e-03,8.215728e-03,1177
6.800000e+03,2.815891e+03,-2.961890e+03,8.173171e-03,6.866037e-03,9.480305e-03,1178
6.800000e+03,2.815919e+03,-2.974364e+03,8.911419e-03,7.594933e-03,1.022790e-02,1179
5.122015e+03,2.527368e+03,-2.923100e+03,2.944105e-03,1.685608e-03,4.202603e-03,1180
5.122005e+03,2.527340e+03,-2.909745e+03,3.063991e-03,1.804076e-03,4.323906e-03,1181
5.092235e+03,2.706302e+03,-2.913355e+03,1.865300e-03,6.341649e-04,3.096436e-03,1182
5.092249e+03,2.706377e+03,-2.926335e+03,1.598027e-03,3.906061e-04,2.805448e-03,1183
5.097937e+03,2.982120e+03,-2.927716e+03,2.238615e-03,9.983064e-04,3.478923e-03,1184
5.079194e+03,2.868813e+03,-2.927864e+03,2.907019e-03,1.650224e-03,4.163814e-03,1185
5.097961e+03,2.982099e+03,-2.916345e+03,1.888619e-03,6.672094e-04,3.110029e-03,1186
5.079203e+03,2.868771e+03,-2.915861e+03,4.266295e-03,2.996321e-03,5.536268e-03,1187
5.761459e+03,1.405066e+03,-2.887886e+03,1.021539e-02,8.880100e-03,1.155068e-02,1188
5.876874e+03,1.200000e+03,-2.886374e+03,5.682302e-03,4.400600e-03,6.964004e-03,1189
5.992245e+03,1.405059e+03,-2.883594e+03,5.482638e-03,4.202611e-03,6.762664e-03,1190
6.107654e+03,1.200000e+03,-2.881859e+03,5.392380e-03,4.113088e-03,6.671671e-03,1191
6.232839e+03,1.380175e+03,-2.879075e+03,4.542328e-03,3.269625e-03,5.815032e-03,1192
6.338441e+03,1.200000e+03,-2.877697e+03,4.722701e-03,3.448644e-03,5.996758e-03,1193
5.656672e+03,1.597936e+03,-2.903562e+03,5.632206e-03,4.350931e-03,6.913481e-03,1194
5.656683e+03,1.597859e+03,-2.888808e+03,5.155833e-03,3.878444e-03,6.433222e-03,1195
5.187257e+03,2.354155e+03,-2.918517e+03,3.005716e-03,1.746307e-03,4.265126e-03,1196
5.187253e+03,2.354124e+03,-2.904876e+03,2.755080e-03,1.499245e-03,4.010916e-03,1197
5.281377e+03,2.488779e+03,-2.917021e+03,1.884386e-03,6.527607e-04,3.116012e-03,1198
5.281369e+03,2.488743e+03,-2.903445e+03,1.791677e-03,5.627113e-04,3.020643e-03,1199
5.529965e+03,1.794627e+03,-2.891675e+03,4.625472e-03,3.352150e-03,5.898794e-03,1200
5.529963e+03,1.794701e+03,-2.906220e+03,4.769715e-03,3.495335e-03,6.044095e-03,1201
5.416111e+03,1.993835e+03,-2.908993e+03,3.999398e-03,2.730741e-03,5.268056e-03,1202
5.416106e+03,1.993768e+03,-2.894724e+03,4.431913e-03,3.160037e-03,5.703790e-03,1203
5.296142e+03,2.187072e+03,-2.899083e+03,3.452285e-03,2.188027e-03,4.716543e-03,1204
5.296147e+03,2.187112e+03,-2.913013e+03,3.498499e-03,2.233834e-03,4.763164e-03,1205
6.432904e+03,3.039783e+03,-2.970179e+03,5.841194e-03,4.558110e-03,7.124277e-03,1206
6.432960e+03,3.039776e+03,-2.958788e+03,6.042118e-03,4.757269e-03,7.326967e-03,1207
5.959979e+03,3.420199e+03,-2.979865e+03,2.978575e-03,1.719752e-03,4.237398e-03,1208
5.960021e+03,3.420152e+03,-2.968729e+03,2.951765e-03,1.693427e-03,4.210103e-03,1209
6.054172e+03,3.275552e+03,-2.962672e+03,3.778560e-03,2.511739e-03,5.045381e-03,1210
6.054104e+03,3.275612e+03,-2.973379e+03,3.424920e-03,2.161051e-03,4.688790e-03,1211
6.247767e+03,3.157777e+03,-2.958225e+03,5.303301e-03,4.024785e-03,6.581816e-03,1212
6.247720e+03,3.157819e+03,-2.969041e+03,4.790294e-03,3.515771e-03,6.064817e-03,1213
5.611981e+03,3.302131e+03,-2.949937e+03,1.201660e-02,1.055961e-02,1.347359e-02,1214
5.929225e+03,3.539581e+03,-2.983690e+03,3.140018e-03,1.879318e-03,4.400718e-03,1215
5.929236e+03,3.539551e+03,-2.972178e+03,3.128411e-03,1.867828e-03,4.388994e-03,1216
5.534674e+03,3.127769e+03,-2.942199e+03,8.799394e-03,7.476312e-03,1.012248e-02,1217
5.490000e+03,3.250000e+03,-2.943544e+03,8.988915e-03,6.434167e-03,1.154366e-02,1218
5.619057e+03,3.193043e+03,-2.938181e+03,1.435908e-02,1.274626e-02,1.597190e-02,1219
5.270804e+03,3.306116e+03,-2.943952e+03,2.964468e-02,2.476747e-02,3.452188e-02,1220
5.390000e+03,3.250000e+03,-2.937441e+03,1.415955e-02,1.118969e-02,1.712941e-02,1221
5.257890e+03,3.195372e+03,-2.943117e+03,3.648712e-02,3.042206e-02,4.255219e-02,1222
5.329812e+03,3.120785e+03,-2.939781e+03,1.728017e-02,1.506766e-02,1.949268e-02,1223
5.439455e+03,3.132871e+03,-2.935084e+03,1.418443e-02,1.251780e-02,1.585106e-02,1224
5.607590e+03,3.405511e+03,-2.952135e+03,1.080124e-02,9.425376e-03,1.217711e-02,1225
5.528646e+03,3.462346e+03,-2.957232e+03,8.825666e-03,7.502298e-03,1.014903e-02,1226
5.794940e+03,3.711007e+03,-2.981857e+03,2.560611e-03,1.308546e-03,3.812676e-03,1227
5.794975e+03,3.711051e+03,-2.993780e+03,2.827141e-03,1.570429e-03,4.083852e-03,1228
5.390000e+03,3.350000e+03,-2.939107e+03,8.110768e-03,6.138041e-03,1.008349e-02,1229
5.490000e+03,3.350000e+03,-2.945353e+03,2.379152e-02,1.868008e-02,2.890295e-02,1230
5.441295e+03,3.453873e+03,-2.949997e+03,1.672156e-02,1.464422e-02,1.879891e-02,1231
5.705058e+03,3.890230e+03,-2.981017e+03,3.902773e-03,2.634904e-03,5.170642e-03,1232
5.705089e+03,3.890280e+03,-2.992481e+03,4.030514e-03,2.761666e-03,5.299362e-03,1233
5.621263e+03,4.030403e+03,-2.990770e+03,5.561799e-03,4.281111e-03,6.842488e-03,1234
5.621248e+03,4.030374e+03,-2.979858e+03,5.277579e-03,3.999224e-03,6.555935e-03,1235
5.171799e+03,3.043579e+03,-2.924805e+03,2.789371e-03,1.536693e-03,4.042049e-03,1236
5.055460e+03,3.072167e+03,-2.930398e+03,5.050217e-03,3.774118e-03,6.326316e-03,1237
5.171831e+03,3.043566e+03,-2.913696e+03,2.566414e-03,1.319912e-03,3.812916e-03,1238
5.055499e+03,3.072167e+03,-2.919639e+03,5.579210e-03,4.298811e-03,6.859609e-03,1239
4.960820e+03,3.099981e+03,-2.924614e+03,1.032584e-02,8.984907e-03,1.166677e-02,1240
4.960786e+03,3.099968e+03,-2.935023e+03,8.512000e-03,7.200591e-03,9.823409e-03,1241
4.870836e+03,3.152782e+03,-2.929033e+03,1.469693e-02,1.316207e-02,1.623179e-02,1242
4.870800e+03,3.152782e+03,-2.938979e+03,1.211773e-02,1.073567e-02,1.349979e-02,1243
5.274252e+03,3.406936e+03,-2.946123e+03,1.278385e-02,1.130390e-02,1.426380e-02,1244
5.359243e+03,3.458161e+03,-2.942982e+03,1.718787e-02,1.509243e-02,1.928332e-02,1245
5.520537e+03,4.200000e+03,-2.988756e+03,9.443520e-03,8.119415e-03,1.076763e-02,1246
5.520536e+03,4.200000e+03,-2.978585e+03,8.507781e-03,7.196506e-03,9.819056e-03,1247
5.312331e+03,4.200000e+03,-2.981461e+03,8.165311e-03,6.858233e-03,9.472388e-03,1248
5.420050e+03,4.021539e+03,-2.981893e+03,5.020739e-03,3.744430e-03,6.297048e-03,1249
4.724441e+03,3.151581e+03,-2.944162e+03,1.475113e-02,1.321591e-02,1.628635e-02,1250
4.724480e+03,3.151600e+03,-2.934512e+03,1.403561e-02,1.227954e-02,1.579167e-02,1251
4.581622e+03,3.199977e+03,-2.949539e+03,1.672617e-02,1.435097e-02,1.910137e-02,1252
4.581628e+03,3.200035e+03,-2.940488e+03,1.362654e-02,1.199197e-02,1.526111e-02,1253
5.110336e+03,4.200000e+03,-2.983580e+03,7.661991e-03,6.360774e-03,8.963208e-03,1254
5.209132e+03,4.030476e+03,-2.983588e+03,5.201892e-03,3.924134e-03,6.479650e-03,1255
4.518057e+03,3.311782e+03,-2.945990e+03,2.435408e-02,2.087331e-02,2.783484e-02,1256
4.518015e+03,3.311913e+03,-2.955093e+03,1.693014e-02,1.510795e-02,1.875232e-02,1257
4.910347e+03,4.200000e+03,-2.983838e+03,9.912333e-03,8.581591e-03,1.124308e-02,1258
5.007284e+03,4.019235e+03,-2.984329e+03,5.574624e-03,4.293832e-03,6.855417e-03,1259
4.372321e+03,3.379209e+03,-2.952243e+03,1.158565e-02,1.022379e-02,1.294752e-02,1260
4.372279e+03,3.379313e+03,-2.961503e+03,1.076481e-02,9.420022e-03,1.210960e-02,1261
4.189941e+03,3.494954e+03,-2.960469e+03,7.680009e-03,6.378715e-03,8.981303e-03,1262
4.189918e+03,3.495010e+03,-2.970109e+03,7.197087e-03,5.900977e-03,8.493196e-03,1263
4.704544e+03,4.200000e+03,-2.985137e+03,1.577238e-02,1.411345e-02,1.743131e-02,1264
4.806893e+03,4.022048e+03,-2.983864e+03,6.721337e-03,5.430067e-03,8.012607e-03,1265
4.173203e+03,3.668368e+03,-2.966272e+03,5.225189e-03,3.947238e-03,6.503141e-03,1266
4.173200e+03,3.668374e+03,-2.976529e+03,5.198109e-03,3.920367e-03,6.475851e-03,1267
4.486380e+03,4.200000e+03,-2.986395e+03,2.321278e-02,1.993469e-02,2.649087e-02,1268
4.596713e+03,4.014475e+03,-2.984825e+03,1.345977e-02,1.202068e-02,1.489886e-02,1269
4.017153e+03,3.839917e+03,-2.975384e+03,7.773523e-03,6.471118e-03,9.075927e-03,1270
3.800000e+03,3.969191e+03,-2.984682e+03,2.982305e-02,2.498428e-02,3.466181e-02,1271
4.258880e+03,4.200000e+03,-2.986751e+03,3.390589e-02,2.848815e-02,3.932363e-02,1272
4.376312e+03,4.004813e+03,-2.983561e+03,5.457230e-03,4.177387e-03,6.737074e-03,1273
3.975716e+03,4.050673e+03,-2.979039e+03,6.493911e-03,5.204954e-03,7.782869e-03,1274
4.029455e+03,4.200000e+03,-2.987185e+03,5.166792e-02,4.363862e-02,5.969723e-02,1275
4.145711e+03,4.033992e+03,-2.982208e+03,8.894247e-03,7.577992e-03,1.021050e-02,1276
3.800000e+03,4.200000e+03,-2.987287e+03,6.728672e-02,5.774947e-02,7.682397e-02,1277
6.450173e+03,1.361888e+03,-2.875235e+03,5.495909e-03,4.215776e-03,6.776042e-03,1278
6.569235e+03,1.200000e+03,-2.873907e+03,2.327702e-03,1.080548e-03,3.574856e-03,1279
6.636370e+03,1.345457e+03,-2.872009e+03,8.926181e-03,7.609797e-03,1.024257e-02,1280
6.800000e+03,1.200000e+03,-2.868717e+03,7.561391e-03,6.261403e-03,8.861378e-03,1281
6.586807e+03,1.546681e+03,-2.887216e+03,4.754779e-03,3.480481e-03,6.029077e-03,1282
6.800000e+03,1.430835e+03,-2.883540e+03,2.895791e-03,1.637601e-03,4.153980e-03,1283
6.800000e+03,1.661685e+03,-2.898359e+03,2.989209e-03,1.729885e-03,4.248533e-03,1284
6.597799e+03,1.794720e+03,-2.902055e+03,5.536798e-03,4.256307e-03,6.817289e-03,1285
6.598104e+03,2.021810e+03,-2.916276e+03,7.099188e-03,5.804097e-03,8.394279e-03,1286
6.800000e+03,1.892546e+03,-2.912970e+03,5.481316e-03,4.201262e-03,6.761369e-03,1287
6.800000e+03,2.123421e+03,-2.926109e+03,7.171184e-03,5.875311e-03,8.467056e-03,1288
6.597684e+03,2.239328e+03,-2.928504e+03,6.229911e-03,4.943322e-03,7.516499e-03,1289
6.800000e+03,2.354297e+03,-2.936813e+03,6.168631e-03,4.882572e-03,7.454690e-03,1290
6.604062e+03,2.471098e+03,-2.939248e+03,6.443432e-03,5.154852e-03,7.732013e-03,1291
6.800000e+03,2.585180e+03,-2.946754e+03,6.942174e-03,5.648647e-03,8.235700e-03,1292
6.606671e+03,2.700771e+03,-2.946891e+03,6.149493e-03,4.863650e-03,7.435335e-03,1293
6.800000e+03,2.815863e+03,-2.949416e+03,7.342059e-03,6.044336e-03,8.639781e-03,1294
6.618056e+03,2.925775e+03,-2.948257e+03,6.255468e-03,4.968634e-03,7.542302e-03,1295
6.613727e+03,3.158336e+03,-2.948680e+03,7.263653e-03,5.966822e-03,8.560484e-03,1296
6.613665e+03,3.158380e+03,-2.959876e+03,6.812789e-03,5.520573e-03,8.105004e-03,1297
6.800000e+03,3.046435e+03,-2.949297e+03,8.932841e-03,7.616071e-03,1.024961e-02,1298
6.800000e+03,3.046441e+03,-2.961072e+03,9.164126e-03,7.844093e-03,1.048416e-02,1299
5.241628e+03,2.648058e+03,-2.920324e+03,2.470655e-03,1.220763e-03,3.720548e-03,1300
5.241616e+03,2.648016e+03,-2.907027e+03,2.810130e-03,1.554234e-03,4.066026e-03,1301
5.192815e+03,2.931306e+03,-2.911796e+03,3.960292e-03,2.693465e-03,5.227119e-03,1302
5.192799e+03,2.931340e+03,-2.923569e+03,3.035299e-03,1.778159e-03,4.292440e-03,1303
5.216548e+03,2.799714e+03,-2.921645e+03,1.947780e-03,7.136000e-04,3.181960e-03,1304
5.216546e+03,2.799652e+03,-2.909050e+03,1.889044e-03,6.561563e-04,3.121932e-03,1305
5.892313e+03,1.590146e+03,-2.885024e+03,6.234881e-03,4.948279e-03,7.521483e-03,1306
5.892283e+03,1.590236e+03,-2.899635e+03,6.494558e-03,5.205504e-03,7.783612e-03,1307
6.340503e+03,1.562144e+03,-2.876739e+03,3.611822e-03,2.346178e-03,4.877465e-03,1308
6.340458e+03,1.562254e+03,-2.891470e+03,4.034541e-03,2.765618e-03,5.303464e-03,1309
6.118948e+03,1.582249e+03,-2.895474e+03,4.966445e-03,3.690548e-03,6.242343e-03,1310
6.118985e+03,1.582149e+03,-2.880802e+03,4.757653e-03,3.483348e-03,6.031958e-03,1311
5.762848e+03,1.795223e+03,-2.888350e+03,8.026001e-03,6.720779e-03,9.331224e-03,1312
5.762825e+03,1.795305e+03,-2.902563e+03,7.633113e-03,6.332343e-03,8.933884e-03,1313
5.381523e+03,2.601822e+03,-2.915050e+03,1.344391e-03,1.663311e-04,2.522450e-03,1314
5.381509e+03,2.601768e+03,-2.901544e+03,1.447765e-03,2.607711e-04,2.634759e-03,1315
5.363264e+03,2.353512e+03,-2.899117e+03,2.040167e-03,8.024237e-04,3.277910e-03,1316
5.363272e+03,2.353555e+03,-2.912909e+03,1.987766e-03,7.513443e-04,3.224187e-03,1317
5.409096e+03,2.482210e+03,-2.912900e+03,1.777312e-03,5.486628e-04,3.005961e-03,1318
5.409085e+03,2.482167e+03,-2.899229e+03,2.069447e-03,8.308509e-04,3.308043e-03,1319
5.634857e+03,2.004879e+03,-2.891407e+03,5.088419e-03,3.811606e-03,6.365231e-03,1320
5.634845e+03,2.004951e+03,-2.905356e+03,5.225484e-03,3.947590e-03,6.503377e-03,1321
5.517657e+03,2.202486e+03,-2.894514e+03,6.280963e-03,4.994023e-03,7.567904e-03,1322
5.517656e+03,2.202540e+03,-2.908307e+03,4.879317e-03,3.604138e-03,6.154495e-03,1323
6.427769e+03,3.272843e+03,-2.963249e+03,5.608458e-03,4.327380e-03,6.889535e-03,1324
6.427814e+03,3.272791e+03,-2.952108e+03,5.894139e-03,4.610604e-03,7.177675e-03,1325
6.098225e+03,3.491888e+03,-2.962950e+03,3.978412e-03,2.710007e-03,5.246817e-03,1326
6.098193e+03,3.491927e+03,-2.974234e+03,3.899046e-03,2.631213e-03,5.166880e-03,1327
6.258064e+03,3.382313e+03,-2.957019e+03,4.449867e-03,3.177869e-03,5.721865e-03,1328
6.258024e+03,3.382360e+03,-2.968206e+03,4.575864e-03,3.302931e-03,5.848798e-03,1329
5.612025e+03,3.302081e+03,-2.939018e+03,2.405578e-02,2.030975e-02,2.780181e-02,1330
6.010378e+03,3.681288e+03,-2.981396e+03,3.556506e-03,2.291413e-03,4.821598e-03,1331
6.010358e+03,3.681254e+03,-2.969591e+03,3.148756e-03,1.887679e-03,4.409833e-03,1332
5.490000e+03,3.250000e+03,-2.932866e+03,2.278383e-03,3.357393e-04,4.221027e-03,1333
5.534723e+03,3.127756e+03,-2.931222e+03,1.397463e-02,1.237102e-02,1.557825e-02,1334
5.619111e+03,3.193029e+03,-2.927354e+03,1.977218e-02,1.706657e-02,2.247780e-02,1335
5.275069e+03,3.029756e+03,-2.908968e+03,3.314140e-03,2.054923e-03,4.573358e-03,1336
5.275039e+03,3.029774e+03,-2.920274e+03,3.370620e-03,2.110605e-03,4.630635e-03,1337
5.168823e+03,3.148008e+03,-2.925868e+03,1.191592e-02,1.052224e-02,1.330959e-02,1338
5.168871e+03,3.147991e+03,-2.915340e+03,1.267285e-02,1.115967e-02,1.418602e-02,1339
5.239112e+03,3.109909e+03,-2.922222e+03,7.073651e-03,5.778868e-03,8.368435e-03,1340
5.239156e+03,3.109908e+03,-2.911419e+03,7.792055e-03,6.488964e-03,9.095147e-03,1341
5.270844e+03,3.306058e+03,-2.933294e+03,3.528045e-02,2.956518e-02,4.099572e-02,1342
5.390000e+03,3.250000e+03,-2.926872e+03,5.224156e-03,2.626295e-03,7.822018e-03,1343
5.257939e+03,3.195360e+03,-2.932617e+03,5.027208e-02,4.245180e-02,5.809236e-02,1344
5.329855e+03,3.120778e+03,-2.928913e+03,2.350912e-02,1.996389e-02,2.705436e-02,1345
5.439500e+03,3.132856e+03,-2.924163e+03,2.427994e-02,2.043355e-02,2.812632e-02,1346
5.607614e+03,3.405472e+03,-2.940905e+03,1.729143e-02,1.507564e-02,1.950723e-02,1347
5.528655e+03,3.462319e+03,-2.945834e+03,1.708427e-02,1.499525e-02,1.917329e-02,1348
5.912687e+03,3.859009e+03,-2.969371e+03,4.056455e-03,2.787414e-03,5.325497e-03,1349
5.912709e+03,3.859052e+03,-2.980839e+03,4.244927e-03,2.974447e-03,5.515407e-03,1350
5.390000e+03,3.350000e+03,-2.928166e+03,1.902029e-03,2.997595e-04,3.504299e-03,1351
5.490000e+03,3.350000e+03,-2.934355e+03,2.082767e-02,1.657824e-02,2.507709e-02,1352
5.441307e+03,3.453845e+03,-2.938697e+03,2.978465e-02,2.501918e-02,3.455012e-02,1353
5.809475e+03,4.036490e+03,-2.978513e+03,5.781752e-03,4.499185e-03,7.064318e-03,1354
5.809468e+03,4.036471e+03,-2.967636e+03,5.477346e-03,4.197361e-03,6.757330e-03,1355
5.721780e+03,4.200000e+03,-2.975819e+03,9.569563e-03,8.243610e-03,1.089552e-02,1356
5.721783e+03,4.200000e+03,-2.965614e+03,8.659121e-03,7.345917e-03,9.972325e-03,1357
4.937508e+03,3.198872e+03,-2.937003e+03,1.382857e-02,1.235020e-02,1.530694e-02,1358
4.937567e+03,3.198890e+03,-2.927129e+03,1.651439e-02,1.472131e-02,1.830748e-02,1359
5.053525e+03,3.192379e+03,-2.921670e+03,1.645612e-02,1.465933e-02,1.825290e-02,1360
5.053461e+03,3.192372e+03,-2.931821e+03,1.420197e-02,1.267310e-02,1.573084e-02,1361
4.843385e+03,3.262604e+03,-2.941798e+03,1.299844e-02,1.157284e-02,1.442404e-02,1362
4.843407e+03,3.262484e+03,-2.932171e+03,1.413133e-02,1.263104e-02,1.563162e-02,1363
5.167365e+03,3.240672e+03,-2.926914e+03,2.010291e-02,1.715858e-02,2.304724e-02,1364
5.167412e+03,3.240610e+03,-2.916675e+03,2.712072e-02,2.225079e-02,3.199066e-02,1365
5.274275e+03,3.406896e+03,-2.935139e+03,1.844436e-02,1.608766e-02,2.080106e-02,1366
5.359255e+03,3.458132e+03,-2.931765e+03,2.662939e-02,2.249615e-02,3.076262e-02,1367
5.520534e+03,4.200000e+03,-2.968415e+03,7.835217e-03,6.532045e-03,9.138390e-03,1368
5.621234e+03,4.030345e+03,-2.968946e+03,4.977859e-03,3.701876e-03,6.253842e-03,1369
5.312331e+03,4.200000e+03,-2.971420e+03,7.521144e-03,6.221477e-03,8.820812e-03,1370
5.420031e+03,4.021502e+03,-2.970988e+03,4.779483e-03,3.505026e-03,6.053941e-03,1371
4.681073e+03,3.337554e+03,-2.940700e+03,2.190018e-02,1.892143e-02,2.487894e-02,1372
4.681033e+03,3.337660e+03,-2.950224e+03,1.490523e-02,1.336601e-02,1.644446e-02,1373
5.110343e+03,4.200000e+03,-2.973760e+03,7.168842e-03,5.872952e-03,8.464731e-03,1374
5.209117e+03,4.030439e+03,-2.972866e+03,5.061509e-03,3.784864e-03,6.338153e-03,1375
4.540665e+03,3.470491e+03,-2.959533e+03,1.207997e-02,1.070400e-02,1.345593e-02,1376
4.540697e+03,3.470412e+03,-2.949775e+03,1.639179e-02,1.464044e-02,1.814314e-02,1377
4.910374e+03,4.200000e+03,-2.974539e+03,9.823279e-03,8.494040e-03,1.115252e-02,1378
5.007284e+03,4.019203e+03,-2.973885e+03,5.446793e-03,4.167056e-03,6.726529e-03,1379
4.374420e+03,3.623341e+03,-2.959292e+03,2.181067e-03,9.390054e-04,3.423128e-03,1380
4.374408e+03,3.623368e+03,-2.969505e+03,3.382581e-03,2.118991e-03,4.646170e-03,1381
4.704589e+03,4.200000e+03,-2.976320e+03,1.744071e-02,1.545465e-02,1.942678e-02,1382
4.806907e+03,4.022032e+03,-2.973878e+03,7.046774e-03,5.752236e-03,8.341311e-03,1383
4.268426e+03,3.839143e+03,-2.977550e+03,8.066896e-03,6.761134e-03,9.372658e-03,1384
4.268417e+03,3.839120e+03,-2.967102e+03,9.945368e-03,8.614414e-03,1.127632e-02,1385
4.486428e+03,4.200000e+03,-2.977754e+03,2.566710e-02,2.176927e-02,2.956494e-02,1386
4.596738e+03,4.014471e+03,-2.975237e+03,1.526052e-02,1.368111e-02,1.683994e-02,1387
4.145719e+03,4.033985e+03,-2.972654e+03,8.921606e-03,7.605032e-03,1.023818e-02,1388
4.258920e+03,4.200000e+03,-2.978112e+03,5.171202e-02,4.363233e-02,5.979170e-02,1389
4.376325e+03,4.004802e+03,-2.973869e+03,5.886999e-03,4.603483e-03,7.170516e-03,1390
4.029482e+03,4.200000e+03,-2.978415e+03,5.964760e-02,5.071505e-02,6.858015e-02,1391
6.586860e+03,1.546559e+03,-2.872468e+03,5.101782e-03,3.824811e-03,6.378754e-03,1392
6.800000e+03,1.430826e+03,-2.868733e+03,2.243085e-03,9.981332e-04,3.488037e-03,1393
6.800000e+03,1.661668e+03,-2.883798e+03,2.243085e-03,9.981332e-04,3.488037e-03,1394
6.597852e+03,1.794603e+03,-2.887760e+03,5.887937e-03,4.604444e-03,7.171429e-03,1395
6.598158e+03,2.021699e+03,-2.902454e+03,7.341591e-03,6.043966e-03,8.639215e-03,1396
6.800000e+03,1.892521e+03,-2.898850e+03,4.688202e-03,3.414398e-03,5.962006e-03,1397
6.800000e+03,2.123390e+03,-2.912401e+03,6.914748e-03,5.621525e-03,8.207971e-03,1398
6.597737e+03,2.239224e+03,-2.915043e+03,6.257704e-03,4.970869e-03,7.544539e-03,1399
6.800000e+03,2.354261e+03,-2.923455e+03,5.274876e-03,3.996513e-03,6.553239e-03,1400
6.604114e+03,2.471002e+03,-2.926140e+03,6.297715e-03,5.010504e-03,7.584926e-03,1401
6.800000e+03,2.585140e+03,-2.933779e+03,6.890366e-03,5.597376e-03,8.183357e-03,1402
6.606720e+03,2.700695e+03,-2.934185e+03,6.151534e-03,4.865681e-03,7.437386e-03,1403
6.800000e+03,2.815834e+03,-2.936942e+03,6.473787e-03,5.184870e-03,7.762704e-03,1404
6.618110e+03,2.925739e+03,-2.936294e+03,5.988244e-03,4.703862e-03,7.272625e-03,1405
6.800000e+03,3.046428e+03,-2.937522e+03,8.564460e-03,7.252498e-03,9.876421e-03,1406
6.613789e+03,3.158292e+03,-2.937483e+03,7.647545e-03,6.346572e-03,8.948517e-03,1407
6.625648e+03,3.392677e+03,-2.945977e+03,5.875250e-03,4.591853e-03,7.158647e-03,1408
6.625611e+03,3.392725e+03,-2.957620e+03,6.356598e-03,5.068819e-03,7.644377e-03,1409
6.800000e+03,3.277176e+03,-2.953570e+03,9.078046e-03,7.759236e-03,1.039686e-02,1410
6.800000e+03,3.277168e+03,-2.941884e+03,8.660922e-03,7.347707e-03,9.974138e-03,1411
6.423759e+03,1.723302e+03,-2.876065e+03,5.290277e-03,4.011826e-03,6.568729e-03,1412
6.423711e+03,1.723414e+03,-2.890502e+03,4.913588e-03,3.638095e-03,6.189081e-03,1413
5.342462e+03,2.750798e+03,-2.916997e+03,1.710453e-03,4.945075e-04,2.926399e-03,1414
5.342455e+03,2.750720e+03,-2.904033e+03,1.888878e-03,6.559908e-04,3.121766e-03,1415
5.321995e+03,2.912210e+03,-2.918114e+03,1.982084e-03,7.475506e-04,3.216617e-03,1416
5.322007e+03,2.912166e+03,-2.906079e+03,2.004414e-03,7.694981e-04,3.239329e-03,1417
5.477291e+03,2.677433e+03,-2.912354e+03,1.136842e-03,2.819906e-06,2.270864e-03,1418
5.477269e+03,2.677371e+03,-2.899013e+03,7.139863e-04,0.000000e+00,1.697680e-03,1419
6.007935e+03,1.780599e+03,-2.883994e+03,5.417373e-03,4.137902e-03,6.696845e-03,1420
6.007899e+03,1.780692e+03,-2.898210e+03,5.614257e-03,4.333143e-03,6.895372e-03,1421
6.239373e+03,1.758839e+03,-2.893919e+03,5.111040e-03,3.834012e-03,6.388068e-03,1422
6.239415e+03,1.758736e+03,-2.879588e+03,5.148142e-03,3.870828e-03,6.425455e-03,1423
5.868578e+03,1.988400e+03,-2.887684e+03,8.264356e-03,6.956323e-03,9.572388e-03,1424
5.868547e+03,1.988480e+03,-2.901397e+03,7.736165e-03,6.434255e-03,9.038075e-03,1425
5.507095e+03,2.537390e+03,-2.897496e+03,2.851955e-03,1.594991e-03,4.108919e-03,1426
5.507106e+03,2.537436e+03,-2.911007e+03,2.149538e-03,9.085811e-04,3.390496e-03,1427
5.523687e+03,2.396987e+03,-2.895812e+03,3.289983e-03,2.027512e-03,4.552454e-03,1428
5.523692e+03,2.397039e+03,-2.909443e+03,2.876921e-03,1.619372e-03,4.134471e-03,1429
5.729735e+03,2.168701e+03,-2.890777e+03,6.319917e-03,5.032597e-03,7.607237e-03,1430
5.729716e+03,2.168769e+03,-2.904314e+03,6.135843e-03,4.850220e-03,7.421466e-03,1431
5.651202e+03,2.323825e+03,-2.892812e+03,3.622781e-03,2.357154e-03,4.888407e-03,1432
5.651194e+03,2.323882e+03,-2.906341e+03,3.676941e-03,2.410866e-03,4.943016e-03,1433
6.157766e+03,3.694503e+03,-2.961451e+03,3.772521e-03,2.505609e-03,5.039434e-03,1434
6.157769e+03,3.694542e+03,-2.973179e+03,4.204028e-03,2.933865e-03,5.474191e-03,1435
6.454112e+03,3.501822e+03,-2.962459e+03,5.609328e-03,4.328247e-03,6.890410e-03,1436
6.454137e+03,3.501782e+03,-2.950794e+03,5.382760e-03,4.103563e-03,6.661957e-03,1437
6.294344e+03,3.600095e+03,-2.956309e+03,4.534067e-03,3.261432e-03,5.806703e-03,1438
6.294333e+03,3.600127e+03,-2.968038e+03,4.817097e-03,3.542353e-03,6.091841e-03,1439
5.373811e+03,3.028156e+03,-2.904621e+03,4.123372e-03,2.856710e-03,5.390034e-03,1440
5.373783e+03,3.028177e+03,-2.916044e+03,4.008236e-03,2.741522e-03,5.274950e-03,1441
5.612069e+03,3.302031e+03,-2.928098e+03,3.591539e-02,3.012586e-02,4.170491e-02,1442
6.093789e+03,3.843437e+03,-2.969778e+03,4.983561e-03,3.707540e-03,6.259582e-03,1443
6.093786e+03,3.843406e+03,-2.958418e+03,4.938556e-03,3.662888e-03,6.214224e-03,1444
5.490000e+03,3.250000e+03,-2.922187e+03,2.896997e-03,1.414927e-03,4.379066e-03,1445
5.534772e+03,3.127744e+03,-2.920245e+03,1.867154e-02,1.618555e-02,2.115752e-02,1446
5.619165e+03,3.193015e+03,-2.916526e+03,2.640387e-02,2.211213e-02,3.069560e-02,1447
5.270884e+03,3.306001e+03,-2.922636e+03,4.361878e-02,3.669051e-02,5.054705e-02,1448
5.390000e+03,3.250000e+03,-2.916302e+03,2.183033e-03,4.962499e-04,3.869817e-03,1449
5.257987e+03,3.195348e+03,-2.922116e+03,6.265804e-02,5.357067e-02,7.174542e-02,1450
5.329898e+03,3.120770e+03,-2.918046e+03,2.630802e-02,2.217769e-02,3.043836e-02,1451
5.439546e+03,3.132840e+03,-2.913241e+03,3.283850e-02,2.753038e-02,3.814662e-02,1452
5.329941e+03,3.120763e+03,-2.907178e+03,1.847202e-02,1.482904e-02,2.211501e-02,1453
5.258036e+03,3.195335e+03,-2.911616e+03,2.944109e-02,2.264283e-02,3.623934e-02,1454
5.607638e+03,3.405434e+03,-2.929675e+03,2.648236e-02,2.227593e-02,3.068880e-02,1455
5.528664e+03,3.462292e+03,-2.934436e+03,3.004401e-02,2.520087e-02,3.488715e-02,1456
6.014179e+03,4.026467e+03,-2.965496e+03,6.078103e-03,4.792897e-03,7.363310e-03,1457
6.014184e+03,4.026459e+03,-2.954673e+03,5.823902e-03,4.540965e-03,7.106839e-03,1458
5.390000e+03,3.350000e+03,-2.917225e+03,1.085132e-02,8.440771e-03,1.326187e-02,1459
5.490000e+03,3.350000e+03,-2.923357e+03,5.974675e-03,4.679201e-03,7.270148e-03,1460
5.441319e+03,3.453817e+03,-2.927398e+03,4.099408e-02,3.449264e-02,4.749551e-02,1461
5.919997e+03,4.200000e+03,-2.962816e+03,9.175505e-03,7.855326e-03,1.049569e-02,1462
5.920006e+03,4.200000e+03,-2.952617e+03,8.646762e-03,7.333753e-03,9.959771e-03,1463
5.809462e+03,4.036451e+03,-2.956759e+03,5.119549e-03,3.842447e-03,6.396652e-03,1464
5.721786e+03,4.200000e+03,-2.955410e+03,7.537881e-03,6.238027e-03,8.837736e-03,1465
5.270925e+03,3.305943e+03,-2.911977e+03,3.675492e-02,3.067074e-02,4.283909e-02,1466
4.970957e+03,3.294806e+03,-2.927368e+03,1.361676e-02,1.215838e-02,1.507513e-02,1467
4.970922e+03,3.294890e+03,-2.937430e+03,1.173144e-02,1.035787e-02,1.310501e-02,1468
5.082301e+03,3.295902e+03,-2.921749e+03,1.147157e-02,1.009557e-02,1.284757e-02,1469
5.082254e+03,3.295976e+03,-2.932055e+03,9.241748e-03,7.918966e-03,1.056453e-02,1470
4.825691e+03,3.389316e+03,-2.935628e+03,7.486457e-03,6.187293e-03,8.785621e-03,1471
4.825658e+03,3.389392e+03,-2.945681e+03,6.300651e-03,5.013604e-03,7.587698e-03,1472
4.921941e+03,3.367415e+03,-2.930897e+03,8.993941e-03,7.676168e-03,1.031171e-02,1473
4.921907e+03,3.367486e+03,-2.941105e+03,6.622378e-03,5.332283e-03,7.912474e-03,1474
5.168017e+03,3.359694e+03,-2.918060e+03,4.701570e-03,3.429167e-03,5.973973e-03,1475
5.167982e+03,3.359748e+03,-2.928746e+03,5.670549e-03,4.389561e-03,6.951537e-03,1476
5.274299e+03,3.406857e+03,-2.924154e+03,2.602167e-02,2.191790e-02,3.012545e-02,1477
5.359268e+03,3.458103e+03,-2.920548e+03,3.297648e-02,2.766082e-02,3.829214e-02,1478
5.520533e+03,4.200000e+03,-2.958244e+03,7.309527e-03,6.012149e-03,8.606906e-03,1479
5.621219e+03,4.030316e+03,-2.958034e+03,4.668291e-03,3.394656e-03,5.941926e-03,1480
5.312331e+03,4.200000e+03,-2.961379e+03,6.914167e-03,5.620918e-03,8.207416e-03,1481
5.420012e+03,4.021465e+03,-2.960084e+03,4.569440e-03,3.296533e-03,5.842347e-03,1482
4.756776e+03,3.506011e+03,-2.951558e+03,3.196549e-03,1.935252e-03,4.457846e-03,1483
4.756799e+03,3.505962e+03,-2.941211e+03,3.741231e-03,2.474883e-03,5.007579e-03,1484
5.110349e+03,4.200000e+03,-2.963940e+03,6.404580e-03,5.116321e-03,7.692839e-03,1485
5.209102e+03,4.030402e+03,-2.962144e+03,4.945909e-03,3.670173e-03,6.221645e-03,1486
4.599889e+03,3.657072e+03,-2.963261e+03,7.619216e-03,6.318607e-03,8.919826e-03,1487
4.599897e+03,3.657056e+03,-2.952670e+03,6.895398e-03,5.602454e-03,8.188342e-03,1488
4.910401e+03,4.200000e+03,-2.965239e+03,1.005645e-02,8.723602e-03,1.138929e-02,1489
5.007285e+03,4.019170e+03,-2.963440e+03,5.312594e-03,4.033970e-03,6.591217e-03,1490
4.489141e+03,3.820329e+03,-2.970677e+03,1.745275e-02,1.490072e-02,2.000479e-02,1491
4.489141e+03,3.820287e+03,-2.960112e+03,8.869072e-03,7.441431e-03,1.029671e-02,1492
4.704634e+03,4.200000e+03,-2.967503e+03,1.962589e-02,1.693502e-02,2.231676e-02,1493
4.806920e+03,4.022015e+03,-2.963891e+03,7.785545e-03,6.483055e-03,9.088036e-03,1494
4.376338e+03,4.004791e+03,-2.964178e+03,6.799820e-03,5.508021e-03,8.091619e-03,1495
4.486475e+03,4.200000e+03,-2.969113e+03,3.187917e-02,2.639539e-02,3.736296e-02,1496
4.596762e+03,4.014466e+03,-2.965650e+03,1.770201e-02,1.573568e-02,1.966834e-02,1497
4.258961e+03,4.200000e+03,-2.969473e+03,4.993389e-02,4.170632e-02,5.816147e-02,1498
6.597906e+03,1.794485e+03,-2.873464e+03,6.832216e-03,5.539862e-03,8.124571e-03,1499
6.800000e+03,1.661651e+03,-2.869237e+03,1.847101e-03,6.172135e-04,3.076989e-03,1500
6.598213e+03,2.021588e+03,-2.888632e+03,7.814681e-03,6.511861e-03,9.117501e-03,1501
6.800000e+03,1.892497e+03,-2.884731e+03,3.645706e-03,2.379805e-03,4.911608e-03,1502
6.800000e+03,2.123359e+03,-2.898693e+03,6.608814e-03,5.318633e-03,7.898995e-03,1503
6.597791e+03,2.239120e+03,-2.901581e+03,6.462783e-03,5.174030e-03,7.751536e-03,1504
6.800000e+03,2.354226e+03,-2.910097e+03,4.343248e-03,3.072026e-03,5.614470e-03,1505
6.604165e+03,2.470906e+03,-2.913032e+03,6.113058e-03,4.827536e-03,7.398580e-03,1506
6.800000e+03,2.585101e+03,-2.920803e+03,7.068072e-03,5.773277e-03,8.362866e-03,1507
6.606770e+03,2.700619e+03,-2.921479e+03,6.200092e-03,4.913802e-03,7.486382e-03,1508
6.800000e+03,2.815806e+03,-2.924468e+03,5.703958e-03,4.422029e-03,6.985887e-03,1509
6.618164e+03,2.925704e+03,-2.924331e+03,5.790583e-03,4.507943e-03,7.073223e-03,1510
6.800000e+03,3.046422e+03,-2.925747e+03,8.027521e-03,6.722144e-03,9.332899e-03,1511
6.613851e+03,3.158248e+03,-2.926286e+03,8.052759e-03,6.747171e-03,9.358348e-03,1512
6.800000e+03,3.277160e+03,-2.930197e+03,8.061739e-03,6.755928e-03,9.367551e-03,1513
6.625684e+03,3.392630e+03,-2.934333e+03,5.444508e-03,4.164784e-03,6.724231e-03,1514
6.631437e+03,3.619591e+03,-2.944032e+03,5.162512e-03,3.885058e-03,6.439966e-03,1515
6.631430e+03,3.619631e+03,-2.956112e+03,6.015483e-03,4.730861e-03,7.300105e-03,1516
6.800000e+03,3.508068e+03,-2.951090e+03,9.117234e-03,7.797835e-03,1.043663e-02,1517
6.800000e+03,3.508043e+03,-2.938975e+03,8.088859e-03,6.782711e-03,9.395006e-03,1518
6.406495e+03,1.907781e+03,-2.891520e+03,5.456889e-03,4.177081e-03,6.736697e-03,1519
6.406543e+03,1.907675e+03,-2.877480e+03,5.151588e-03,3.874247e-03,6.428929e-03,1520
5.449312e+03,2.834676e+03,-2.913069e+03,1.571890e-03,3.652609e-04,2.778518e-03,1521
5.449316e+03,2.834613e+03,-2.900527e+03,1.461781e-03,2.746777e-04,2.648885e-03,1522
5.436054e+03,2.957831e+03,-2.913475e+03,2.289971e-03,1.049343e-03,3.530599e-03,1523
5.436074e+03,2.957794e+03,-2.901612e+03,3.077002e-03,1.820134e-03,4.333870e-03,1524
5.482933e+03,3.034814e+03,-2.911465e+03,4.412344e-03,3.142519e-03,5.682168e-03,1525
5.482963e+03,3.034792e+03,-2.899990e+03,4.706612e-03,3.434377e-03,5.978847e-03,1526
5.587738e+03,2.626998e+03,-2.909359e+03,2.754687e-03,1.499600e-03,4.009773e-03,1527
5.587732e+03,2.626928e+03,-2.896077e+03,2.472705e-03,1.222802e-03,3.722608e-03,1528
5.596097e+03,2.786146e+03,-2.895696e+03,3.258579e-03,1.997036e-03,4.520121e-03,1529
5.596093e+03,2.786213e+03,-2.908380e+03,2.802972e-03,1.548193e-03,4.057751e-03,1530
6.151860e+03,1.994024e+03,-2.896368e+03,6.293674e-03,5.006537e-03,7.580811e-03,1531
6.151901e+03,1.993931e+03,-2.882597e+03,6.493029e-03,5.204025e-03,7.782034e-03,1532
5.958565e+03,2.200046e+03,-2.886866e+03,6.520222e-03,5.230993e-03,7.809450e-03,1533
5.958530e+03,2.200123e+03,-2.900189e+03,6.361050e-03,5.073329e-03,7.648770e-03,1534
5.664968e+03,2.490043e+03,-2.893738e+03,3.572625e-03,2.307533e-03,4.837717e-03,1535
5.664963e+03,2.490099e+03,-2.907052e+03,3.408091e-03,2.144440e-03,4.671743e-03,1536
5.808695e+03,2.353980e+03,-2.890045e+03,4.794211e-03,3.519699e-03,6.068723e-03,1537
5.808675e+03,2.354047e+03,-2.903303e+03,4.840307e-03,3.565426e-03,6.115188e-03,1538
6.283295e+03,3.803981e+03,-2.951548e+03,5.238648e-03,3.960608e-03,6.516689e-03,1539
6.283295e+03,3.804018e+03,-2.963127e+03,5.373622e-03,4.094497e-03,6.652748e-03,1540
6.469631e+03,3.731420e+03,-2.947462e+03,4.878737e-03,3.603516e-03,6.153959e-03,1541
6.469632e+03,3.731471e+03,-2.959380e+03,5.392396e-03,4.113120e-03,6.671671e-03,1542
5.439591e+03,3.132825e+03,-2.902320e+03,4.064380e-02,3.415730e-02,4.713030e-02,1543
5.534821e+03,3.127731e+03,-2.909268e+03,2.532087e-02,2.121446e-02,2.942727e-02,1544
5.534870e+03,3.127718e+03,-2.898292e+03,2.663946e-02,2.223994e-02,3.103897e-02,1545
5.490000e+03,3.250000e+03,-2.911509e+03,1.542390e-02,1.259125e-02,1.825655e-02,1546
5.619218e+03,3.193001e+03,-2.905699e+03,3.399447e-02,2.839898e-02,3.958997e-02,1547
5.612113e+03,3.301981e+03,-2.917178e+03,5.161350e-02,4.376993e-02,5.945707e-02,1548
6.217313e+03,4.017390e+03,-2.942814e+03,6.305141e-03,5.017851e-03,7.592431e-03,1549
6.217298e+03,4.017387e+03,-2.953585e+03,6.483484e-03,5.194503e-03,7.772464e-03,1550
5.390000e+03,3.250000e+03,-2.905733e+03,3.124603e-02,2.464923e-02,3.784283e-02,1551
5.607662e+03,3.405395e+03,-2.918445e+03,3.020399e-02,2.532130e-02,3.508669e-02,1552
5.528673e+03,3.462266e+03,-2.923039e+03,3.610862e-02,3.033033e-02,4.188691e-02,1553
6.123096e+03,4.200000e+03,-2.938752e+03,9.215131e-03,7.894498e-03,1.053576e-02,1554
6.123074e+03,4.200000e+03,-2.948858e+03,9.417255e-03,8.093546e-03,1.074096e-02,1555
5.390000e+03,3.350000e+03,-2.906285e+03,8.353846e-02,7.267862e-02,9.439830e-02,1556
5.490000e+03,3.350000e+03,-2.912359e+03,2.762197e-03,9.902081e-04,4.534187e-03,1557
5.441331e+03,3.453789e+03,-2.916099e+03,6.005602e-02,5.132926e-02,6.878277e-02,1558
5.920016e+03,4.200000e+03,-2.942418e+03,7.920828e-03,6.616685e-03,9.224970e-03,1559
6.014190e+03,4.026450e+03,-2.943849e+03,5.469044e-03,4.189127e-03,6.748960e-03,1560
5.809455e+03,4.036432e+03,-2.945882e+03,4.826180e-03,3.551352e-03,6.101008e-03,1561
5.721788e+03,4.200000e+03,-2.945205e+03,6.536523e-03,5.246997e-03,7.826049e-03,1562
5.274323e+03,3.406817e+03,-2.913169e+03,3.078730e-02,2.569078e-02,3.588382e-02,1563
5.359281e+03,3.458075e+03,-2.909331e+03,3.762982e-02,3.159204e-02,4.366760e-02,1564
5.044174e+03,3.396020e+03,-2.936121e+03,4.217340e-03,2.948053e-03,5.486627e-03,1565
5.044206e+03,3.395968e+03,-2.925532e+03,4.220620e-03,2.951410e-03,5.489831e-03,1566
4.924821e+03,3.475154e+03,-2.932709e+03,2.129767e-03,8.909916e-04,3.368543e-03,1567
4.924800e+03,3.475196e+03,-2.943328e+03,2.457324e-03,1.209425e-03,3.705223e-03,1568
5.169655e+03,3.478368e+03,-2.919896e+03,7.794059e-03,6.491156e-03,9.096962e-03,1569
5.169643e+03,3.478395e+03,-2.930987e+03,5.310690e-03,4.032664e-03,6.588715e-03,1570
5.520531e+03,4.200000e+03,-2.948074e+03,6.855586e-03,5.562916e-03,8.148257e-03,1571
5.621204e+03,4.030286e+03,-2.947122e+03,4.390361e-03,3.118787e-03,5.661936e-03,1572
4.914153e+03,3.596626e+03,-2.946863e+03,3.397975e-03,2.134655e-03,4.661294e-03,1573
4.914158e+03,3.596613e+03,-2.935854e+03,3.605990e-03,2.340793e-03,4.871187e-03,1574
5.312331e+03,4.200000e+03,-2.951338e+03,6.242112e-03,4.955360e-03,7.528864e-03,1575
5.419993e+03,4.021428e+03,-2.949179e+03,4.382533e-03,3.111017e-03,5.654049e-03,1576
4.814960e+03,3.687261e+03,-2.953769e+03,5.417323e-03,4.137930e-03,6.696715e-03,1577
4.814955e+03,3.687257e+03,-2.942662e+03,5.985989e-03,4.701723e-03,7.270255e-03,1578
5.110356e+03,4.200000e+03,-2.954120e+03,5.877910e-03,4.594458e-03,7.161362e-03,1579
5.209087e+03,4.030365e+03,-2.951423e+03,4.865325e-03,3.590217e-03,6.140434e-03,1580
4.709713e+03,3.844427e+03,-2.960054e+03,4.207459e-03,2.937298e-03,5.477619e-03,1581
4.709706e+03,3.844376e+03,-2.949288e+03,3.505875e-03,2.242399e-03,4.769351e-03,1582
4.910429e+03,4.200000e+03,-2.955939e+03,1.097534e-02,9.625697e-03,1.232498e-02,1583
5.007285e+03,4.019138e+03,-2.952995e+03,5.279438e-03,4.001083e-03,6.557792e-03,1584
4.596787e+03,4.014462e+03,-2.956063e+03,2.331529e-02,1.960225e-02,2.702833e-02,1585
4.704679e+03,4.200000e+03,-2.958686e+03,2.255298e-02,1.876550e-02,2.634045e-02,1586
4.806934e+03,4.021998e+03,-2.953905e+03,9.507856e-03,8.183456e-03,1.083226e-02,1587
4.486523e+03,4.200000e+03,-2.960471e+03,3.614730e-02,2.981461e-02,4.248000e-02,1588
6.598268e+03,2.021477e+03,-2.874810e+03,8.755523e-03,7.441372e-03,1.006967e-02,1589
6.800000e+03,1.892473e+03,-2.870612e+03,2.609066e-03,1.355451e-03,3.862681e-03,1590
6.800000e+03,2.123328e+03,-2.884985e+03,6.197981e-03,4.911688e-03,7.484274e-03,1591
6.597844e+03,2.239017e+03,-2.888120e+03,7.002125e-03,5.708056e-03,8.296195e-03,1592
6.800000e+03,2.354190e+03,-2.896739e+03,3.405774e-03,2.141913e-03,4.669635e-03,1593
6.604217e+03,2.470810e+03,-2.899925e+03,6.147624e-03,4.861795e-03,7.433452e-03,1594
6.800000e+03,2.585061e+03,-2.907827e+03,7.464401e-03,6.165424e-03,8.763379e-03,1595
6.606819e+03,2.700543e+03,-2.908773e+03,6.271782e-03,4.984833e-03,7.558732e-03,1596
6.800000e+03,2.815778e+03,-2.911995e+03,4.920510e-03,3.644953e-03,6.196067e-03,1597
6.618218e+03,2.925668e+03,-2.912369e+03,5.650894e-03,4.369460e-03,6.932328e-03,1598
6.800000e+03,3.046415e+03,-2.913972e+03,7.480061e-03,6.180868e-03,8.779254e-03,1599
6.613913e+03,3.158204e+03,-2.915089e+03,8.494872e-03,7.183980e-03,9.805765e-03,1600
6.800000e+03,3.277153e+03,-2.918510e+03,7.384236e-03,6.086059e-03,8.682412e-03,1601
6.625721e+03,3.392582e+03,-2.922689e+03,5.153820e-03,3.876437e-03,6.431204e-03,1602
6.800000e+03,3.508018e+03,-2.926861e+03,6.938416e-03,5.644901e-03,8.231932e-03,1603
6.631445e+03,3.619551e+03,-2.931952e+03,4.556714e-03,3.283896e-03,5.829532e-03,1604
6.639561e+03,3.832106e+03,-2.935555e+03,5.869494e-03,4.586153e-03,7.152835e-03,1605
6.639562e+03,3.832148e+03,-2.947367e+03,6.580596e-03,5.290672e-03,7.870519e-03,1606
6.800000e+03,3.738882e+03,-2.946318e+03,8.757060e-03,7.442594e-03,1.007153e-02,1607
6.800000e+03,3.738850e+03,-2.934063e+03,7.194425e-03,5.898257e-03,8.490593e-03,1608
6.384725e+03,2.128745e+03,-2.892424e+03,7.521318e-03,6.221776e-03,8.820860e-03,1609
6.384773e+03,2.128647e+03,-2.878842e+03,8.074154e-03,6.768366e-03,9.379941e-03,1610
5.558261e+03,2.936962e+03,-2.897129e+03,3.859018e-03,2.593096e-03,5.124939e-03,1611
5.558238e+03,2.937001e+03,-2.909070e+03,3.338426e-03,2.077267e-03,4.599584e-03,1612
5.571238e+03,3.052628e+03,-2.907913e+03,5.141663e-03,3.865256e-03,6.418070e-03,1613
5.571278e+03,3.052611e+03,-2.896547e+03,6.562912e-03,5.273540e-03,7.852284e-03,1614
5.619967e+03,3.106982e+03,-2.894908e+03,1.402602e-02,1.246745e-02,1.558458e-02,1615
5.619915e+03,3.106984e+03,-2.905949e+03,1.181832e-02,1.042425e-02,1.321239e-02,1616
5.675612e+03,2.894043e+03,-2.905537e+03,5.343385e-03,4.064793e-03,6.621977e-03,1617
5.675639e+03,2.894001e+03,-2.893506e+03,8.120923e-03,6.814024e-03,9.427822e-03,1618
5.716253e+03,2.656525e+03,-2.893058e+03,5.211291e-03,3.933665e-03,6.488918e-03,1619
5.716248e+03,2.656590e+03,-2.906076e+03,4.059662e-03,2.790850e-03,5.328475e-03,1620
5.753797e+03,2.789310e+03,-2.891028e+03,1.447908e-03,2.609139e-04,2.634902e-03,1621
5.753778e+03,2.789369e+03,-2.903504e+03,1.848720e-03,6.178816e-04,3.079559e-03,1622
6.198759e+03,2.254687e+03,-2.882341e+03,5.587525e-03,4.306657e-03,6.868394e-03,1623
6.198717e+03,2.254773e+03,-2.895667e+03,5.423787e-03,4.144277e-03,6.703298e-03,1624
6.012172e+03,2.400711e+03,-2.886149e+03,5.764624e-03,4.482297e-03,7.046951e-03,1625
6.012137e+03,2.400786e+03,-2.899227e+03,5.470626e-03,4.190761e-03,6.750490e-03,1626
5.865303e+03,2.527032e+03,-2.889580e+03,5.306198e-03,4.027740e-03,6.584655e-03,1627
5.865279e+03,2.527098e+03,-2.902553e+03,5.025641e-03,3.749378e-03,6.301904e-03,1628
6.452312e+03,3.992721e+03,-2.945645e+03,6.489231e-03,5.200196e-03,7.778266e-03,1629
6.452319e+03,3.992711e+03,-2.934511e+03,6.251047e-03,4.964254e-03,7.537839e-03,1630
5.490000e+03,3.250000e+03,-2.900830e+03,4.589169e-02,3.819874e-02,5.358464e-02,1631
5.619272e+03,3.192987e+03,-2.894871e+03,3.556719e-02,2.970752e-02,4.142686e-02,1632
5.612158e+03,3.301931e+03,-2.906259e+03,6.322923e-02,5.416790e-02,7.229056e-02,1633
6.341463e+03,4.200000e+03,-2.927798e+03,9.229939e-03,7.909111e-03,1.055077e-02,1634
6.341441e+03,4.200000e+03,-2.938067e+03,9.336546e-03,8.014070e-03,1.065902e-02,1635
5.607687e+03,3.405356e+03,-2.907215e+03,3.807781e-02,3.196627e-02,4.418935e-02,1636
5.528682e+03,3.462239e+03,-2.911641e+03,4.643554e-02,3.917523e-02,5.369585e-02,1637
6.123118e+03,4.200000e+03,-2.928647e+03,8.602435e-03,7.290029e-03,9.914841e-03,1638
6.217328e+03,4.017392e+03,-2.932043e+03,6.007402e-03,4.722856e-03,7.291949e-03,1639
5.490000e+03,3.350000e+03,-2.901361e+03,6.001767e-02,5.004423e-02,6.999110e-02,1640
5.441343e+03,3.453761e+03,-2.904799e+03,7.353601e-02,6.352505e-02,8.354697e-02,1641
5.920025e+03,4.200000e+03,-2.932218e+03,7.357416e-03,6.059545e-03,8.655288e-03,1642
6.014195e+03,4.026442e+03,-2.933026e+03,5.206261e-03,3.928472e-03,6.484051e-03,1643
5.809448e+03,4.036412e+03,-2.935005e+03,4.560293e-03,3.287452e-03,5.833134e-03,1644
5.721791e+03,4.200000e+03,-2.935001e+03,5.732174e-03,4.450009e-03,7.014339e-03,1645
5.391502e+03,3.551063e+03,-2.908218e+03,6.137438e-03,4.852172e-03,7.422705e-03,1646
5.391514e+03,3.551071e+03,-2.919802e+03,5.515912e-03,4.236233e-03,6.795592e-03,1647
5.292440e+03,3.523815e+03,-2.924834e+03,4.177022e-03,2.908762e-03,5.445282e-03,1648
5.292438e+03,3.523800e+03,-2.913437e+03,3.820174e-03,2.554905e-03,5.085442e-03,1649
5.064816e+03,3.569962e+03,-2.938573e+03,2.018847e-03,7.833428e-04,3.254352e-03,1650
5.064811e+03,3.569954e+03,-2.927306e+03,1.949962e-03,7.157686e-04,3.184156e-03,1651
5.204787e+03,3.591009e+03,-2.919274e+03,2.767194e-03,1.513243e-03,4.021145e-03,1652
5.204806e+03,3.591006e+03,-2.930814e+03,2.338730e-03,1.096450e-03,3.581010e-03,1653
5.520530e+03,4.200000e+03,-2.937904e+03,6.566564e-03,5.276755e-03,7.856374e-03,1654
5.621189e+03,4.030257e+03,-2.936210e+03,4.112051e-03,2.842552e-03,5.381550e-03,1655
4.982119e+03,3.724393e+03,-2.945763e+03,4.330451e-03,3.059513e-03,5.601389e-03,1656
4.982094e+03,3.724411e+03,-2.934210e+03,5.790741e-03,4.508254e-03,7.073229e-03,1657
5.312331e+03,4.200000e+03,-2.941297e+03,5.662285e-03,4.380710e-03,6.943860e-03,1658
5.419974e+03,4.021392e+03,-2.938274e+03,4.177762e-03,2.907779e-03,5.447745e-03,1659
4.911693e+03,3.845611e+03,-2.949166e+03,2.781895e-03,1.525370e-03,4.038421e-03,1660
4.911676e+03,3.845547e+03,-2.938019e+03,2.455653e-03,1.205135e-03,3.706171e-03,1661
5.110363e+03,4.200000e+03,-2.944300e+03,5.469751e-03,4.189818e-03,6.749683e-03,1662
5.209072e+03,4.030328e+03,-2.940701e+03,4.901721e-03,3.626331e-03,6.177111e-03,1663
4.806947e+03,4.021981e+03,-2.943918e+03,1.279921e-02,1.139750e-02,1.420092e-02,1664
4.910456e+03,4.200000e+03,-2.946639e+03,1.164724e-02,1.024280e-02,1.305168e-02,1665
5.007285e+03,4.019106e+03,-2.942550e+03,5.551252e-03,4.270664e-03,6.831840e-03,1666
4.704724e+03,4.200000e+03,-2.949869e+03,2.197877e-02,1.806869e-02,2.588884e-02,1667
6.597897e+03,2.238913e+03,-2.874659e+03,8.202196e-03,6.894876e-03,9.509517e-03,1668
6.800000e+03,2.123297e+03,-2.871277e+03,5.620574e-03,4.339390e-03,6.901758e-03,1669
6.800000e+03,2.354155e+03,-2.883382e+03,2.671251e-03,1.416618e-03,3.925883e-03,1670
6.604268e+03,2.470714e+03,-2.886817e+03,6.582289e-03,5.292400e-03,7.872178e-03,1671
6.800000e+03,2.585021e+03,-2.894851e+03,8.268442e-03,6.960253e-03,9.576630e-03,1672
6.606869e+03,2.700467e+03,-2.896067e+03,6.370723e-03,5.082863e-03,7.658583e-03,1673
6.800000e+03,2.815749e+03,-2.899521e+03,4.177952e-03,2.907950e-03,5.447954e-03,1674
6.618272e+03,2.925632e+03,-2.900406e+03,5.602633e-03,4.321613e-03,6.883652e-03,1675
6.800000e+03,3.046409e+03,-2.902197e+03,6.838922e-03,5.546442e-03,8.131402e-03,1676
6.613975e+03,3.158160e+03,-2.903892e+03,9.109086e-03,7.790257e-03,1.042792e-02,1677
6.800000e+03,3.277145e+03,-2.906824e+03,6.622623e-03,5.332271e-03,7.912974e-03,1678
6.625757e+03,3.392534e+03,-2.911045e+03,4.962587e-03,3.686717e-03,6.238458e-03,1679
6.800000e+03,3.507993e+03,-2.914746e+03,5.795453e-03,4.512729e-03,7.078178e-03,1680
6.631453e+03,3.619512e+03,-2.919871e+03,4.059061e-03,2.789943e-03,5.328179e-03,1681
6.800000e+03,3.738817e+03,-2.921807e+03,5.988620e-03,4.704177e-03,7.273063e-03,1682
6.639560e+03,3.832065e+03,-2.923744e+03,5.196526e-03,3.918809e-03,6.474244e-03,1683
6.654899e+03,4.034033e+03,-2.935399e+03,7.165050e-03,5.869235e-03,8.460864e-03,1684
6.654903e+03,4.034022e+03,-2.924147e+03,5.968521e-03,4.684295e-03,7.252746e-03,1685
6.800000e+03,3.969427e+03,-2.933426e+03,9.422829e-03,8.099046e-03,1.074661e-02,1686
6.800000e+03,3.969412e+03,-2.921771e+03,8.439897e-03,7.129481e-03,9.750313e-03,1687
6.403485e+03,2.362620e+03,-2.878161e+03,5.633704e-03,4.352440e-03,6.914969e-03,1688
6.403439e+03,2.362712e+03,-2.891392e+03,5.289007e-03,4.010584e-03,6.567430e-03,1689
5.671353e+03,3.014747e+03,-2.904194e+03,2.937689e-03,1.682361e-03,4.193016e-03,1690
5.671394e+03,3.014727e+03,-2.892693e+03,2.266304e-03,1.025829e-03,3.506779e-03,1691
5.703488e+03,3.128820e+03,-2.891748e+03,1.696658e-02,1.511500e-02,1.881817e-02,1692
5.703427e+03,3.128832e+03,-2.902629e+03,1.285576e-02,1.141630e-02,1.429522e-02,1693
5.779368e+03,2.929219e+03,-2.890113e+03,1.075023e-02,9.400142e-03,1.210032e-02,1694
5.779327e+03,2.929247e+03,-2.901857e+03,6.662138e-03,5.371702e-03,7.952575e-03,1695
5.891106e+03,2.704658e+03,-2.888751e+03,4.566718e-03,3.294024e-03,5.839411e-03,1696
5.891079e+03,2.704722e+03,-2.901342e+03,4.105235e-03,2.835983e-03,5.374487e-03,1697
5.866417e+03,2.843108e+03,-2.899835e+03,4.701140e-03,3.427511e-03,5.974769e-03,1698
5.866454e+03,2.843067e+03,-2.887795e+03,6.016124e-03,4.731732e-03,7.300515e-03,1699
6.221393e+03,2.491989e+03,-2.894911e+03,6.008514e-03,4.724024e-03,7.293005e-03,1700
6.221433e+03,2.491908e+03,-2.881926e+03,7.003893e-03,5.709859e-03,8.297926e-03,1701
6.044065e+03,2.617677e+03,-2.885566e+03,6.677974e-03,5.387269e-03,7.968678e-03,1702
6.044032e+03,2.617748e+03,-2.898321e+03,5.782656e-03,4.500190e-03,7.065122e-03,1703
6.570569e+03,4.200000e+03,-2.929414e+03,9.194502e-03,7.874070e-03,1.051493e-02,1704
6.570582e+03,4.200000e+03,-2.918756e+03,9.414716e-03,8.091244e-03,1.073819e-02,1705
5.709266e+03,3.238980e+03,-2.891100e+03,1.508567e-02,1.346774e-02,1.670360e-02,1706
5.709206e+03,3.239022e+03,-2.901847e+03,1.331173e-02,1.184623e-02,1.477722e-02,1707
5.612202e+03,3.301881e+03,-2.895339e+03,8.574062e-02,7.472832e-02,9.675291e-02,1708
6.341485e+03,4.200000e+03,-2.917528e+03,8.616623e-03,7.304051e-03,9.929195e-03,1709
6.452326e+03,3.992700e+03,-2.923378e+03,5.949248e-03,4.665210e-03,7.233287e-03,1710
5.607711e+03,3.405318e+03,-2.895985e+03,4.067216e-02,3.417346e-02,4.717086e-02,1711
5.528692e+03,3.462212e+03,-2.900243e+03,5.787447e-02,4.932272e-02,6.642623e-02,1712
6.123141e+03,4.200000e+03,-2.918541e+03,7.826180e-03,6.523150e-03,9.129210e-03,1713
6.217343e+03,4.017395e+03,-2.921272e+03,5.705294e-03,4.423398e-03,6.987190e-03,1714
5.499014e+03,3.546109e+03,-2.913884e+03,5.898011e-03,4.615088e-03,7.180935e-03,1715
5.499005e+03,3.546095e+03,-2.902282e+03,6.260481e-03,4.974088e-03,7.546875e-03,1716
5.920035e+03,4.200000e+03,-2.922019e+03,6.954215e-03,5.660574e-03,8.247856e-03,1717
6.014201e+03,4.026434e+03,-2.922203e+03,5.018850e-03,3.742552e-03,6.295147e-03,1718
5.448209e+03,3.636936e+03,-2.905793e+03,2.785295e-03,1.531394e-03,4.039197e-03,1719
5.448234e+03,3.636921e+03,-2.917700e+03,2.281314e-03,1.040004e-03,3.522624e-03,1720
5.809441e+03,4.036393e+03,-2.924128e+03,4.332454e-03,3.061293e-03,5.603616e-03,1721
5.721794e+03,4.200000e+03,-2.924796e+03,4.914834e-03,3.639320e-03,6.190347e-03,1722
5.304137e+03,3.671230e+03,-2.926549e+03,2.277408e-03,1.034590e-03,3.520227e-03,1723
5.304096e+03,3.671221e+03,-2.914658e+03,2.130870e-03,8.922675e-04,3.369472e-03,1724
5.157663e+03,3.711693e+03,-2.935639e+03,4.250175e-03,2.980043e-03,5.520307e-03,1725
5.157622e+03,3.711681e+03,-2.923859e+03,5.932782e-03,4.649155e-03,7.216409e-03,1726
5.520528e+03,4.200000e+03,-2.927733e+03,6.427538e-03,5.139070e-03,7.716006e-03,1727
5.621175e+03,4.030228e+03,-2.925298e+03,3.864286e-03,2.596662e-03,5.131911e-03,1728
5.100251e+03,3.862904e+03,-2.927451e+03,3.354470e-03,2.091274e-03,4.617667e-03,1729
5.100283e+03,3.862973e+03,-2.938833e+03,3.387510e-03,2.123880e-03,4.651139e-03,1730
5.312331e+03,4.200000e+03,-2.931256e+03,5.031179e-03,3.754757e-03,6.307601e-03,1731
5.419955e+03,4.021355e+03,-2.927369e+03,4.073907e-03,2.804714e-03,5.343100e-03,1732
5.007285e+03,4.019074e+03,-2.932105e+03,6.493851e-03,5.204823e-03,7.782880e-03,1733
5.110370e+03,4.200000e+03,-2.934480e+03,5.217741e-03,3.939892e-03,6.495590e-03,1734
5.209057e+03,4.030291e+03,-2.929979e+03,5.089192e-03,3.812362e-03,6.366022e-03,1735
4.910483e+03,4.200000e+03,-2.937339e+03,1.424527e-02,1.202097e-02,1.646958e-02,1736
6.604319e+03,2.470618e+03,-2.873709e+03,7.910492e-03,6.606585e-03,9.214398e-03,1737
6.800000e+03,2.354119e+03,-2.870024e+03,2.000818e-03,7.654538e-04,3.236182e-03,1738
6.800000e+03,2.584982e+03,-2.881876e+03,9.620320e-03,8.294078e-03,1.094656e-02,1739
6.606918e+03,2.700392e+03,-2.883361e+03,6.776241e-03,5.484477e-03,8.068004e-03,1740
6.800000e+03,2.815721e+03,-2.887047e+03,3.511772e-03,2.246982e-03,4.776562e-03,1741
6.618327e+03,2.925597e+03,-2.888443e+03,5.688372e-03,4.406624e-03,6.970121e-03,1742
6.800000e+03,3.046402e+03,-2.890423e+03,6.162020e-03,4.876038e-03,7.448002e-03,1743
6.614037e+03,3.158116e+03,-2.892695e+03,9.993322e-03,8.661619e-03,1.132503e-02,1744
6.800000e+03,3.277137e+03,-2.895137e+03,5.836706e-03,4.553626e-03,7.119785e-03,1745
6.625793e+03,3.392487e+03,-2.899401e+03,4.859738e-03,3.584659e-03,6.134817e-03,1746
6.800000e+03,3.507969e+03,-2.902631e+03,4.634563e-03,3.361187e-03,5.907938e-03,1747
6.631460e+03,3.619472e+03,-2.907791e+03,3.708889e-03,2.442457e-03,4.975321e-03,1748
6.800000e+03,3.738785e+03,-2.909551e+03,4.949311e-03,3.673540e-03,6.225082e-03,1749
6.639560e+03,3.832023e+03,-2.911933e+03,4.628480e-03,3.355133e-03,5.901828e-03,1750
6.654908e+03,4.034010e+03,-2.912895e+03,5.039208e-03,3.762721e-03,6.315696e-03,1751
6.800000e+03,3.969398e+03,-2.910116e+03,7.231656e-03,5.935098e-03,8.528214e-03,1752
6.800000e+03,4.200000e+03,-2.909974e+03,1.125031e-02,9.891773e-03,1.260885e-02,1753
6.800000e+03,4.200000e+03,-2.921087e+03,1.120365e-02,9.844563e-03,1.256273e-02,1754
6.411060e+03,2.588475e+03,-2.877688e+03,8.861946e-03,7.546399e-03,1.017749e-02,1755
6.411015e+03,2.588559e+03,-2.890568e+03,7.939351e-03,6.635140e-03,9.243562e-03,1756
5.810361e+03,3.045945e+03,-2.887880e+03,4.148060e-03,2.879330e-03,5.416790e-03,1757
5.810304e+03,3.045952e+03,-2.899085e+03,4.046815e-03,2.778737e-03,5.314893e-03,1758
5.809165e+03,3.163543e+03,-2.887489e+03,1.232256e-02,1.092068e-02,1.372444e-02,1759
5.809104e+03,3.163576e+03,-2.898257e+03,1.117691e-02,9.814083e-03,1.253973e-02,1760
5.917927e+03,2.963356e+03,-2.885282e+03,5.895990e-03,4.612692e-03,7.179288e-03,1761
5.917868e+03,2.963368e+03,-2.896706e+03,5.480137e-03,4.200360e-03,6.759914e-03,1762
6.033162e+03,2.826176e+03,-2.883412e+03,5.938253e-03,4.654482e-03,7.222024e-03,1763
6.033121e+03,2.826212e+03,-2.895379e+03,5.173633e-03,3.896238e-03,6.451027e-03,1764
6.223882e+03,2.712602e+03,-2.880105e+03,4.003364e-03,2.734755e-03,5.271973e-03,1765
6.223842e+03,2.712667e+03,-2.892650e+03,3.939706e-03,2.671559e-03,5.207854e-03,1766
6.570594e+03,4.200000e+03,-2.908098e+03,8.921870e-03,7.605348e-03,1.023839e-02,1767
5.801130e+03,3.292784e+03,-2.887063e+03,7.815670e-03,6.512470e-03,9.118870e-03,1768
5.801075e+03,3.292838e+03,-2.897943e+03,6.139522e-03,4.854164e-03,7.424881e-03,1769
5.714430e+03,3.348593e+03,-2.901785e+03,5.632334e-03,4.352402e-03,6.912266e-03,1770
5.714469e+03,3.348545e+03,-2.890729e+03,5.653851e-03,4.373043e-03,6.934659e-03,1771
6.341507e+03,4.200000e+03,-2.907259e+03,7.639647e-03,6.338710e-03,8.940584e-03,1772
6.452333e+03,3.992690e+03,-2.912244e+03,5.625238e-03,4.344019e-03,6.906457e-03,1773
5.701854e+03,3.448116e+03,-2.903081e+03,8.975010e-03,7.655950e-03,1.029407e-02,1774
5.701874e+03,3.448082e+03,-2.891753e+03,1.262223e-02,1.119907e-02,1.404539e-02,1775
5.621841e+03,3.534034e+03,-2.907205e+03,2.643743e-03,1.396267e-03,3.891220e-03,1776
5.621837e+03,3.534014e+03,-2.895600e+03,2.338512e-03,1.096691e-03,3.580334e-03,1777
6.123163e+03,4.200000e+03,-2.908436e+03,7.183501e-03,5.887493e-03,8.479509e-03,1778
6.217357e+03,4.017398e+03,-2.910500e+03,5.420889e-03,4.141371e-03,6.700406e-03,1779
5.573342e+03,3.632408e+03,-2.910686e+03,2.638073e-03,1.386930e-03,3.889216e-03,1780
5.573308e+03,3.632424e+03,-2.898768e+03,3.422851e-03,2.160278e-03,4.685424e-03,1781
5.920044e+03,4.200000e+03,-2.911820e+03,6.643026e-03,5.352484e-03,7.933568e-03,1782
6.014206e+03,4.026426e+03,-2.911380e+03,4.841523e-03,3.566578e-03,6.116468e-03,1783
5.518411e+03,3.713859e+03,-2.901982e+03,1.890649e-03,6.577338e-04,3.123565e-03,1784
5.518461e+03,3.713893e+03,-2.913991e+03,2.010817e-03,7.755445e-04,3.246091e-03,1785
5.415863e+03,3.741201e+03,-2.920257e+03,1.640508e-03,4.323838e-04,2.848633e-03,1786
5.415820e+03,3.741190e+03,-2.908288e+03,1.824452e-03,5.940467e-04,3.054858e-03,1787
5.809435e+03,4.036373e+03,-2.913251e+03,4.121499e-03,2.851914e-03,5.391084e-03,1788
5.721797e+03,4.200000e+03,-2.914592e+03,4.115294e-03,2.845805e-03,5.384784e-03,1789
5.309504e+03,3.851615e+03,-2.925911e+03,3.334610e-03,2.071855e-03,4.597366e-03,1790
5.309461e+03,3.851546e+03,-2.914345e+03,4.507864e-03,3.235684e-03,5.780044e-03,1791
5.520527e+03,4.200000e+03,-2.917563e+03,6.406863e-03,5.118598e-03,7.695128e-03,1792
5.621160e+03,4.030198e+03,-2.914385e+03,3.677401e-03,2.411260e-03,4.943542e-03,1793
5.209042e+03,4.030254e+03,-2.919257e+03,5.691922e-03,4.410166e-03,6.973677e-03,1794
5.312331e+03,4.200000e+03,-2.921215e+03,4.437109e-03,3.165219e-03,5.708999e-03,1795
5.419936e+03,4.021318e+03,-2.916464e+03,4.140264e-03,2.870581e-03,5.409946e-03,1796
5.110376e+03,4.200000e+03,-2.924659e+03,5.221001e-03,3.943183e-03,6.498818e-03,1797
6.606968e+03,2.700316e+03,-2.870655e+03,7.796562e-03,6.493964e-03,9.099160e-03,1798
6.800000e+03,2.584942e+03,-2.868900e+03,1.167032e-02,1.030602e-02,1.303463e-02,1799
6.800000e+03,2.815693e+03,-2.874573e+03,3.028427e-03,1.768525e-03,4.288328e-03,1800
6.618381e+03,2.925561e+03,-2.876480e+03,6.040659e-03,4.755848e-03,7.325469e-03,1801
6.800000e+03,3.046396e+03,-2.878648e+03,5.327974e-03,4.049203e-03,6.606745e-03,1802
6.614099e+03,3.158072e+03,-2.881499e+03,1.139347e-02,1.003583e-02,1.275111e-02,1803
6.800000e+03,3.277130e+03,-2.883451e+03,4.956008e-03,3.680153e-03,6.231864e-03,1804
6.625830e+03,3.392439e+03,-2.887757e+03,4.890210e-03,3.614903e-03,6.165516e-03,1805
6.800000e+03,3.507944e+03,-2.890516e+03,3.485006e-03,2.220520e-03,4.749492e-03,1806
6.631468e+03,3.619432e+03,-2.895711e+03,3.478662e-03,2.214138e-03,4.743186e-03,1807
6.800000e+03,3.738753e+03,-2.897296e+03,4.016175e-03,2.747482e-03,5.284868e-03,1808
6.639559e+03,3.831982e+03,-2.900122e+03,4.072942e-03,2.803716e-03,5.342167e-03,1809
6.654913e+03,4.033999e+03,-2.901643e+03,4.448779e-03,3.176779e-03,5.720778e-03,1810
6.800000e+03,3.969383e+03,-2.898461e+03,6.090367e-03,4.805010e-03,7.375724e-03,1811
6.800000e+03,4.200000e+03,-2.898861e+03,1.007802e-02,8.743922e-03,1.141212e-02,1812
6.425326e+03,2.812911e+03,-2.885072e+03,6.408236e-03,5.120057e-03,7.696414e-03,1813
6.425374e+03,2.812862e+03,-2.872848e+03,7.027837e-03,5.733556e-03,8.322118e-03,1814
5.946983e+03,3.114452e+03,-2.882596e+03,9.156311e-03,7.836062e-03,1.047656e-02,1815
5.946902e+03,3.114430e+03,-2.893340e+03,8.549595e-03,7.237749e-03,9.861442e-03,1816
5.894725e+03,3.231843e+03,-2.894479e+03,1.177491e-02,1.039769e-02,1.315213e-02,1817
5.894798e+03,3.231807e+03,-2.883816e+03,1.414963e-02,1.264141e-02,1.565785e-02,1818
5.899383e+03,3.332505e+03,-2.893370e+03,2.447046e-03,1.201173e-03,3.692919e-03,1819
5.899436e+03,3.332455e+03,-2.882407e+03,2.383007e-03,1.140264e-03,3.625750e-03,1820
6.088696e+03,3.057195e+03,-2.878518e+03,8.307542e-03,6.998802e-03,9.616281e-03,1821
6.088642e+03,3.057182e+03,-2.889508e+03,7.564758e-03,6.264780e-03,8.864735e-03,1822
6.245363e+03,2.942548e+03,-2.887086e+03,6.408535e-03,5.120390e-03,7.696679e-03,1823
6.245413e+03,2.942530e+03,-2.875477e+03,9.581188e-03,8.255573e-03,1.090680e-02,1824
6.570607e+03,4.200000e+03,-2.897440e+03,7.942508e-03,6.638149e-03,9.246866e-03,1825
5.827128e+03,3.417787e+03,-2.896957e+03,6.848436e-03,5.556096e-03,8.140777e-03,1826
5.827160e+03,3.417745e+03,-2.885748e+03,6.889072e-03,5.698306e-03,8.079837e-03,1827
6.341530e+03,4.200000e+03,-2.896990e+03,6.689832e-03,5.398826e-03,7.980837e-03,1828
6.452340e+03,3.992680e+03,-2.901110e+03,5.324185e-03,4.045453e-03,6.602916e-03,1829
5.756834e+03,3.547893e+03,-2.888428e+03,4.218436e-04,0.000000e+00,1.248508e-03,1830
5.756838e+03,3.547914e+03,-2.900081e+03,4.424528e-04,0.000000e+00,1.269703e-03,1831
5.665353e+03,3.628524e+03,-2.905592e+03,2.808646e-03,1.554048e-03,4.063244e-03,1832
5.665330e+03,3.628524e+03,-2.893709e+03,4.185107e-03,2.915760e-03,5.454453e-03,1833
6.123185e+03,4.200000e+03,-2.898330e+03,6.645292e-03,5.354728e-03,7.935855e-03,1834
6.217372e+03,4.017401e+03,-2.899729e+03,5.189468e-03,3.911811e-03,6.467125e-03,1835
5.627991e+03,3.752239e+03,-2.907522e+03,1.849219e-03,6.183796e-04,3.080059e-03,1836
5.627951e+03,3.752211e+03,-2.895545e+03,1.844370e-03,6.135679e-04,3.075173e-03,1837
5.920054e+03,4.200000e+03,-2.901620e+03,6.431612e-03,5.143126e-03,7.720099e-03,1838
6.014212e+03,4.026418e+03,-2.900556e+03,4.679073e-03,3.405357e-03,5.952789e-03,1839
5.507947e+03,3.868668e+03,-2.901693e+03,3.594606e-03,2.329380e-03,4.859831e-03,1840
5.507988e+03,3.868730e+03,-2.913252e+03,3.285520e-03,2.023146e-03,4.547894e-03,1841
5.809428e+03,4.036353e+03,-2.902374e+03,3.985226e-03,2.716675e-03,5.253777e-03,1842
5.721799e+03,4.200000e+03,-2.904387e+03,3.398427e-03,2.134636e-03,4.662218e-03,1843
5.419917e+03,4.021281e+03,-2.905560e+03,4.697701e-03,3.423876e-03,5.971526e-03,1844
5.520525e+03,4.200000e+03,-2.907393e+03,6.513399e-03,5.224124e-03,7.802674e-03,1845
5.621145e+03,4.030169e+03,-2.903473e+03,3.545259e-03,2.280194e-03,4.810324e-03,1846
5.312331e+03,4.200000e+03,-2.911174e+03,3.931104e-03,2.663065e-03,5.199143e-03,1847
6.618435e+03,2.925525e+03,-2.864517e+03,7.061585e-03,5.766939e-03,8.356232e-03,1848
6.800000e+03,2.815665e+03,-2.862099e+03,2.792318e-03,1.535714e-03,4.048921e-03,1849
6.800000e+03,3.046389e+03,-2.866873e+03,4.257566e-03,2.986938e-03,5.528194e-03,1850
6.614161e+03,3.158028e+03,-2.870302e+03,1.369397e-02,1.224512e-02,1.514282e-02,1851
6.800000e+03,3.277122e+03,-2.871764e+03,3.815885e-03,2.548640e-03,5.083129e-03,1852
6.625866e+03,3.392392e+03,-2.876114e+03,5.134968e-03,3.857772e-03,6.412164e-03,1853
6.800000e+03,3.507919e+03,-2.878402e+03,2.478068e-03,1.227346e-03,3.728790e-03,1854
6.631475e+03,3.619392e+03,-2.883631e+03,3.434802e-03,2.170650e-03,4.698954e-03,1855
6.800000e+03,3.738720e+03,-2.885040e+03,3.189775e-03,1.928194e-03,4.451356e-03,1856
6.639559e+03,3.831940e+03,-2.888311e+03,3.541837e-03,2.276781e-03,4.806893e-03,1857
6.654918e+03,4.033987e+03,-2.890391e+03,4.180531e-03,2.910496e-03,5.450566e-03,1858
6.800000e+03,3.969368e+03,-2.886806e+03,5.027594e-03,3.751219e-03,6.303970e-03,1859
6.800000e+03,4.200000e+03,-2.887749e+03,8.414265e-03,7.104197e-03,9.724332e-03,1860
5.960319e+03,3.419827e+03,-2.890776e+03,4.491189e-03,3.219194e-03,5.763184e-03,1861
5.960362e+03,3.419781e+03,-2.879640e+03,4.960122e-03,3.684694e-03,6.235551e-03,1862
6.433347e+03,3.039725e+03,-2.879050e+03,7.739655e-03,6.437710e-03,9.041599e-03,1863
6.433403e+03,3.039718e+03,-2.867659e+03,9.004329e-03,7.686877e-03,1.032178e-02,1864
6.054713e+03,3.275079e+03,-2.877016e+03,9.112075e-03,7.792722e-03,1.043143e-02,1865
6.054645e+03,3.275138e+03,-2.887723e+03,7.288850e-03,5.991903e-03,8.585797e-03,1866
6.248141e+03,3.157443e+03,-2.871702e+03,1.836577e-02,1.630665e-02,2.042489e-02,1867
6.248095e+03,3.157485e+03,-2.882517e+03,1.428654e-02,1.279669e-02,1.577640e-02,1868
6.570620e+03,4.200000e+03,-2.886782e+03,6.743954e-03,5.452426e-03,8.035482e-03,1869
5.929320e+03,3.539311e+03,-2.880080e+03,2.036863e-03,8.010951e-04,3.272631e-03,1870
5.929310e+03,3.539341e+03,-2.891592e+03,2.006830e-03,7.715918e-04,3.242068e-03,1871
6.341552e+03,4.200000e+03,-2.886721e+03,6.057093e-03,4.772062e-03,7.342124e-03,1872
6.452347e+03,3.992670e+03,-2.889977e+03,5.102650e-03,3.825687e-03,6.379613e-03,1873
5.794662e+03,3.710661e+03,-2.886476e+03,4.073272e-03,2.804536e-03,5.342008e-03,1874
5.794697e+03,3.710704e+03,-2.898398e+03,2.787706e-03,1.532176e-03,4.043236e-03,1875
6.123207e+03,4.200000e+03,-2.888225e+03,6.266212e-03,4.979276e-03,7.553148e-03,1876
6.217387e+03,4.017403e+03,-2.888958e+03,5.039237e-03,3.762785e-03,6.315689e-03,1877
5.704809e+03,3.889829e+03,-2.889303e+03,2.382603e-03,1.134068e-03,3.631138e-03,1878
5.704840e+03,3.889879e+03,-2.900767e+03,2.535246e-03,1.283490e-03,3.787002e-03,1879
5.920063e+03,4.200000e+03,-2.891421e+03,6.259720e-03,4.972856e-03,7.546585e-03,1880
6.014217e+03,4.026410e+03,-2.889733e+03,4.573008e-03,3.300073e-03,5.845943e-03,1881
5.621131e+03,4.030140e+03,-2.892561e+03,3.589032e-03,2.323600e-03,4.854464e-03,1882
5.809421e+03,4.036334e+03,-2.891497e+03,3.990202e-03,2.721625e-03,5.258779e-03,1883
5.721802e+03,4.200000e+03,-2.894183e+03,2.834751e-03,1.577558e-03,4.091945e-03,1884
5.520524e+03,4.200000e+03,-2.897222e+03,6.767814e-03,5.476099e-03,8.059529e-03,1885
6.614223e+03,3.157984e+03,-2.859105e+03,1.724339e-02,1.539266e-02,1.909412e-02,1886
6.800000e+03,3.046383e+03,-2.855098e+03,3.194645e-03,1.932692e-03,4.456598e-03,1887
6.800000e+03,3.277115e+03,-2.860077e+03,2.622274e-03,1.368411e-03,3.876137e-03,1888
6.625903e+03,3.392344e+03,-2.864470e+03,5.841160e-03,4.558115e-03,7.124205e-03,1889
6.800000e+03,3.507895e+03,-2.866287e+03,1.634119e-03,4.214379e-04,2.846801e-03,1890
6.631483e+03,3.619352e+03,-2.871551e+03,3.905793e-03,2.637839e-03,5.173748e-03,1891
6.800000e+03,3.738688e+03,-2.872784e+03,2.476975e-03,1.226258e-03,3.727693e-03,1892
6.639558e+03,3.831899e+03,-2.876500e+03,3.203733e-03,1.941796e-03,4.465670e-03,1893
6.654923e+03,4.033976e+03,-2.879139e+03,4.169133e-03,2.899176e-03,5.439091e-03,1894
6.800000e+03,3.969354e+03,-2.875151e+03,4.055098e-03,2.786070e-03,5.324125e-03,1895
6.800000e+03,4.200000e+03,-2.876636e+03,6.453273e-03,5.164542e-03,7.742003e-03,1896
6.098475e+03,3.491575e+03,-2.872678e+03,3.860767e-03,2.593560e-03,5.127973e-03,1897
6.098444e+03,3.491614e+03,-2.883962e+03,3.515250e-03,2.250793e-03,4.779707e-03,1898
6.428134e+03,3.272425e+03,-2.874117e+03,6.718100e-03,5.426936e-03,8.009264e-03,1899
6.428180e+03,3.272372e+03,-2.862975e+03,6.960510e-03,5.666928e-03,8.254091e-03,1900
6.258385e+03,3.381937e+03,-2.867519e+03,8.557758e-03,7.246059e-03,9.869456e-03,1901
6.258345e+03,3.381984e+03,-2.878707e+03,6.489524e-03,5.200644e-03,7.778404e-03,1902
6.570632e+03,4.200000e+03,-2.876124e+03,5.634614e-03,4.353295e-03,6.915933e-03,1903
6.010218e+03,3.681014e+03,-2.886956e+03,1.560940e-03,3.544022e-04,2.767478e-03,1904
6.010198e+03,3.680980e+03,-2.875151e+03,1.344312e-03,1.662530e-04,2.522372e-03,1905
6.341574e+03,4.200000e+03,-2.876452e+03,5.443821e-03,4.164096e-03,6.723547e-03,1906
6.452354e+03,3.992660e+03,-2.878843e+03,4.998140e-03,3.721996e-03,6.274284e-03,1907
5.912509e+03,3.858668e+03,-2.877630e+03,3.600737e-03,2.335322e-03,4.866151e-03,1908
5.912532e+03,3.858711e+03,-2.889097e+03,3.375132e-03,2.111725e-03,4.638539e-03,1909
6.123229e+03,4.200000e+03,-2.878119e+03,5.946444e-03,4.662430e-03,7.230458e-03,1910
6.217402e+03,4.017406e+03,-2.878187e+03,5.096010e-03,3.819119e-03,6.372901e-03,1911
5.809415e+03,4.036314e+03,-2.880620e+03,4.271152e-03,3.000460e-03,5.541844e-03,1912
5.920072e+03,4.200000e+03,-2.881222e+03,6.125634e-03,4.840017e-03,7.411251e-03,1913
6.014223e+03,4.026402e+03,-2.878910e+03,4.598415e-03,3.325289e-03,5.871540e-03,1914
5.721805e+03,4.200000e+03,-2.883978e+03,2.342813e-03,1.095100e-03,3.590527e-03,1915
6.625939e+03,3.392297e+03,-2.852826e+03,7.788535e-03,6.486043e-03,9.091028e-03,1916
6.800000e+03,3.277107e+03,-2.848391e+03,1.581242e-03,3.695066e-04,2.792977e-03,1917
6.800000e+03,3.507870e+03,-2.854172e+03,5.995208e-04,0.000000e+00,1.496515e-03,1918
6.631490e+03,3.619312e+03,-2.859471e+03,5.399754e-03,4.120424e-03,6.679084e-03,1919
6.800000e+03,3.738655e+03,-2.860529e+03,1.953942e-03,7.194922e-04,3.188392e-03,1920
6.639558e+03,3.831857e+03,-2.864688e+03,3.294380e-03,2.031449e-03,4.557312e-03,1921
6.654927e+03,4.033964e+03,-2.867887e+03,4.429594e-03,3.157713e-03,5.701475e-03,1922
6.800000e+03,3.969339e+03,-2.863496e+03,3.169498e-03,1.908093e-03,4.430902e-03,1923
6.800000e+03,4.200000e+03,-2.865523e+03,4.705854e-03,3.431947e-03,5.979762e-03,1924
6.157741e+03,3.694192e+03,-2.867626e+03,4.741471e-03,3.467369e-03,6.015573e-03,1925
6.157744e+03,3.694230e+03,-2.879354e+03,3.435358e-03,2.171346e-03,4.699369e-03,1926
6.294432e+03,3.599835e+03,-2.862477e+03,6.817028e-03,5.524925e-03,8.109131e-03,1927
6.294421e+03,3.599867e+03,-2.874206e+03,5.258663e-03,3.980543e-03,6.536783e-03,1928
6.454334e+03,3.501460e+03,-2.857474e+03,5.323908e-03,4.045232e-03,6.602583e-03,1929
6.454309e+03,3.501500e+03,-2.869139e+03,4.132435e-03,2.862795e-03,5.402074e-03,1930
6.570645e+03,4.200000e+03,-2.865466e+03,5.110852e-03,3.833811e-03,6.387894e-03,1931
6.093761e+03,3.843191e+03,-2.878897e+03,3.897550e-03,2.629726e-03,5.165375e-03,1932
6.093757e+03,3.843161e+03,-2.867537e+03,4.671194e-03,3.397614e-03,5.944774e-03,1933
6.341596e+03,4.200000e+03,-2.866183e+03,4.884059e-03,3.608793e-03,6.159325e-03,1934
6.452361e+03,3.992649e+03,-2.867709e+03,5.067091e-03,3.790422e-03,6.343759e-03,1935
6.014228e+03,4.026394e+03,-2.868087e+03,5.118061e-03,3.841008e-03,6.395114e-03,1936
6.123251e+03,4.200000e+03,-2.868014e+03,5.775027e-03,4.492526e-03,7.057528e-03,1937
6.217417e+03,4.017409e+03,-2.867416e+03,5.569510e-03,4.288785e-03,6.850235e-03,1938
5.920082e+03,4.200000e+03,-2.871022e+03,6.262091e-03,4.975228e-03,7.548953e-03,1939
6.631498e+03,3.619272e+03,-2.847391e+03,9.237732e-03,7.917146e-03,1.055832e-02,1940
6.800000e+03,3.507845e+03,-2.842057e+03,0.000000e+00,0.000000e+00,0.000000e+00,1941
6.800000e+03,3.738623e+03,-2.848273e+03,1.335780e-03,1.577592e-04,2.513802e-03,1942
6.639557e+03,3.831815e+03,-2.852877e+03,4.288193e-03,3.017361e-03,5.559026e-03,1943
6.654932e+03,4.033953e+03,-2.856635e+03,5.091286e-03,3.814414e-03,6.368157e-03,1944
6.800000e+03,3.969324e+03,-2.851841e+03,2.351573e-03,1.104055e-03,3.599091e-03,1945
6.800000e+03,4.200000e+03,-2.854410e+03,3.089441e-03,1.828960e-03,4.349922e-03,1946
6.283298e+03,3.803685e+03,-2.858920e+03,3.621325e-03,2.355664e-03,4.886985e-03,1947
6.283297e+03,3.803722e+03,-2.870499e+03,3.783025e-03,2.516027e-03,5.050023e-03,1948
6.469625e+03,3.731013e+03,-2.852121e+03,9.356921e-03,8.034653e-03,1.067919e-02,1949
6.469626e+03,3.731064e+03,-2.864038e+03,6.080222e-03,4.795084e-03,7.365361e-03,1950
6.570658e+03,4.200000e+03,-2.854808e+03,4.817360e-03,3.542594e-03,6.092127e-03,1951
6.217431e+03,4.017412e+03,-2.856644e+03,6.536132e-03,5.246714e-03,7.825549e-03,1952
6.341618e+03,4.200000e+03,-2.855913e+03,4.333776e-03,3.062608e-03,5.604944e-03,1953
6.452369e+03,3.992639e+03,-2.856576e+03,5.423076e-03,4.143557e-03,6.702594e-03,1954
6.123274e+03,4.200000e+03,-2.857908e+03,5.793523e-03,4.510880e-03,7.076166e-03,1955
6.639556e+03,3.831774e+03,-2.841066e+03,7.024029e-03,5.729758e-03,8.318300e-03,1956
6.800000e+03,3.738591e+03,-2.836017e+03,5.995208e-04,0.000000e+00,1.496515e-03,1957
6.654937e+03,4.033941e+03,-2.845383e+03,6.929420e-03,5.636095e-03,8.222745e-03,1958
6.800000e+03,3.969310e+03,-2.840186e+03,1.779636e-03,5.534357e-04,3.005836e-03,1959
6.800000e+03,4.200000e+03,-2.843298e+03,1.877427e-03,6.470013e-04,3.107852e-03,1960
6.452376e+03,3.992629e+03,-2.845442e+03,6.415433e-03,5.127164e-03,7.703701e-03,1961
6.570670e+03,4.200000e+03,-2.844150e+03,4.548822e-03,3.276056e-03,5.821588e-03,1962
6.341640e+03,4.200000e+03,-2.845644e+03,3.847849e-03,2.580343e-03,5.115354e-03,1963
6.654942e+03,4.033930e+03,-2.834132e+03,1.222400e-02,1.084386e-02,1.360415e-02,1964
6.800000e+03,3.969295e+03,-2.828531e+03,1.255537e-03,8.064494e-05,2.430430e-03,1965
6.800000e+03,4.200000e+03,-2.832185e+03,8.711800e-04,0.000000e+00,1.914211e-03,1966
6.570683e+03,4.200000e+03,-2.833492e+03,4.261409e-03,2.990774e-03,5.532044e-03,1967
6.800000e+03,4.200000e+03,-2.821072e+03,4.218434e-04,0.000000e+00,1.248507e-03,1968
4.167403e+03,1.650163e+03,-3.016785e+03,7.465655e-03,6.166588e-03,8.764723e-03,1969
4.322937e+03,1.566302e+03,-3.015100e+03,6.922518e-03,5.629171e-03,8.215865e-03,1970
4.167379e+03,1.650147e+03,-3.003010e+03,6.747974e-03,5.456369e-03,8.039579e-03,1971
4.322939e+03,1.566293e+03,-3.001164e+03,6.291323e-03,5.004112e-03,7.578534e-03,1972
4.185372e+03,1.878906e+03,-3.015020e+03,8.020900e-03,6.715596e-03,9.326204e-03,1973
4.200184e+03,2.107619e+03,-3.013380e+03,8.232066e-03,6.924244e-03,9.539887e-03,1974
4.360816e+03,1.752633e+03,-3.013735e+03,6.707963e-03,5.416772e-03,7.999154e-03,1975
4.509456e+03,1.583620e+03,-3.013834e+03,7.614178e-03,6.313511e-03,8.914845e-03,1976
4.197126e+03,2.345476e+03,-3.016805e+03,7.141948e-03,5.846368e-03,8.437528e-03,1977
4.167355e+03,1.650131e+03,-2.989234e+03,6.087821e-03,4.802478e-03,7.373164e-03,1978
4.322940e+03,1.566284e+03,-2.987228e+03,5.731972e-03,4.449793e-03,7.014152e-03,1979
4.185353e+03,1.878898e+03,-3.001799e+03,7.595891e-03,6.295425e-03,8.896356e-03,1980
4.200171e+03,2.107614e+03,-3.000706e+03,7.703591e-03,6.401935e-03,9.005248e-03,1981
4.360816e+03,1.752610e+03,-3.000067e+03,6.186730e-03,4.900503e-03,7.472957e-03,1982
4.509462e+03,1.583601e+03,-2.999713e+03,7.284375e-03,5.987285e-03,8.581464e-03,1983
4.385378e+03,1.991671e+03,-3.011393e+03,7.072706e-03,5.777844e-03,8.367567e-03,1984
4.394968e+03,2.228433e+03,-3.011219e+03,6.982794e-03,5.688866e-03,8.276721e-03,1985
4.602215e+03,1.848164e+03,-3.011023e+03,7.791060e-03,6.488444e-03,9.093676e-03,1986
4.744521e+03,1.604613e+03,-3.011900e+03,7.483766e-03,6.184545e-03,8.782986e-03,1987
4.197113e+03,2.345486e+03,-3.004344e+03,6.865162e-03,5.572426e-03,8.157899e-03,1988
4.386928e+03,2.468434e+03,-3.015392e+03,6.416106e-03,5.127763e-03,7.704449e-03,1989
4.189464e+03,2.577661e+03,-3.021659e+03,6.645171e-03,5.354606e-03,7.935736e-03,1990
4.167331e+03,1.650115e+03,-2.975459e+03,5.348933e-03,4.069941e-03,6.627925e-03,1991
4.322942e+03,1.566275e+03,-2.973293e+03,5.255535e-03,3.977313e-03,6.533756e-03,1992
4.185335e+03,1.878890e+03,-2.988579e+03,7.220959e-03,5.924546e-03,8.517372e-03,1993
4.200158e+03,2.107610e+03,-2.988032e+03,7.082791e-03,5.787824e-03,8.377758e-03,1994
4.360817e+03,1.752587e+03,-2.986398e+03,5.752450e-03,4.470110e-03,7.034790e-03,1995
4.509468e+03,1.583582e+03,-2.985592e+03,6.921887e-03,5.628563e-03,8.215211e-03,1996
4.385380e+03,1.991654e+03,-2.998299e+03,6.787507e-03,5.495540e-03,8.079474e-03,1997
4.394969e+03,2.228434e+03,-2.998540e+03,6.513348e-03,5.224077e-03,7.802619e-03,1998
4.602222e+03,1.848130e+03,-2.997364e+03,7.859978e-03,6.556580e-03,9.163377e-03,1999
4.744523e+03,1.604576e+03,-2.997535e+03,7.751722e-03,6.449548e-03,9.053897e-03,2000
4.583494e+03,2.125351e+03,-3.008610e+03,7.253498e-03,5.956765e-03,8.550231e-03,2001
4.578887e+03,2.368449e+03,-3.011676e+03,5.908153e-03,4.624473e-03,7.191833e-03,2002
4.785444e+03,2.057957e+03,-3.007544e+03,6.898406e-03,5.605359e-03,8.191452e-03,2003
4.855227e+03,1.826463e+03,-3.008052e+03,7.437135e-03,6.138457e-03,8.735813e-03,2004
4.962787e+03,1.603827e+03,-3.007513e+03,6.934539e-03,5.641092e-03,8.227987e-03,2005
4.569061e+03,2.599270e+03,-3.015157e+03,4.749802e-03,3.475556e-03,6.024047e-03,2006
4.197099e+03,2.345497e+03,-2.991883e+03,6.717096e-03,5.425828e-03,8.008365e-03,2007
4.386928e+03,2.468438e+03,-3.002850e+03,6.052774e-03,4.767799e-03,7.337749e-03,2008
4.189446e+03,2.577675e+03,-3.009288e+03,6.411992e-03,5.123683e-03,7.700300e-03,2009
4.377640e+03,2.713434e+03,-3.019106e+03,5.264136e-03,3.985880e-03,6.542392e-03,2010
4.182066e+03,2.819710e+03,-3.022431e+03,6.676820e-03,5.385951e-03,7.967689e-03,2011
4.167307e+03,1.650099e+03,-2.961683e+03,4.589260e-03,3.316193e-03,5.862328e-03,2012
4.322943e+03,1.566267e+03,-2.959357e+03,4.891902e-03,3.616556e-03,6.167249e-03,2013
4.185316e+03,1.878882e+03,-2.975359e+03,6.871589e-03,5.578784e-03,8.164393e-03,2014
4.200144e+03,2.107605e+03,-2.975359e+03,6.519519e-03,5.230183e-03,7.808855e-03,2015
4.360817e+03,1.752564e+03,-2.972729e+03,5.440930e-03,4.161204e-03,6.720655e-03,2016
4.509473e+03,1.583563e+03,-2.971471e+03,6.465087e-03,5.176264e-03,7.753911e-03,2017
4.385381e+03,1.991636e+03,-2.985205e+03,6.639951e-03,5.349451e-03,7.930451e-03,2018
4.394971e+03,2.228434e+03,-2.985861e+03,6.110842e-03,4.825328e-03,7.396355e-03,2019
4.602228e+03,1.848095e+03,-2.983705e+03,7.817515e-03,6.514614e-03,9.120416e-03,2020
4.744525e+03,1.604540e+03,-2.983171e+03,8.161056e-03,6.854154e-03,9.467959e-03,2021
4.583502e+03,2.125326e+03,-2.995643e+03,7.018794e-03,5.724514e-03,8.313074e-03,2022
4.578890e+03,2.368441e+03,-2.998856e+03,5.656346e-03,4.374861e-03,6.937831e-03,2023
4.785453e+03,2.057919e+03,-2.994197e+03,7.197857e-03,5.901741e-03,8.493973e-03,2024
4.962783e+03,1.603780e+03,-2.992726e+03,6.466942e-03,5.178102e-03,7.755783e-03,2025
4.855227e+03,1.826416e+03,-2.994019e+03,7.706779e-03,6.405136e-03,9.008423e-03,2026
4.770086e+03,2.265440e+03,-3.008246e+03,6.171175e-03,4.885148e-03,7.457202e-03,2027
4.755251e+03,2.502790e+03,-3.011252e+03,5.577880e-03,4.297068e-03,6.858692e-03,2028
4.917749e+03,2.169065e+03,-3.004622e+03,6.829997e-03,5.537655e-03,8.122340e-03,2029
4.989843e+03,1.993898e+03,-3.003989e+03,6.585499e-03,5.295538e-03,7.875461e-03,2030
5.086832e+03,1.793220e+03,-3.003588e+03,6.198617e-03,4.912298e-03,7.484936e-03,2031
5.184546e+03,1.604476e+03,-3.003052e+03,5.678924e-03,4.397212e-03,6.960637e-03,2032
4.569058e+03,2.599262e+03,-3.002486e+03,4.463500e-03,3.191374e-03,5.735627e-03,2033
4.759946e+03,2.750090e+03,-3.011362e+03,4.020468e-03,2.751693e-03,5.289243e-03,2034
4.550970e+03,2.833858e+03,-3.012979e+03,5.233858e-03,3.955860e-03,6.511855e-03,2035
4.197086e+03,2.345508e+03,-2.979421e+03,6.691496e-03,5.400494e-03,7.982498e-03,2036
4.386928e+03,2.468441e+03,-2.990308e+03,5.648379e-03,4.366958e-03,6.929801e-03,2037
4.189428e+03,2.577689e+03,-2.996918e+03,6.201728e-03,4.915389e-03,7.488067e-03,2038
4.377622e+03,2.713398e+03,-3.006846e+03,5.018229e-03,3.741924e-03,6.294533e-03,2039
4.182057e+03,2.819700e+03,-3.010836e+03,6.359658e-03,5.071849e-03,7.647466e-03,2040
4.373069e+03,2.936374e+03,-3.014524e+03,7.354833e-03,6.057052e-03,8.652614e-03,2041
4.198501e+03,3.045404e+03,-3.018154e+03,8.434915e-03,7.124718e-03,9.745113e-03,2042
4.167283e+03,1.650083e+03,-2.947908e+03,3.760067e-03,2.493310e-03,5.026824e-03,2043
4.322945e+03,1.566258e+03,-2.945421e+03,4.758724e-03,3.484381e-03,6.033067e-03,2044
4.185298e+03,1.878874e+03,-2.962139e+03,6.582618e-03,5.292675e-03,7.872561e-03,2045
4.200131e+03,2.107601e+03,-2.962685e+03,6.142363e-03,4.856557e-03,7.428169e-03,2046
4.360818e+03,1.752541e+03,-2.959061e+03,5.341347e-03,4.062450e-03,6.620243e-03,2047
4.509479e+03,1.583544e+03,-2.957351e+03,5.944140e-03,4.660121e-03,7.228160e-03,2048
4.385382e+03,1.991619e+03,-2.972110e+03,6.672028e-03,5.381220e-03,7.962836e-03,2049
4.394972e+03,2.228434e+03,-2.973183e+03,5.803283e-03,4.520518e-03,7.086048e-03,2050
4.602235e+03,1.848061e+03,-2.970045e+03,7.673061e-03,6.371803e-03,8.974319e-03,2051
4.744527e+03,1.604503e+03,-2.968806e+03,8.813314e-03,7.498280e-03,1.012835e-02,2052
4.583510e+03,2.125300e+03,-2.982677e+03,6.772631e-03,5.480841e-03,8.064422e-03,2053
4.578893e+03,2.368433e+03,-2.986036e+03,5.439987e-03,4.160316e-03,6.719659e-03,2054
4.785461e+03,2.057881e+03,-2.980850e+03,7.617784e-03,6.317167e-03,8.918401e-03,2055
4.962780e+03,1.603733e+03,-2.977940e+03,6.037750e-03,4.752877e-03,7.322623e-03,2056
4.855228e+03,1.826368e+03,-2.979986e+03,7.975026e-03,6.670330e-03,9.279722e-03,2057
4.770092e+03,2.265421e+03,-2.995183e+03,6.352470e-03,5.064773e-03,7.640166e-03,2058
4.755253e+03,2.502775e+03,-2.998343e+03,5.525390e-03,4.245013e-03,6.805768e-03,2059
4.917750e+03,2.169038e+03,-2.991286e+03,6.979004e-03,5.685162e-03,8.272845e-03,2060
4.989845e+03,1.993849e+03,-2.990138e+03,6.428924e-03,5.140488e-03,7.717360e-03,2061
5.184537e+03,1.604419e+03,-2.987851e+03,4.793161e-03,3.518578e-03,6.067743e-03,2062
5.086830e+03,1.793161e+03,-2.989045e+03,5.666970e-03,4.385379e-03,6.948561e-03,2063
4.932527e+03,2.603824e+03,-3.009119e+03,4.040146e-03,2.771233e-03,5.309058e-03,2064
4.967528e+03,2.364335e+03,-3.005632e+03,5.473692e-03,4.193768e-03,6.753617e-03,2065
5.093739e+03,2.183751e+03,-3.001000e+03,5.916689e-03,4.632947e-03,7.200430e-03,2066
5.194773e+03,1.990287e+03,-2.999708e+03,5.803080e-03,4.520324e-03,7.085837e-03,2067
5.303126e+03,1.793002e+03,-2.998995e+03,5.779897e-03,4.497324e-03,7.062470e-03,2068
5.420152e+03,1.592846e+03,-2.997729e+03,5.945484e-03,4.661450e-03,7.229518e-03,2069
4.845951e+03,2.897814e+03,-3.005717e+03,4.585458e-03,3.312518e-03,5.858397e-03,2070
4.950986e+03,2.789382e+03,-3.006374e+03,3.635161e-03,2.369469e-03,4.900853e-03,2071
4.569055e+03,2.599254e+03,-2.989816e+03,4.206367e-03,2.936138e-03,5.476595e-03,2072
4.759948e+03,2.750041e+03,-2.998982e+03,3.841959e-03,2.574540e-03,5.109377e-03,2073
4.550976e+03,2.833837e+03,-3.001348e+03,4.883459e-03,3.608198e-03,6.158720e-03,2074
4.690175e+03,2.938847e+03,-3.007821e+03,5.249660e-03,3.971585e-03,6.527734e-03,2075
4.841779e+03,3.032624e+03,-3.002290e+03,4.609712e-03,3.336636e-03,5.882787e-03,2076
4.566944e+03,3.030115e+03,-3.008196e+03,6.597972e-03,5.307949e-03,7.887995e-03,2077
4.197073e+03,2.345518e+03,-2.966960e+03,6.819449e-03,5.527189e-03,8.111710e-03,2078
4.386928e+03,2.468444e+03,-2.977766e+03,5.264582e-03,3.986330e-03,6.542834e-03,2079
4.189410e+03,2.577704e+03,-2.984547e+03,6.032186e-03,4.747394e-03,7.316977e-03,2080
4.377603e+03,2.713363e+03,-2.994586e+03,4.789187e-03,3.514639e-03,6.063735e-03,2081
4.182049e+03,2.819689e+03,-2.999241e+03,6.056427e-03,4.771417e-03,7.341437e-03,2082
4.373094e+03,2.936381e+03,-3.003836e+03,7.201241e-03,5.905093e-03,8.497388e-03,2083
4.198534e+03,3.045426e+03,-3.008019e+03,8.381530e-03,7.072024e-03,9.691036e-03,2084
4.399149e+03,3.171748e+03,-3.009097e+03,1.000931e-02,8.677294e-03,1.134133e-02,2085
4.198442e+03,3.269176e+03,-3.016351e+03,1.081135e-02,9.464730e-03,1.215796e-02,2086
4.185279e+03,1.878866e+03,-2.948919e+03,6.439747e-03,5.151181e-03,7.728313e-03,2087
4.200118e+03,2.107596e+03,-2.950011e+03,5.913617e-03,4.629886e-03,7.197348e-03,2088
4.360818e+03,1.752518e+03,-2.945392e+03,5.597989e-03,4.316985e-03,6.878992e-03,2089
4.509485e+03,1.583524e+03,-2.943230e+03,5.339295e-03,4.060403e-03,6.618186e-03,2090
4.385383e+03,1.991602e+03,-2.959016e+03,6.994109e-03,5.700097e-03,8.288122e-03,2091
4.394973e+03,2.228435e+03,-2.960504e+03,5.647490e-03,4.366080e-03,6.928899e-03,2092
4.602241e+03,1.848027e+03,-2.956386e+03,7.400127e-03,6.101865e-03,8.698388e-03,2093
4.744529e+03,1.604466e+03,-2.954441e+03,9.615319e-03,8.289180e-03,1.094146e-02,2094
4.583518e+03,2.125275e+03,-2.969710e+03,6.539792e-03,5.250281e-03,7.829303e-03,2095
4.578896e+03,2.368425e+03,-2.973216e+03,5.243859e-03,3.965778e-03,6.521939e-03,2096
4.785470e+03,2.057843e+03,-2.967503e+03,8.292488e-03,6.984073e-03,9.600903e-03,2097
4.962776e+03,1.603686e+03,-2.963153e+03,5.568831e-03,4.288046e-03,6.849616e-03,2098
4.855228e+03,1.826321e+03,-2.965952e+03,8.388388e-03,7.078790e-03,9.697986e-03,2099
4.770099e+03,2.265401e+03,-2.982121e+03,6.639452e-03,5.349018e-03,7.929886e-03,2100
4.755255e+03,2.502760e+03,-2.985435e+03,5.399562e-03,4.120242e-03,6.678883e-03,2101
4.917752e+03,2.169011e+03,-2.977949e+03,7.120712e-03,5.825422e-03,8.416003e-03,2102
4.989846e+03,1.993800e+03,-2.976287e+03,6.256649e-03,4.969826e-03,7.543473e-03,2103
5.184529e+03,1.604363e+03,-2.972650e+03,3.924279e-03,2.656254e-03,5.192305e-03,2104
5.086828e+03,1.793102e+03,-2.974502e+03,5.191076e-03,3.913402e-03,6.468751e-03,2105
4.932519e+03,2.603796e+03,-2.996096e+03,4.145209e-03,2.875510e-03,5.414908e-03,2106
4.967526e+03,2.364310e+03,-2.992347e+03,5.619863e-03,4.338716e-03,6.901010e-03,2107
5.093741e+03,2.183722e+03,-2.987378e+03,5.658088e-03,4.376594e-03,6.939582e-03,2108
5.194773e+03,1.990229e+03,-2.985494e+03,5.372818e-03,4.093687e-03,6.651949e-03,2109
5.420142e+03,1.592783e+03,-2.982632e+03,5.298085e-03,4.019534e-03,6.576636e-03,2110
5.303118e+03,1.792933e+03,-2.984150e+03,5.200665e-03,3.922911e-03,6.478419e-03,2111
5.122075e+03,2.527533e+03,-3.003229e+03,3.992244e-03,2.723695e-03,5.260793e-03,2112
5.092328e+03,2.706828e+03,-3.004217e+03,2.974308e-03,1.715430e-03,4.233186e-03,2113
5.187282e+03,2.354345e+03,-3.000361e+03,4.358394e-03,3.087059e-03,5.629730e-03,2114
5.281427e+03,2.488993e+03,-2.998474e+03,3.783168e-03,2.516208e-03,5.050128e-03,2115
5.296177e+03,2.187352e+03,-2.996592e+03,5.313798e-03,4.035155e-03,6.592441e-03,2116
5.416143e+03,1.994234e+03,-2.994611e+03,5.895904e-03,4.612330e-03,7.179477e-03,2117
5.529954e+03,1.795146e+03,-2.993491e+03,6.206858e-03,4.920474e-03,7.493242e-03,2118
5.656609e+03,1.598402e+03,-2.992085e+03,7.141168e-03,5.845603e-03,8.436733e-03,2119
4.971198e+03,2.967236e+03,-3.000855e+03,3.578253e-03,2.313306e-03,4.843201e-03,2120
4.845964e+03,2.897788e+03,-2.994150e+03,4.259599e-03,2.989134e-03,5.530063e-03,2121
4.950986e+03,2.789331e+03,-2.994059e+03,3.641434e-03,2.375700e-03,4.907168e-03,2122
5.079139e+03,2.869064e+03,-2.999882e+03,3.334817e-03,2.072146e-03,4.597488e-03,2123
5.097789e+03,2.982246e+03,-2.995943e+03,3.145156e-03,1.884859e-03,4.405454e-03,2124
4.960577e+03,3.099889e+03,-2.997479e+03,3.585210e-03,2.320392e-03,4.850029e-03,2125
4.870584e+03,3.152779e+03,-2.998658e+03,4.926533e-03,3.651051e-03,6.202015e-03,2126
4.569053e+03,2.599245e+03,-2.977146e+03,3.990093e-03,2.721510e-03,5.258676e-03,2127
4.759950e+03,2.749991e+03,-2.986602e+03,3.663069e-03,2.397056e-03,4.929083e-03,2128
4.550981e+03,2.833816e+03,-2.989716e+03,4.582192e-03,3.309196e-03,5.855188e-03,2129
4.690192e+03,2.938840e+03,-2.996769e+03,4.975684e-03,3.699777e-03,6.251591e-03,2130
4.841808e+03,3.032629e+03,-2.991705e+03,4.923026e-03,3.647569e-03,6.198482e-03,2131
4.566972e+03,3.030135e+03,-2.997994e+03,6.840757e-03,5.548352e-03,8.133161e-03,2132
4.724205e+03,3.151466e+03,-3.002062e+03,6.758075e-03,5.466547e-03,8.049603e-03,2133
4.581584e+03,3.199630e+03,-3.003844e+03,1.049435e-02,9.154054e-03,1.183465e-02,2134
4.517765e+03,3.312699e+03,-3.009713e+03,7.082433e-03,5.787547e-03,8.377320e-03,2135
4.197059e+03,2.345529e+03,-2.954499e+03,7.154954e-03,5.859281e-03,8.450626e-03,2136
4.386927e+03,2.468447e+03,-2.965224e+03,4.979227e-03,3.703234e-03,6.255221e-03,2137
4.189392e+03,2.577718e+03,-2.972176e+03,5.903674e-03,4.620028e-03,7.187320e-03,2138
4.377585e+03,2.713328e+03,-2.982326e+03,4.584954e-03,3.311928e-03,5.857981e-03,2139
4.182040e+03,2.819679e+03,-2.987646e+03,5.784126e-03,4.501529e-03,7.066724e-03,2140
4.373120e+03,2.936389e+03,-2.993147e+03,7.123394e-03,5.828060e-03,8.418727e-03,2141
4.198566e+03,3.045447e+03,-2.997884e+03,8.311702e-03,7.003055e-03,9.620348e-03,2142
4.399225e+03,3.171796e+03,-3.000038e+03,1.165604e-02,1.029224e-02,1.301985e-02,2143
4.198483e+03,3.269073e+03,-3.007374e+03,1.228817e-02,1.090164e-02,1.367470e-02,2144
4.372025e+03,3.379942e+03,-3.017060e+03,7.229084e-03,5.932654e-03,8.525514e-03,2145
4.189780e+03,3.495352e+03,-3.027946e+03,7.439261e-03,6.140533e-03,8.737988e-03,2146
4.173178e+03,3.668409e+03,-3.038073e+03,6.604312e-03,5.314148e-03,7.894475e-03,2147
4.385384e+03,1.991584e+03,-2.945922e+03,7.766590e-03,6.464305e-03,9.068875e-03,2148
4.394974e+03,2.228435e+03,-2.947825e+03,5.759904e-03,4.477543e-03,7.042265e-03,2149
4.602247e+03,1.847992e+03,-2.942726e+03,7.113771e-03,5.818549e-03,8.408993e-03,2150
4.744531e+03,1.604429e+03,-2.940076e+03,1.085323e-02,9.506196e-03,1.220027e-02,2151
4.583526e+03,2.125249e+03,-2.956743e+03,6.336012e-03,5.048450e-03,7.623575e-03,2152
4.578899e+03,2.368418e+03,-2.960396e+03,5.094114e-03,3.817229e-03,6.370998e-03,2153
4.785479e+03,2.057805e+03,-2.954156e+03,9.127605e-03,7.808522e-03,1.044669e-02,2154
4.855228e+03,1.826273e+03,-2.951919e+03,8.855361e-03,7.539883e-03,1.017084e-02,2155
4.962773e+03,1.603639e+03,-2.948367e+03,5.102459e-03,3.825466e-03,6.379453e-03,2156
4.770106e+03,2.265382e+03,-2.969059e+03,7.038538e-03,5.744123e-03,8.332953e-03,2157
4.755257e+03,2.502745e+03,-2.972526e+03,5.219024e-03,3.941165e-03,6.496883e-03,2158
4.917753e+03,2.168985e+03,-2.964613e+03,7.288885e-03,5.991835e-03,8.585935e-03,2159
4.989847e+03,1.993750e+03,-2.962436e+03,5.988478e-03,4.704100e-03,7.272856e-03,2160
5.184521e+03,1.604306e+03,-2.957449e+03,3.177399e-03,1.915884e-03,4.438914e-03,2161
5.086826e+03,1.793044e+03,-2.959960e+03,4.807963e-03,3.533265e-03,6.082661e-03,2162
4.932511e+03,2.603768e+03,-2.983072e+03,4.307044e-03,3.036139e-03,5.577949e-03,2163
4.845978e+03,2.897763e+03,-2.982582e+03,3.871795e-03,2.604299e-03,5.139292e-03,2164
4.950987e+03,2.789280e+03,-2.981743e+03,3.755481e-03,2.488812e-03,5.022151e-03,2165
4.967524e+03,2.364284e+03,-2.979062e+03,5.802516e-03,4.519825e-03,7.085207e-03,2166
5.420133e+03,1.592721e+03,-2.967536e+03,4.746364e-03,3.472133e-03,6.020595e-03,2167
5.093743e+03,2.183693e+03,-2.973757e+03,5.391844e-03,4.112577e-03,6.671111e-03,2168
5.194773e+03,1.990170e+03,-2.971279e+03,5.021162e-03,3.744847e-03,6.297477e-03,2169
5.303110e+03,1.792864e+03,-2.969304e+03,4.718103e-03,3.444082e-03,5.992123e-03,2170
5.122065e+03,2.527506e+03,-2.989875e+03,3.775265e-03,2.508383e-03,5.042146e-03,2171
5.092315e+03,2.706753e+03,-2.991237e+03,2.718069e-03,1.462995e-03,3.973143e-03,2172
5.187278e+03,2.354313e+03,-2.986720e+03,4.003351e-03,2.734686e-03,5.272016e-03,2173
5.281419e+03,2.488957e+03,-2.984898e+03,3.413732e-03,2.149839e-03,4.677625e-03,2174
5.656620e+03,1.598324e+03,-2.977332e+03,6.942009e-03,5.648507e-03,8.235512e-03,2175
5.296172e+03,2.187312e+03,-2.982662e+03,4.961421e-03,3.685568e-03,6.237274e-03,2176
5.416138e+03,1.994167e+03,-2.980342e+03,5.494316e-03,4.214190e-03,6.774442e-03,2177
5.529956e+03,1.795072e+03,-2.978946e+03,5.868290e-03,4.584957e-03,7.151624e-03,2178
5.241697e+03,2.648310e+03,-3.000110e+03,2.889613e-03,1.631921e-03,4.147305e-03,2179
5.216562e+03,2.800088e+03,-2.997220e+03,3.089149e-03,1.829195e-03,4.349103e-03,2180
5.363320e+03,2.353813e+03,-2.995657e+03,4.200810e-03,2.930654e-03,5.470965e-03,2181
5.381612e+03,2.602144e+03,-2.996082e+03,3.012746e-03,1.753379e-03,4.272114e-03,2182
5.409158e+03,2.482467e+03,-2.994928e+03,3.527267e-03,2.262401e-03,4.792134e-03,2183
6.340191e+03,1.562916e+03,-2.979859e+03,6.782138e-03,5.490220e-03,8.074057e-03,2184
6.118725e+03,1.582850e+03,-2.983505e+03,6.805376e-03,5.513233e-03,8.097518e-03,2185
5.892102e+03,1.590775e+03,-2.987305e+03,7.267706e-03,5.970815e-03,8.564598e-03,2186
5.517648e+03,2.202860e+03,-2.991065e+03,5.069009e-03,3.792329e-03,6.345690e-03,2187
5.634772e+03,2.005386e+03,-2.989046e+03,6.153664e-03,4.867781e-03,7.439547e-03,2188
5.762689e+03,1.795795e+03,-2.987845e+03,6.967868e-03,5.674111e-03,8.261625e-03,2189
4.971223e+03,2.967219e+03,-2.989598e+03,3.613109e-03,2.347925e-03,4.878294e-03,2190
5.055224e+03,3.072172e+03,-2.994952e+03,3.225825e-03,1.964832e-03,4.486818e-03,2191
5.079148e+03,2.869022e+03,-2.987879e+03,3.143200e-03,1.882672e-03,4.403729e-03,2192
5.192699e+03,2.931546e+03,-2.994210e+03,2.462155e-03,1.214391e-03,3.709918e-03,2193
5.097813e+03,2.982225e+03,-2.984572e+03,3.168023e-03,1.907528e-03,4.428518e-03,2194
5.171602e+03,3.043654e+03,-2.991462e+03,2.617454e-03,1.367804e-03,3.867103e-03,2195
4.971248e+03,2.967201e+03,-2.978341e+03,3.695776e-03,2.429946e-03,4.961607e-03,2196
4.960612e+03,3.099902e+03,-2.987070e+03,4.042311e-03,2.773851e-03,5.310772e-03,2197
4.870620e+03,3.152780e+03,-2.988711e+03,5.675708e-03,4.394213e-03,6.957204e-03,2198
4.937153e+03,3.198766e+03,-2.996251e+03,5.318310e-03,4.039780e-03,6.596840e-03,2199
5.053072e+03,3.192334e+03,-2.992723e+03,3.976696e-03,2.708784e-03,5.244609e-03,2200
4.843252e+03,3.263322e+03,-2.999561e+03,5.632484e-03,4.351300e-03,6.913667e-03,2201
4.569050e+03,2.599237e+03,-2.964476e+03,3.856687e-03,2.589118e-03,5.124255e-03,2202
4.759951e+03,2.749941e+03,-2.974222e+03,3.503650e-03,2.238973e-03,4.768327e-03,2203
4.550987e+03,2.833795e+03,-2.978084e+03,4.247517e-03,2.976992e-03,5.518043e-03,2204
4.690209e+03,2.938834e+03,-2.985718e+03,4.705688e-03,3.431858e-03,5.979518e-03,2205
4.841837e+03,3.032635e+03,-2.981120e+03,5.302820e-03,4.024399e-03,6.581240e-03,2206
4.567000e+03,3.030156e+03,-2.987792e+03,7.120424e-03,5.825178e-03,8.415669e-03,2207
4.724245e+03,3.151485e+03,-2.992412e+03,7.720404e-03,6.418693e-03,9.022115e-03,2208
4.581591e+03,3.199688e+03,-2.994794e+03,1.176478e-02,1.039860e-02,1.313095e-02,2209
4.680794e+03,3.338298e+03,-3.007365e+03,5.324497e-03,4.045829e-03,6.603165e-03,2210
4.517807e+03,3.312568e+03,-3.000610e+03,7.920624e-03,6.616620e-03,9.224627e-03,2211
4.540473e+03,3.470966e+03,-3.018084e+03,5.627198e-03,4.346009e-03,6.908387e-03,2212
4.386927e+03,2.468450e+03,-2.952682e+03,4.784785e-03,3.510262e-03,6.059308e-03,2213
4.189374e+03,2.577733e+03,-2.959805e+03,5.798009e-03,4.515298e-03,7.080719e-03,2214
4.377566e+03,2.713293e+03,-2.970066e+03,4.349596e-03,3.078322e-03,5.620869e-03,2215
4.182031e+03,2.819668e+03,-2.976051e+03,5.531471e-03,4.251014e-03,6.811928e-03,2216
4.373145e+03,2.936396e+03,-2.982459e+03,7.184082e-03,5.888127e-03,8.480037e-03,2217
4.198598e+03,3.045469e+03,-2.987750e+03,8.263589e-03,6.955506e-03,9.571672e-03,2218
4.399301e+03,3.171843e+03,-2.990979e+03,1.343848e-02,1.200564e-02,1.487131e-02,2219
4.198524e+03,3.268971e+03,-2.998398e+03,1.384879e-02,1.238163e-02,1.531595e-02,2220
4.372067e+03,3.379837e+03,-3.007801e+03,7.702377e-03,6.400816e-03,9.003938e-03,2221
4.189803e+03,3.495295e+03,-3.018306e+03,7.230481e-03,5.933986e-03,8.526977e-03,2222
4.374336e+03,3.623531e+03,-3.030784e+03,6.746640e-03,5.455099e-03,8.038181e-03,2223
4.173181e+03,3.668403e+03,-3.027816e+03,6.367432e-03,5.079534e-03,7.655330e-03,2224
4.268483e+03,3.839281e+03,-3.040235e+03,6.368853e-03,5.080935e-03,7.656772e-03,2225
4.578902e+03,2.368410e+03,-2.947576e+03,5.002683e-03,3.726514e-03,6.278852e-03,2226
4.583535e+03,2.125224e+03,-2.943776e+03,6.256041e-03,4.969233e-03,7.542850e-03,2227
4.785488e+03,2.057767e+03,-2.940809e+03,1.032559e-02,8.988498e-03,1.166267e-02,2228
4.855228e+03,1.826226e+03,-2.937886e+03,9.229764e-03,7.909303e-03,1.055022e-02,2229
4.962769e+03,1.603592e+03,-2.933581e+03,4.668389e-03,3.394719e-03,5.942059e-03,2230
4.770112e+03,2.265362e+03,-2.955997e+03,7.597470e-03,6.297109e-03,8.897832e-03,2231
4.755259e+03,2.502730e+03,-2.959617e+03,4.876039e-03,3.600856e-03,6.151222e-03,2232
5.184513e+03,1.604249e+03,-2.942247e+03,2.418285e-03,1.168886e-03,3.667683e-03,2233
4.917754e+03,2.168958e+03,-2.951276e+03,7.461255e-03,6.162351e-03,8.760158e-03,2234
4.989848e+03,1.993701e+03,-2.948586e+03,5.701063e-03,4.419207e-03,6.982918e-03,2235
5.086825e+03,1.792985e+03,-2.945417e+03,4.482169e-03,3.209913e-03,5.754425e-03,2236
4.932503e+03,2.603741e+03,-2.970048e+03,4.515652e-03,3.243204e-03,5.788101e-03,2237
4.845991e+03,2.897737e+03,-2.971015e+03,3.547952e-03,2.283098e-03,4.812807e-03,2238
4.950987e+03,2.789229e+03,-2.969428e+03,3.955644e-03,2.687464e-03,5.223824e-03,2239
4.967521e+03,2.364258e+03,-2.965778e+03,6.004991e-03,4.720527e-03,7.289454e-03,2240
5.420124e+03,1.592659e+03,-2.952439e+03,4.273912e-03,3.003191e-03,5.544634e-03,2241
5.093745e+03,2.183663e+03,-2.960135e+03,5.149580e-03,3.872271e-03,6.426888e-03,2242
5.194773e+03,1.990111e+03,-2.957065e+03,4.681940e-03,3.408200e-03,5.955680e-03,2243
5.303101e+03,1.792795e+03,-2.954459e+03,4.283181e-03,3.012386e-03,5.553977e-03,2244
5.122055e+03,2.527478e+03,-2.976520e+03,3.520706e-03,2.255910e-03,4.785501e-03,2245
5.097838e+03,2.982204e+03,-2.973201e+03,3.152878e-03,1.892917e-03,4.412839e-03,2246
5.079158e+03,2.868980e+03,-2.975876e+03,2.914150e-03,1.656671e-03,4.171628e-03,2247
5.092301e+03,2.706678e+03,-2.978257e+03,2.426744e-03,1.177500e-03,3.675988e-03,2248
5.656630e+03,1.598247e+03,-2.962578e+03,6.741666e-03,5.450169e-03,8.033163e-03,2249
5.187274e+03,2.354282e+03,-2.973079e+03,3.737944e-03,2.471324e-03,5.004563e-03,2250
5.529957e+03,1.794998e+03,-2.964401e+03,5.555709e-03,4.275058e-03,6.836360e-03,2251
5.296167e+03,2.187272e+03,-2.968732e+03,4.606381e-03,3.333197e-03,5.879564e-03,2252
5.416132e+03,1.994101e+03,-2.966072e+03,5.134437e-03,3.857217e-03,6.411657e-03,2253
5.281411e+03,2.488922e+03,-2.971323e+03,3.085614e-03,1.825244e-03,4.345983e-03,2254
5.241686e+03,2.648268e+03,-2.986812e+03,2.759131e-03,1.503295e-03,4.014968e-03,2255
5.216560e+03,2.800025e+03,-2.984625e+03,2.785363e-03,1.529803e-03,4.040924e-03,2256
5.381598e+03,2.602091e+03,-2.982576e+03,2.699508e-03,1.444690e-03,3.954325e-03,2257
5.363312e+03,2.353770e+03,-2.981866e+03,3.769570e-03,2.502701e-03,5.036440e-03,2258
5.409147e+03,2.482424e+03,-2.981257e+03,3.155303e-03,1.894109e-03,4.416496e-03,2259
6.340235e+03,1.562805e+03,-2.965127e+03,6.322734e-03,5.035249e-03,7.610218e-03,2260
6.118762e+03,1.582750e+03,-2.968833e+03,6.480553e-03,5.191591e-03,7.769516e-03,2261
5.892132e+03,1.590685e+03,-2.972694e+03,7.161431e-03,5.865664e-03,8.457197e-03,2262
5.762711e+03,1.795714e+03,-2.973632e+03,6.969162e-03,5.675398e-03,8.262926e-03,2263
5.517650e+03,2.202807e+03,-2.977272e+03,4.788771e-03,3.514244e-03,6.063298e-03,2264
5.634784e+03,2.005314e+03,-2.975098e+03,5.992726e-03,4.708310e-03,7.277143e-03,2265
5.342504e+03,2.751265e+03,-2.994777e+03,2.513752e-03,1.262904e-03,3.764599e-03,2266
5.321919e+03,2.912470e+03,-2.990326e+03,2.081557e-03,8.451137e-04,3.318000e-03,2267
5.477423e+03,2.677806e+03,-2.992402e+03,2.525478e-03,1.274211e-03,3.776744e-03,2268
5.523723e+03,2.397351e+03,-2.991234e+03,4.170866e-03,2.900963e-03,5.440768e-03,2269
5.507172e+03,2.537707e+03,-2.992074e+03,3.493888e-03,2.229324e-03,4.758452e-03,2270
6.423426e+03,1.724084e+03,-2.977120e+03,6.609221e-03,5.319011e-03,7.899432e-03,2271
5.651150e+03,2.324228e+03,-2.987511e+03,4.807857e-03,3.533187e-03,6.082527e-03,2272
6.239120e+03,1.759457e+03,-2.979904e+03,6.606454e-03,5.316275e-03,7.896634e-03,2273
6.007687e+03,1.781245e+03,-2.983505e+03,6.708547e-03,5.417371e-03,7.999722e-03,2274
5.729598e+03,2.169174e+03,-2.985531e+03,5.884549e-03,4.601095e-03,7.168003e-03,2275
5.868362e+03,1.988960e+03,-2.983678e+03,6.610319e-03,5.320122e-03,7.900516e-03,2276
5.168534e+03,3.148109e+03,-2.989035e+03,2.692138e-03,1.439067e-03,3.945210e-03,2277
5.055264e+03,3.072171e+03,-2.984193e+03,3.495597e-03,2.232125e-03,4.759069e-03,2278
5.192716e+03,2.931511e+03,-2.982437e+03,2.317697e-03,1.073906e-03,3.561488e-03,2279
5.274859e+03,3.029881e+03,-2.988107e+03,2.100771e-03,8.642254e-04,3.337316e-03,2280
5.373611e+03,3.028303e+03,-2.984582e+03,1.672301e-03,4.641142e-04,2.880488e-03,2281
5.171635e+03,3.043641e+03,-2.980353e+03,2.790302e-03,1.536169e-03,4.044435e-03,2282
5.238852e+03,3.109910e+03,-2.987039e+03,2.274355e-03,1.033847e-03,3.514863e-03,2283
5.167088e+03,3.241041e+03,-2.988349e+03,3.549488e-03,2.285992e-03,4.812983e-03,2284
4.971273e+03,2.967184e+03,-2.967084e+03,3.787409e-03,2.520854e-03,5.053964e-03,2285
4.960647e+03,3.099915e+03,-2.976660e+03,4.654822e-03,3.381613e-03,5.928031e-03,2286
5.055303e+03,3.072170e+03,-2.973434e+03,3.776413e-03,2.510494e-03,5.042332e-03,2287
5.171667e+03,3.043629e+03,-2.969243e+03,2.917266e-03,1.661905e-03,4.172626e-03,2288
4.870656e+03,3.152780e+03,-2.978765e+03,6.498919e-03,5.209983e-03,7.787855e-03,2289
4.937212e+03,3.198783e+03,-2.986377e+03,6.442793e-03,5.154414e-03,7.731173e-03,2290
5.053137e+03,3.192341e+03,-2.982572e+03,5.172989e-03,3.895747e-03,6.450230e-03,2291
4.843274e+03,3.263202e+03,-2.989934e+03,6.775014e-03,5.483356e-03,8.066672e-03,2292
4.970709e+03,3.295391e+03,-2.997803e+03,3.312986e-03,2.050834e-03,4.575138e-03,2293
5.081973e+03,3.296419e+03,-2.993889e+03,2.720131e-03,1.466733e-03,3.973528e-03,2294
4.825460e+03,3.389848e+03,-3.005997e+03,3.916822e-03,2.648941e-03,5.184704e-03,2295
4.921704e+03,3.367912e+03,-3.002353e+03,3.146138e-03,1.885688e-03,4.406587e-03,2296
5.167773e+03,3.360072e+03,-2.992861e+03,2.157492e-03,9.194775e-04,3.395507e-03,2297
4.569048e+03,2.599229e+03,-2.951805e+03,3.808180e-03,2.540978e-03,5.075382e-03,2298
4.759953e+03,2.749892e+03,-2.961842e+03,3.377966e-03,2.114443e-03,4.641489e-03,2299
4.550992e+03,2.833774e+03,-2.966452e+03,3.906978e-03,2.639028e-03,5.174928e-03,2300
4.841866e+03,3.032640e+03,-2.970534e+03,5.823637e-03,4.540862e-03,7.106411e-03,2301
4.690226e+03,2.938828e+03,-2.974667e+03,4.553541e-03,3.280830e-03,5.826252e-03,2302
4.567028e+03,3.030177e+03,-2.977590e+03,7.465413e-03,6.166502e-03,8.764324e-03,2303
4.724284e+03,3.151504e+03,-2.982762e+03,9.255000e-03,7.934199e-03,1.057580e-02,2304
4.581597e+03,3.199746e+03,-2.985743e+03,1.313559e-02,1.171861e-02,1.455257e-02,2305
4.680833e+03,3.338192e+03,-2.997841e+03,5.832827e-03,4.549884e-03,7.115770e-03,2306
4.756637e+03,3.506307e+03,-3.013643e+03,4.509641e-03,3.237217e-03,5.782066e-03,2307
4.517848e+03,3.312437e+03,-2.991507e+03,8.958354e-03,7.641526e-03,1.027518e-02,2308
4.540505e+03,3.470887e+03,-3.008325e+03,5.918420e-03,4.634696e-03,7.202143e-03,2309
4.599840e+03,3.657171e+03,-3.026807e+03,5.755253e-03,4.472956e-03,7.037549e-03,2310
4.377547e+03,2.713258e+03,-2.957806e+03,4.097077e-03,2.827665e-03,5.366489e-03,2311
4.182023e+03,2.819657e+03,-2.964456e+03,5.292574e-03,4.014091e-03,6.571057e-03,2312
4.373170e+03,2.936404e+03,-2.971771e+03,7.381563e-03,6.083522e-03,8.679604e-03,2313
4.198631e+03,3.045491e+03,-2.977615e+03,8.145001e-03,6.838334e-03,9.451668e-03,2314
4.399377e+03,3.171890e+03,-2.981920e+03,1.502636e-02,1.347726e-02,1.657546e-02,2315
4.198566e+03,3.268869e+03,-2.989421e+03,1.511946e-02,1.355559e-02,1.668332e-02,2316
4.372110e+03,3.379733e+03,-2.998541e+03,8.245976e-03,6.938118e-03,9.553834e-03,2317
4.189826e+03,3.495238e+03,-3.008667e+03,7.025824e-03,5.731455e-03,8.320193e-03,2318
4.374348e+03,3.623504e+03,-3.020571e+03,6.635868e-03,5.345424e-03,7.926312e-03,2319
4.489143e+03,3.820583e+03,-3.034064e+03,6.031532e-03,4.746785e-03,7.316280e-03,2320
4.173185e+03,3.668397e+03,-3.017558e+03,6.116760e-03,4.831184e-03,7.402336e-03,2321
4.268473e+03,3.839258e+03,-3.029787e+03,6.296192e-03,5.008959e-03,7.583425e-03,2322
4.755261e+03,2.502715e+03,-2.946709e+03,4.343974e-03,3.072778e-03,5.615170e-03,2323
4.770119e+03,2.265343e+03,-2.942935e+03,8.473674e-03,7.163096e-03,9.784252e-03,2324
5.184505e+03,1.604193e+03,-2.927046e+03,1.947758e-03,7.133444e-04,3.182171e-03,2325
4.917756e+03,2.168931e+03,-2.937940e+03,7.636002e-03,6.335196e-03,8.936808e-03,2326
4.989849e+03,1.993651e+03,-2.934735e+03,5.390932e-03,4.111670e-03,6.670193e-03,2327
5.086823e+03,1.792926e+03,-2.930874e+03,4.284896e-03,3.014093e-03,5.555699e-03,2328
4.932494e+03,2.603713e+03,-2.957025e+03,4.765814e-03,3.491528e-03,6.040101e-03,2329
4.846005e+03,2.897712e+03,-2.959448e+03,3.333195e-03,2.070476e-03,4.595914e-03,2330
4.950988e+03,2.789179e+03,-2.957113e+03,4.347356e-03,3.076228e-03,5.618483e-03,2331
4.967519e+03,2.364232e+03,-2.952493e+03,6.206674e-03,4.920405e-03,7.492944e-03,2332
5.420115e+03,1.592596e+03,-2.937343e+03,3.937169e-03,2.669003e-03,5.205335e-03,2333
5.303093e+03,1.792726e+03,-2.939614e+03,3.958225e-03,2.689886e-03,5.226564e-03,2334
5.093746e+03,2.183634e+03,-2.946514e+03,4.929364e-03,3.653764e-03,6.204963e-03,2335
5.194772e+03,1.990052e+03,-2.942850e+03,4.425010e-03,3.153179e-03,5.696841e-03,2336
5.122045e+03,2.527450e+03,-2.963165e+03,3.328139e-03,2.065157e-03,4.591121e-03,2337
5.092288e+03,2.706603e+03,-2.965276e+03,2.099595e-03,8.601279e-04,3.339061e-03,2338
5.097863e+03,2.982183e+03,-2.961830e+03,3.088201e-03,1.829381e-03,4.347020e-03,2339
5.079167e+03,2.868938e+03,-2.963873e+03,2.712363e-03,1.458027e-03,3.966698e-03,2340
5.656641e+03,1.598169e+03,-2.947824e+03,6.541580e-03,5.252048e-03,7.831112e-03,2341
5.187270e+03,2.354250e+03,-2.959439e+03,3.502922e-03,2.238223e-03,4.767621e-03,2342
5.529959e+03,1.794924e+03,-2.949856e+03,5.297915e-03,4.019393e-03,6.576438e-03,2343
5.296162e+03,2.187232e+03,-2.954802e+03,4.249364e-03,2.978827e-03,5.519900e-03,2344
5.416127e+03,1.994034e+03,-2.951802e+03,4.791219e-03,3.516657e-03,6.065780e-03,2345
5.281402e+03,2.488886e+03,-2.957747e+03,2.774605e-03,1.518433e-03,4.030778e-03,2346
6.340280e+03,1.562695e+03,-2.950396e+03,5.895093e-03,4.611521e-03,7.178666e-03,2347
6.118799e+03,1.582650e+03,-2.954161e+03,6.158282e-03,4.872337e-03,7.444227e-03,2348
5.892162e+03,1.590595e+03,-2.958082e+03,7.053244e-03,5.758609e-03,8.347880e-03,2349
5.241674e+03,2.648226e+03,-2.973514e+03,2.678731e-03,1.424386e-03,3.933077e-03,2350
5.192732e+03,2.931477e+03,-2.970663e+03,2.304237e-03,1.062499e-03,3.545975e-03,2351
5.216557e+03,2.799963e+03,-2.972029e+03,2.623780e-03,1.370888e-03,3.876672e-03,2352
5.762734e+03,1.795632e+03,-2.959418e+03,6.996551e-03,5.702516e-03,8.290585e-03,2353
5.363304e+03,2.353727e+03,-2.968074e+03,3.415267e-03,2.151315e-03,4.679220e-03,2354
5.409137e+03,2.482381e+03,-2.967586e+03,2.822121e-03,1.565175e-03,4.079068e-03,2355
5.634796e+03,2.005241e+03,-2.961149e+03,5.864480e-03,4.581204e-03,7.147756e-03,2356
5.517651e+03,2.202754e+03,-2.963479e+03,4.559678e-03,3.286846e-03,5.832509e-03,2357
5.381583e+03,2.602037e+03,-2.969071e+03,2.363604e-03,1.115797e-03,3.611412e-03,2358
5.342497e+03,2.751188e+03,-2.981814e+03,2.243209e-03,1.000656e-03,3.485762e-03,2359
5.321932e+03,2.912427e+03,-2.978291e+03,2.069422e-03,8.331976e-04,3.305646e-03,2360
6.423474e+03,1.723972e+03,-2.962683e+03,6.217953e-03,4.931453e-03,7.504452e-03,2361
5.477401e+03,2.677743e+03,-2.979060e+03,2.256156e-03,1.013270e-03,3.499043e-03,2362
5.507161e+03,2.537662e+03,-2.978563e+03,3.217561e-03,1.955781e-03,4.479342e-03,2363
5.523718e+03,2.397299e+03,-2.977602e+03,3.842780e-03,2.575346e-03,5.110214e-03,2364
5.651157e+03,2.324170e+03,-2.973983e+03,4.682191e-03,3.408467e-03,5.955915e-03,2365
6.239162e+03,1.759354e+03,-2.965573e+03,6.307235e-03,5.019915e-03,7.594554e-03,2366
6.007722e+03,1.781153e+03,-2.969289e+03,6.555009e-03,5.265339e-03,7.844679e-03,2367
5.868393e+03,1.988880e+03,-2.969964e+03,6.683288e-03,5.392390e-03,7.974185e-03,2368
5.729618e+03,2.169106e+03,-2.971995e+03,5.876923e-03,4.593545e-03,7.160301e-03,2369
5.449292e+03,2.835051e+03,-2.988324e+03,2.388523e-03,1.142206e-03,3.634839e-03,2370
5.435937e+03,2.958050e+03,-2.984654e+03,1.773211e-03,5.551785e-04,2.991243e-03,2371
5.482752e+03,3.034943e+03,-2.980319e+03,1.724939e-03,5.145204e-04,2.935357e-03,2372
5.587779e+03,2.627417e+03,-2.989055e+03,3.134705e-03,1.873889e-03,4.395521e-03,2373
5.596069e+03,2.786616e+03,-2.984480e+03,3.058818e-03,1.799261e-03,4.318375e-03,2374
5.664937e+03,2.490436e+03,-2.986932e+03,4.168085e-03,2.898222e-03,5.437948e-03,2375
6.406207e+03,1.908416e+03,-2.975760e+03,7.000878e-03,5.706770e-03,8.294987e-03,2376
5.808552e+03,2.354447e+03,-2.982846e+03,5.230988e-03,3.953029e-03,6.508947e-03,2377
6.151612e+03,1.994576e+03,-2.979000e+03,6.619911e-03,5.329615e-03,7.910207e-03,2378
5.958317e+03,2.200584e+03,-2.980128e+03,6.062070e-03,4.777043e-03,7.347097e-03,2379
5.168582e+03,3.148092e+03,-2.978508e+03,3.513394e-03,2.250258e-03,4.776529e-03,2380
5.274889e+03,3.029863e+03,-2.976802e+03,2.341217e-03,1.099435e-03,3.583000e-03,2381
5.373640e+03,3.028282e+03,-2.973159e+03,2.004376e-03,7.809381e-04,3.227814e-03,2382
5.238895e+03,3.109909e+03,-2.976236e+03,2.773787e-03,1.525088e-03,4.022486e-03,2383
5.167135e+03,3.240980e+03,-2.978109e+03,6.249876e-03,4.961338e-03,7.538413e-03,2384
5.168630e+03,3.148075e+03,-2.967980e+03,4.509079e-03,3.237600e-03,5.780558e-03,2385
5.274919e+03,3.029845e+03,-2.965496e+03,2.685585e-03,1.435537e-03,3.935633e-03,2386
5.238939e+03,3.109909e+03,-2.965433e+03,3.494649e-03,2.232990e-03,4.756308e-03,2387
4.971298e+03,2.967166e+03,-2.955827e+03,3.929241e-03,2.661604e-03,5.196877e-03,2388
4.960681e+03,3.099928e+03,-2.966251e+03,5.317884e-03,4.039451e-03,6.596317e-03,2389
5.055342e+03,3.072170e+03,-2.962675e+03,4.094503e-03,2.825869e-03,5.363137e-03,2390
5.171700e+03,3.043616e+03,-2.958134e+03,3.044935e-03,1.787702e-03,4.302168e-03,2391
4.870692e+03,3.152781e+03,-2.968818e+03,7.523192e-03,6.223724e-03,8.822660e-03,2392
4.937271e+03,3.198801e+03,-2.976502e+03,7.510234e-03,6.210920e-03,8.809547e-03,2393
5.053202e+03,3.192347e+03,-2.972422e+03,6.439152e-03,5.150868e-03,7.727436e-03,2394
4.843296e+03,3.263083e+03,-2.980307e+03,7.965346e-03,6.660836e-03,9.269856e-03,2395
5.167181e+03,3.240918e+03,-2.967870e+03,7.651666e-03,6.350812e-03,8.952521e-03,2396
4.970744e+03,3.295308e+03,-2.987741e+03,4.067951e-03,2.799246e-03,5.336656e-03,2397
5.082019e+03,3.296345e+03,-2.983584e+03,3.435734e-03,2.173141e-03,4.698326e-03,2398
4.921738e+03,3.367841e+03,-2.992145e+03,3.413187e-03,2.150106e-03,4.676267e-03,2399
4.825493e+03,3.389772e+03,-2.995945e+03,4.192348e-03,2.922426e-03,5.462269e-03,2400
5.167808e+03,3.360018e+03,-2.982175e+03,2.860642e-03,1.607867e-03,4.113417e-03,2401
5.043979e+03,3.396336e+03,-2.999656e+03,2.503868e-03,1.255735e-03,3.752001e-03,2402
4.924676e+03,3.475448e+03,-3.007046e+03,3.498705e-03,2.234433e-03,4.762977e-03,2403
5.169573e+03,3.478557e+03,-2.997534e+03,2.114159e-03,8.765852e-04,3.351733e-03,2404
4.914121e+03,3.596704e+03,-3.012914e+03,4.050143e-03,2.781234e-03,5.319053e-03,2405
4.759955e+03,2.749842e+03,-2.949462e+03,3.242811e-03,1.980717e-03,4.504905e-03,2406
4.550998e+03,2.833753e+03,-2.954821e+03,3.710974e-03,2.444562e-03,4.977386e-03,2407
4.841895e+03,3.032645e+03,-2.959949e+03,6.512828e-03,5.223775e-03,7.801881e-03,2408
4.690243e+03,2.938821e+03,-2.963616e+03,4.423972e-03,3.152256e-03,5.695689e-03,2409
4.567056e+03,3.030197e+03,-2.967388e+03,7.725253e-03,6.423451e-03,9.027055e-03,2410
4.724323e+03,3.151523e+03,-2.973112e+03,1.000310e-02,8.671084e-03,1.133511e-02,2411
4.581603e+03,3.199803e+03,-2.976692e+03,1.460227e-02,1.308572e-02,1.611882e-02,2412
4.680873e+03,3.338085e+03,-2.988318e+03,6.583326e-03,5.293512e-03,7.873140e-03,2413
4.756660e+03,3.506257e+03,-3.003296e+03,4.341089e-03,3.069941e-03,5.612237e-03,2414
4.814989e+03,3.687289e+03,-3.020414e+03,3.911729e-03,2.643805e-03,5.179654e-03,2415
4.517890e+03,3.312306e+03,-2.982403e+03,1.029942e-02,8.962812e-03,1.163603e-02,2416
4.540537e+03,3.470808e+03,-2.998567e+03,6.478212e-03,5.189352e-03,7.767073e-03,2417
4.599848e+03,3.657154e+03,-3.016216e+03,6.219472e-03,4.933052e-03,7.505893e-03,2418
4.709759e+03,3.844731e+03,-3.024649e+03,5.510532e-03,4.230273e-03,6.790790e-03,2419
4.373196e+03,2.936411e+03,-2.961083e+03,7.666513e-03,6.365363e-03,8.967663e-03,2420
4.198663e+03,3.045512e+03,-2.967480e+03,7.969468e-03,6.664861e-03,9.274075e-03,2421
4.399453e+03,3.171937e+03,-2.972861e+03,1.674673e-02,1.494722e-02,1.854624e-02,2422
4.198607e+03,3.268767e+03,-2.980444e+03,1.598830e-02,1.431675e-02,1.765986e-02,2423
4.372152e+03,3.379628e+03,-2.989282e+03,8.778426e-03,7.463961e-03,1.009289e-02,2424
4.189849e+03,3.495181e+03,-2.999027e+03,6.888075e-03,5.595116e-03,8.181033e-03,2425
4.374360e+03,3.623477e+03,-3.010357e+03,6.380293e-03,5.092308e-03,7.668278e-03,2426
4.489143e+03,3.820540e+03,-3.023499e+03,6.609344e-03,5.319204e-03,7.899484e-03,2427
4.173189e+03,3.668391e+03,-3.007301e+03,5.861315e-03,4.578037e-03,7.144594e-03,2428
4.268464e+03,3.839235e+03,-3.019340e+03,6.284063e-03,4.996945e-03,7.571182e-03,2429
4.932486e+03,2.603685e+03,-2.944001e+03,5.046608e-03,3.770174e-03,6.323041e-03,2430
4.846019e+03,2.897686e+03,-2.947881e+03,3.003234e-03,1.744399e-03,4.262068e-03,2431
4.950989e+03,2.789128e+03,-2.944797e+03,4.848636e-03,3.573738e-03,6.123535e-03,2432
4.967516e+03,2.364206e+03,-2.939209e+03,6.380136e-03,5.092261e-03,7.668011e-03,2433
5.420105e+03,1.592534e+03,-2.922246e+03,3.797527e-03,2.530438e-03,5.064616e-03,2434
5.303085e+03,1.792658e+03,-2.924769e+03,3.799357e-03,2.532243e-03,5.066472e-03,2435
5.093748e+03,2.183605e+03,-2.932892e+03,4.783539e-03,3.509060e-03,6.058019e-03,2436
5.194772e+03,1.989994e+03,-2.928636e+03,4.289563e-03,3.018728e-03,5.560397e-03,2437
5.122035e+03,2.527423e+03,-2.949810e+03,3.109462e-03,1.848843e-03,4.370082e-03,2438
5.092275e+03,2.706528e+03,-2.952296e+03,1.919161e-03,6.856057e-04,3.152717e-03,2439
5.079176e+03,2.868896e+03,-2.951870e+03,2.563764e-03,1.312059e-03,3.815468e-03,2440
5.097887e+03,2.982162e+03,-2.950459e+03,2.893667e-03,1.637646e-03,4.149689e-03,2441
5.656651e+03,1.598091e+03,-2.933070e+03,6.306411e-03,5.019116e-03,7.593705e-03,2442
5.187266e+03,2.354219e+03,-2.945798e+03,3.364734e-03,2.101287e-03,4.628181e-03,2443
5.529960e+03,1.794850e+03,-2.935311e+03,5.116412e-03,3.839338e-03,6.393486e-03,2444
5.416122e+03,1.993968e+03,-2.937533e+03,4.461690e-03,3.189577e-03,5.733803e-03,2445
5.296157e+03,2.187192e+03,-2.940872e+03,3.909287e-03,2.641320e-03,5.177253e-03,2446
5.281394e+03,2.488850e+03,-2.944172e+03,2.401121e-03,1.152268e-03,3.649974e-03,2447
5.892192e+03,1.590505e+03,-2.943470e+03,6.944425e-03,5.650911e-03,8.237939e-03,2448
6.340325e+03,1.562585e+03,-2.935664e+03,5.417514e-03,4.137997e-03,6.697032e-03,2449
6.118836e+03,1.582549e+03,-2.939489e+03,5.850177e-03,4.567001e-03,7.133354e-03,2450
5.241663e+03,2.648184e+03,-2.960217e+03,2.576056e-03,1.323689e-03,3.828424e-03,2451
5.192749e+03,2.931443e+03,-2.958890e+03,2.410328e-03,1.164865e-03,3.655791e-03,2452
5.216555e+03,2.799901e+03,-2.959433e+03,2.392221e-03,1.145783e-03,3.638659e-03,2453
5.762757e+03,1.795550e+03,-2.945204e+03,7.061491e-03,5.766798e-03,8.356185e-03,2454
5.363296e+03,2.353684e+03,-2.954283e+03,3.046738e-03,1.786782e-03,4.306694e-03,2455
5.409127e+03,2.482339e+03,-2.953914e+03,2.388487e-03,1.139746e-03,3.637227e-03,2456
5.634809e+03,2.005169e+03,-2.947201e+03,5.716340e-03,4.434362e-03,6.998318e-03,2457
5.517652e+03,2.202700e+03,-2.949686e+03,4.383008e-03,3.111490e-03,5.654526e-03,2458
5.381568e+03,2.601983e+03,-2.955566e+03,2.028369e-03,7.909947e-04,3.265742e-03,2459
6.423521e+03,1.723860e+03,-2.948247e+03,5.840458e-03,4.557366e-03,7.123549e-03,2460
6.239204e+03,1.759251e+03,-2.951242e+03,6.015428e-03,4.730797e-03,7.300059e-03,2461
6.007758e+03,1.781061e+03,-2.955073e+03,6.384580e-03,5.096560e-03,7.672601e-03,2462
5.342490e+03,2.751110e+03,-2.968850e+03,2.089159e-03,8.517570e-04,3.326560e-03,2463
5.321944e+03,2.912383e+03,-2.966256e+03,2.053576e-03,8.176435e-04,3.289508e-03,2464
5.868424e+03,1.988800e+03,-2.956251e+03,6.774735e-03,5.482951e-03,8.066520e-03,2465
5.507150e+03,2.537617e+03,-2.965052e+03,2.968781e-03,1.709940e-03,4.227621e-03,2466
5.523713e+03,2.397247e+03,-2.963971e+03,3.531034e-03,2.266131e-03,4.795936e-03,2467
5.729637e+03,2.169039e+03,-2.958459e+03,5.888482e-03,4.605014e-03,7.171950e-03,2468
5.651165e+03,2.324113e+03,-2.960455e+03,4.559372e-03,3.286567e-03,5.832178e-03,2469
5.477379e+03,2.677681e+03,-2.965719e+03,2.125217e-03,8.853900e-04,3.365044e-03,2470
5.449295e+03,2.834989e+03,-2.975781e+03,2.201764e-03,9.619704e-04,3.441558e-03,2471
5.435957e+03,2.958014e+03,-2.972791e+03,1.864985e-03,6.440180e-04,3.085953e-03,2472
5.482782e+03,3.034921e+03,-2.968844e+03,2.188873e-03,9.505786e-04,3.427168e-03,2473
6.406255e+03,1.908310e+03,-2.961720e+03,6.776617e-03,5.484771e-03,8.068463e-03,2474
5.587772e+03,2.627348e+03,-2.975773e+03,3.070144e-03,1.810115e-03,4.330174e-03,2475
5.596073e+03,2.786549e+03,-2.971797e+03,2.979322e-03,1.720940e-03,4.237704e-03,2476
5.664941e+03,2.490380e+03,-2.973619e+03,4.034439e-03,2.765579e-03,5.303298e-03,2477
5.808572e+03,2.354380e+03,-2.969589e+03,5.184076e-03,3.906507e-03,6.461644e-03,2478
6.151653e+03,1.994484e+03,-2.965228e+03,6.546351e-03,5.256774e-03,7.835928e-03,2479
5.958352e+03,2.200507e+03,-2.966805e+03,6.108438e-03,4.822999e-03,7.393876e-03,2480
5.558102e+03,2.937234e+03,-2.980719e+03,2.216349e-03,9.763684e-04,3.456330e-03,2481
5.570999e+03,3.052731e+03,-2.976108e+03,2.081498e-03,8.453173e-04,3.317678e-03,2482
5.619603e+03,3.106995e+03,-2.972189e+03,2.096844e-03,8.603385e-04,3.333350e-03,2483
5.675452e+03,2.894295e+03,-2.977728e+03,2.657666e-03,1.404448e-03,3.910884e-03,2484
5.716219e+03,2.656983e+03,-2.984184e+03,3.185679e-03,1.924302e-03,4.447056e-03,2485
5.753666e+03,2.789723e+03,-2.978357e+03,3.675774e-03,2.409860e-03,4.941688e-03,2486
5.865138e+03,2.527494e+03,-2.980391e+03,4.696162e-03,3.422343e-03,5.969981e-03,2487
6.384438e+03,2.129336e+03,-2.973917e+03,6.757906e-03,5.466256e-03,8.049556e-03,2488
6.011931e+03,2.401236e+03,-2.977696e+03,5.380788e-03,4.101613e-03,6.659963e-03,2489
6.198468e+03,2.255293e+03,-2.975620e+03,6.008989e-03,4.724429e-03,7.293548e-03,2490
5.373668e+03,3.028261e+03,-2.961736e+03,2.362409e-03,1.120423e-03,3.604396e-03,2491
5.168678e+03,3.148059e+03,-2.957452e+03,5.901195e-03,4.618051e-03,7.184339e-03,2492
5.274949e+03,3.029827e+03,-2.954191e+03,2.893165e-03,1.640133e-03,4.146196e-03,2493
5.238982e+03,3.109909e+03,-2.954630e+03,4.238346e-03,2.969806e-03,5.506887e-03,2494
4.971323e+03,2.967148e+03,-2.944571e+03,4.128335e-03,2.859180e-03,5.397489e-03,2495
4.960716e+03,3.099942e+03,-2.955842e+03,6.139005e-03,4.853503e-03,7.424507e-03,2496
5.055381e+03,3.072169e+03,-2.951916e+03,4.351545e-03,3.080902e-03,5.622188e-03,2497
5.171733e+03,3.043604e+03,-2.947024e+03,2.967740e-03,1.712034e-03,4.223447e-03,2498
4.870728e+03,3.152781e+03,-2.958872e+03,8.559995e-03,7.248177e-03,9.871813e-03,2499
4.937331e+03,3.198819e+03,-2.966627e+03,8.529343e-03,7.217803e-03,9.840883e-03,2500
5.053266e+03,3.192353e+03,-2.962272e+03,7.862742e-03,6.559250e-03,9.166233e-03,2501
4.843318e+03,3.262963e+03,-2.970679e+03,9.079419e-03,7.760771e-03,1.039807e-02,2502
5.167227e+03,3.240856e+03,-2.957631e+03,9.427024e-03,8.100550e-03,1.075350e-02,2503
4.970780e+03,3.295224e+03,-2.977679e+03,4.939828e-03,3.664445e-03,6.215211e-03,2504
5.082066e+03,3.296271e+03,-2.973278e+03,4.286461e-03,3.016491e-03,5.556431e-03,2505
4.921771e+03,3.367770e+03,-2.981937e+03,3.852190e-03,2.585127e-03,5.119252e-03,2506
4.825526e+03,3.389696e+03,-2.985892e+03,4.491025e-03,3.218922e-03,5.763128e-03,2507
5.167843e+03,3.359964e+03,-2.971490e+03,3.793627e-03,2.528418e-03,5.058835e-03,2508
5.044012e+03,3.396283e+03,-2.989067e+03,2.793779e-03,1.539470e-03,4.048088e-03,2509
4.924696e+03,3.475406e+03,-2.996426e+03,3.531107e-03,2.266602e-03,4.795612e-03,2510
5.169585e+03,3.478530e+03,-2.986443e+03,2.350874e-03,1.108687e-03,3.593061e-03,2511
5.292453e+03,3.523907e+03,-2.993221e+03,2.122933e-03,8.853244e-04,3.360541e-03,2512
5.391586e+03,3.551124e+03,-2.989306e+03,1.893305e-03,6.718749e-04,3.114736e-03,2513
5.064846e+03,3.570011e+03,-3.006174e+03,2.927502e-03,1.669938e-03,4.185066e-03,2514
5.204916e+03,3.590987e+03,-3.000054e+03,2.742731e-03,1.488817e-03,3.996645e-03,2515
4.914126e+03,3.596691e+03,-3.001905e+03,3.955359e-03,2.687179e-03,5.223538e-03,2516
4.982266e+03,3.724289e+03,-3.015080e+03,2.961472e-03,1.702739e-03,4.220205e-03,2517
4.841924e+03,3.032651e+03,-2.949363e+03,7.549894e-03,6.250085e-03,8.849703e-03,2518
4.690261e+03,2.938815e+03,-2.952565e+03,4.547331e-03,3.274715e-03,5.819947e-03,2519
4.567084e+03,3.030218e+03,-2.957185e+03,7.626394e-03,6.325713e-03,8.927076e-03,2520
4.724363e+03,3.151542e+03,-2.963462e+03,1.130049e-02,9.944202e-03,1.265678e-02,2521
4.581610e+03,3.199861e+03,-2.967641e+03,1.538595e-02,1.379486e-02,1.697704e-02,2522
4.680913e+03,3.337979e+03,-2.978794e+03,7.568836e-03,6.268827e-03,8.868846e-03,2523
4.756683e+03,3.506208e+03,-2.992948e+03,4.090538e-03,2.821312e-03,5.359763e-03,2524
4.814984e+03,3.687284e+03,-3.009306e+03,4.011948e-03,2.743254e-03,5.280642e-03,2525
4.911798e+03,3.845991e+03,-3.016047e+03,4.452017e-03,3.179994e-03,5.724041e-03,2526
4.517932e+03,3.312175e+03,-2.973300e+03,1.185104e-02,1.048247e-02,1.321961e-02,2527
4.540569e+03,3.470729e+03,-2.988809e+03,7.266266e-03,5.969495e-03,8.563037e-03,2528
4.599856e+03,3.657138e+03,-3.005625e+03,6.689243e-03,5.398327e-03,7.980160e-03,2529
4.709751e+03,3.844680e+03,-3.013883e+03,5.515269e-03,4.234981e-03,6.795557e-03,2530
4.399529e+03,3.171984e+03,-2.963802e+03,1.919637e-02,1.689447e-02,2.149826e-02,2531
4.198648e+03,3.268664e+03,-2.971467e+03,1.776438e-02,1.579446e-02,1.973431e-02,2532
4.372194e+03,3.379523e+03,-2.980022e+03,9.375107e-03,8.052601e-03,1.069761e-02,2533
4.189872e+03,3.495124e+03,-2.989388e+03,6.875443e-03,5.582621e-03,8.168266e-03,2534
4.374372e+03,3.623449e+03,-3.000144e+03,6.017603e-03,4.732937e-03,7.302269e-03,2535
4.489142e+03,3.820498e+03,-3.012935e+03,7.546955e-03,6.247114e-03,8.846796e-03,2536
4.173192e+03,3.668385e+03,-2.997044e+03,5.609491e-03,4.328375e-03,6.890607e-03,2537
4.268455e+03,3.839212e+03,-3.008892e+03,6.353666e-03,5.065899e-03,7.641432e-03,2538
5.122025e+03,2.527395e+03,-2.936455e+03,2.950575e-03,1.692019e-03,4.209130e-03,2539
5.092262e+03,2.706453e+03,-2.939316e+03,1.777922e-03,5.492708e-04,3.006572e-03,2540
5.079185e+03,2.868855e+03,-2.939867e+03,2.566901e-03,1.315169e-03,3.818634e-03,2541
5.097912e+03,2.982141e+03,-2.939087e+03,2.665810e-03,1.414147e-03,3.917474e-03,2542
5.656662e+03,1.598014e+03,-2.918316e+03,6.009122e-03,4.724559e-03,7.293685e-03,2543
5.187261e+03,2.354187e+03,-2.932157e+03,3.146951e-03,1.885836e-03,4.408065e-03,2544
5.281386e+03,2.488814e+03,-2.930596e+03,2.095939e-03,8.567335e-04,3.335144e-03,2545
5.529962e+03,1.794775e+03,-2.920765e+03,4.951880e-03,3.676097e-03,6.227663e-03,2546
5.416116e+03,1.993901e+03,-2.923263e+03,4.169183e-03,2.899235e-03,5.439132e-03,2547
5.296152e+03,2.187152e+03,-2.926943e+03,3.672212e-03,2.406104e-03,4.938320e-03,2548
5.892223e+03,1.590415e+03,-2.928859e+03,6.825339e-03,5.533028e-03,8.117650e-03,2549
6.340369e+03,1.562475e+03,-2.920933e+03,4.977514e-03,3.701514e-03,6.253515e-03,2550
6.118873e+03,1.582449e+03,-2.924817e+03,5.517343e-03,4.237006e-03,6.797680e-03,2551
5.241651e+03,2.648142e+03,-2.946919e+03,2.525378e-03,1.274112e-03,3.776644e-03,2552
5.216553e+03,2.799839e+03,-2.946837e+03,2.197232e-03,9.557032e-04,3.438761e-03,2553
5.192766e+03,2.931409e+03,-2.947116e+03,2.517002e-03,1.268593e-03,3.765410e-03,2554
5.762780e+03,1.795469e+03,-2.930991e+03,7.174311e-03,5.878456e-03,8.470167e-03,2555
5.363288e+03,2.353641e+03,-2.940492e+03,2.703620e-03,1.448484e-03,3.958755e-03,2556
5.409116e+03,2.482296e+03,-2.940243e+03,1.997332e-03,7.608224e-04,3.233841e-03,2557
5.634821e+03,2.005096e+03,-2.933253e+03,5.576544e-03,4.295753e-03,6.857335e-03,2558
5.517653e+03,2.202647e+03,-2.935893e+03,4.278022e-03,3.007301e-03,5.548743e-03,2559
5.381553e+03,2.601929e+03,-2.942060e+03,1.888187e-03,6.565346e-04,3.119840e-03,2560
6.423569e+03,1.723749e+03,-2.933811e+03,5.458124e-03,4.178280e-03,6.737969e-03,2561
6.007793e+03,1.780969e+03,-2.940857e+03,6.220336e-03,4.933841e-03,7.506830e-03,2562
6.239246e+03,1.759148e+03,-2.936911e+03,5.724185e-03,4.442114e-03,7.006256e-03,2563
5.342483e+03,2.751032e+03,-2.955887e+03,1.978879e-03,7.440375e-04,3.213721e-03,2564
5.321957e+03,2.912340e+03,-2.954220e+03,2.031109e-03,7.956100e-04,3.266608e-03,2565
5.868455e+03,1.988720e+03,-2.942538e+03,6.913772e-03,5.620609e-03,8.206935e-03,2566
5.507139e+03,2.537571e+03,-2.951541e+03,2.661639e-03,1.407516e-03,3.915761e-03,2567
5.523708e+03,2.397195e+03,-2.950339e+03,3.293443e-03,2.030787e-03,4.556099e-03,2568
5.729657e+03,2.168971e+03,-2.944922e+03,5.903741e-03,4.620148e-03,7.187334e-03,2569
5.651172e+03,2.324055e+03,-2.946926e+03,4.428250e-03,3.156410e-03,5.700089e-03,2570
5.477357e+03,2.677619e+03,-2.952378e+03,1.937494e-03,7.037058e-04,3.171282e-03,2571
6.406303e+03,1.908204e+03,-2.947680e+03,6.568410e-03,5.278613e-03,7.858208e-03,2572
6.151694e+03,1.994392e+03,-2.951456e+03,6.456932e-03,5.168234e-03,7.745631e-03,2573
5.449299e+03,2.834926e+03,-2.963239e+03,2.054864e-03,8.187119e-04,3.291016e-03,2574
5.435976e+03,2.957977e+03,-2.960927e+03,1.982395e-03,7.478615e-04,3.216929e-03,2575
5.482812e+03,3.034900e+03,-2.957368e+03,2.576853e-03,1.330586e-03,3.823121e-03,2576
5.587765e+03,2.627278e+03,-2.962490e+03,3.001423e-03,1.742282e-03,4.260563e-03,2577
5.958388e+03,2.200430e+03,-2.953482e+03,6.155385e-03,4.869517e-03,7.441254e-03,2578
5.664946e+03,2.490324e+03,-2.960305e+03,3.902882e-03,2.635023e-03,5.170742e-03,2579
5.808593e+03,2.354313e+03,-2.956331e+03,5.139048e-03,3.861837e-03,6.416260e-03,2580
5.596077e+03,2.786481e+03,-2.959113e+03,2.912438e-03,1.655050e-03,4.169827e-03,2581
5.558125e+03,2.937195e+03,-2.968778e+03,2.327499e-03,1.085490e-03,3.569508e-03,2582
5.571039e+03,3.052714e+03,-2.964743e+03,2.479736e-03,1.235933e-03,3.723538e-03,2583
5.619655e+03,3.106993e+03,-2.961149e+03,2.876476e-03,1.621831e-03,4.131122e-03,2584
5.675479e+03,2.894253e+03,-2.965696e+03,2.689958e-03,1.436412e-03,3.943504e-03,2585
6.384486e+03,2.129238e+03,-2.960335e+03,6.761970e-03,5.470291e-03,8.053650e-03,2586
5.716224e+03,2.656917e+03,-2.971166e+03,3.203913e-03,1.942390e-03,4.465437e-03,2587
5.753685e+03,2.789664e+03,-2.965882e+03,3.578504e-03,2.313488e-03,4.843521e-03,2588
5.865161e+03,2.527428e+03,-2.967418e+03,4.764033e-03,3.489720e-03,6.038345e-03,2589
6.011966e+03,2.401161e+03,-2.964618e+03,5.357531e-03,4.078561e-03,6.636502e-03,2590
6.198510e+03,2.255207e+03,-2.962294e+03,5.896292e-03,4.612733e-03,7.179851e-03,2591
5.671109e+03,3.014867e+03,-2.973197e+03,2.544191e-03,1.295590e-03,3.792791e-03,2592
5.703055e+03,3.128901e+03,-2.967915e+03,2.663226e-03,1.411830e-03,3.914621e-03,2593
5.779080e+03,2.929416e+03,-2.972315e+03,2.800422e-03,1.544808e-03,4.056037e-03,2594
5.890917e+03,2.705104e+03,-2.976888e+03,3.720794e-03,2.454392e-03,4.987196e-03,2595
5.866189e+03,2.843353e+03,-2.972078e+03,3.777114e-03,2.510351e-03,5.043877e-03,2596
6.043832e+03,2.618173e+03,-2.974849e+03,4.390137e-03,3.118577e-03,5.661697e-03,2597
6.403161e+03,2.363265e+03,-2.970777e+03,6.173970e-03,4.887896e-03,7.460044e-03,2598
6.221154e+03,2.492477e+03,-2.972819e+03,5.432763e-03,4.153165e-03,6.712362e-03,2599
5.708846e+03,3.239280e+03,-2.966330e+03,2.741184e-03,1.489337e-03,3.993031e-03,2600
5.373697e+03,3.028240e+03,-2.950313e+03,2.760350e-03,1.509909e-03,4.010791e-03,2601
5.274979e+03,3.029809e+03,-2.942885e+03,3.150877e-03,1.893426e-03,4.408327e-03,2602
5.168727e+03,3.148042e+03,-2.946924e+03,7.612155e-03,6.311395e-03,8.912914e-03,2603
5.239025e+03,3.109909e+03,-2.943828e+03,5.124411e-03,3.848142e-03,6.400680e-03,2604
5.499068e+03,3.546192e+03,-2.983493e+03,2.088206e-03,8.517738e-04,3.324639e-03,2605
5.448383e+03,3.636829e+03,-2.989142e+03,2.015274e-03,7.799790e-04,3.250570e-03,2606
5.055421e+03,3.072168e+03,-2.941157e+03,4.675957e-03,3.402789e-03,5.949125e-03,2607
5.171766e+03,3.043591e+03,-2.935915e+03,2.904771e-03,1.649768e-03,4.159774e-03,2608
4.960751e+03,3.099955e+03,-2.945433e+03,7.135828e-03,5.840508e-03,8.431149e-03,2609
4.870764e+03,3.152782e+03,-2.948926e+03,9.942725e-03,8.611016e-03,1.127443e-02,2610
4.937390e+03,3.198837e+03,-2.956753e+03,1.005934e-02,8.725038e-03,1.139364e-02,2611
5.053331e+03,3.192360e+03,-2.952121e+03,9.673572e-03,8.344317e-03,1.100283e-02,2612
4.843341e+03,3.262843e+03,-2.961052e+03,1.042237e-02,9.082241e-03,1.176251e-02,2613
5.167273e+03,3.240795e+03,-2.947392e+03,1.221576e-02,1.081136e-02,1.362015e-02,2614
4.970815e+03,3.295141e+03,-2.967617e+03,6.124008e-03,4.838653e-03,7.409364e-03,2615
5.082113e+03,3.296197e+03,-2.962972e+03,5.262785e-03,3.985042e-03,6.540527e-03,2616
4.825559e+03,3.389620e+03,-2.975839e+03,4.853230e-03,3.578356e-03,6.128104e-03,2617
4.921805e+03,3.367699e+03,-2.971729e+03,4.270705e-03,3.000386e-03,5.541024e-03,2618
5.167878e+03,3.359910e+03,-2.960804e+03,4.688918e-03,3.416192e-03,5.961645e-03,2619
5.044044e+03,3.396231e+03,-2.978477e+03,3.141732e-03,1.882629e-03,4.400835e-03,2620
4.924717e+03,3.475364e+03,-2.985807e+03,3.460774e-03,2.197134e-03,4.724415e-03,2621
5.169597e+03,3.478503e+03,-2.975352e+03,2.701286e-03,1.449619e-03,3.952952e-03,2622
5.292451e+03,3.523892e+03,-2.981823e+03,2.551400e-03,1.304972e-03,3.797827e-03,2623
5.391574e+03,3.551115e+03,-2.977722e+03,2.346468e-03,1.104661e-03,3.588275e-03,2624
5.064841e+03,3.570003e+03,-2.994907e+03,2.946924e-03,1.689157e-03,4.204690e-03,2625
5.204898e+03,3.590990e+03,-2.988514e+03,2.787560e-03,1.533003e-03,4.042117e-03,2626
5.304387e+03,3.671283e+03,-2.997895e+03,2.145870e-03,9.068869e-04,3.384852e-03,2627
5.157909e+03,3.711766e+03,-3.006319e+03,2.333959e-03,1.088680e-03,3.579239e-03,2628
4.914132e+03,3.596678e+03,-2.990897e+03,3.820540e-03,2.553440e-03,5.087641e-03,2629
4.982242e+03,3.724306e+03,-3.003528e+03,2.982855e-03,1.723853e-03,4.241857e-03,2630
5.100477e+03,3.863385e+03,-3.007127e+03,4.065208e-03,2.796100e-03,5.334315e-03,2631
4.724402e+03,3.151561e+03,-2.953812e+03,1.306616e-02,1.164824e-02,1.448408e-02,2632
4.581616e+03,3.199919e+03,-2.958590e+03,1.684172e-02,1.502608e-02,1.865735e-02,2633
4.680953e+03,3.337873e+03,-2.969271e+03,9.016656e-03,7.699031e-03,1.033428e-02,2634
4.756706e+03,3.506159e+03,-2.982601e+03,3.799597e-03,2.532616e-03,5.066577e-03,2635
4.814979e+03,3.687280e+03,-2.998199e+03,4.165670e-03,2.895839e-03,5.435501e-03,2636
4.911781e+03,3.845928e+03,-3.004900e+03,4.265098e-03,2.994445e-03,5.535752e-03,2637
4.517974e+03,3.312044e+03,-2.964197e+03,1.393333e-02,1.247106e-02,1.539560e-02,2638
4.540601e+03,3.470650e+03,-2.979050e+03,8.388262e-03,7.078730e-03,9.697794e-03,2639
4.599864e+03,3.657121e+03,-2.995034e+03,7.259379e-03,5.962665e-03,8.556092e-03,2640
4.709744e+03,3.844629e+03,-3.003117e+03,5.466356e-03,4.186483e-03,6.746229e-03,2641
4.372236e+03,3.379418e+03,-2.970763e+03,1.001451e-02,8.682504e-03,1.134652e-02,2642
4.189895e+03,3.495067e+03,-2.979748e+03,6.983856e-03,5.689937e-03,8.277776e-03,2643
4.374384e+03,3.623422e+03,-2.989931e+03,5.461439e-03,4.181581e-03,6.741297e-03,2644
4.489142e+03,3.820456e+03,-3.002370e+03,8.770465e-03,7.456096e-03,1.008483e-02,2645
4.173196e+03,3.668380e+03,-2.986786e+03,5.378125e-03,4.098932e-03,6.657317e-03,2646
4.268445e+03,3.839189e+03,-2.998445e+03,6.585815e-03,5.295846e-03,7.875784e-03,2647
5.241639e+03,2.648100e+03,-2.933622e+03,2.472364e-03,1.222398e-03,3.722330e-03,2648
5.216550e+03,2.799777e+03,-2.934241e+03,2.037835e-03,8.019213e-04,3.273750e-03,2649
5.192782e+03,2.931374e+03,-2.935343e+03,2.742741e-03,1.489116e-03,3.996365e-03,2650
5.892253e+03,1.590326e+03,-2.914247e+03,6.696672e-03,5.405645e-03,7.987699e-03,2651
6.118911e+03,1.582349e+03,-2.910145e+03,5.214480e-03,3.936622e-03,6.492339e-03,2652
6.340414e+03,1.562364e+03,-2.906202e+03,4.494148e-03,3.221806e-03,5.766490e-03,2653
5.762802e+03,1.795387e+03,-2.916777e+03,7.371138e-03,6.073209e-03,8.669068e-03,2654
5.363280e+03,2.353598e+03,-2.926700e+03,2.334141e-03,1.086671e-03,3.581612e-03,2655
5.381538e+03,2.601876e+03,-2.928555e+03,1.557916e-03,3.513969e-04,2.764435e-03,2656
5.409106e+03,2.482253e+03,-2.926572e+03,1.880165e-03,6.485739e-04,3.111757e-03,2657
5.634833e+03,2.005024e+03,-2.919304e+03,5.390779e-03,4.111541e-03,6.670016e-03,2658
5.517655e+03,2.202593e+03,-2.922100e+03,4.346686e-03,3.075455e-03,5.617916e-03,2659
6.423616e+03,1.723637e+03,-2.919374e+03,5.142142e-03,3.864850e-03,6.419435e-03,2660
6.007829e+03,1.780876e+03,-2.926641e+03,6.019575e-03,4.734921e-03,7.304230e-03,2661
6.239289e+03,1.759045e+03,-2.922581e+03,5.446976e-03,4.167237e-03,6.726715e-03,2662
5.342476e+03,2.750954e+03,-2.942924e+03,1.888338e-03,6.554515e-04,3.121224e-03,2663
5.321969e+03,2.912296e+03,-2.942185e+03,2.014704e-03,7.794165e-04,3.249992e-03,2664
5.868485e+03,1.988640e+03,-2.928824e+03,7.098204e-03,5.803167e-03,8.393241e-03,2665
5.523703e+03,2.397143e+03,-2.936707e+03,3.072094e-03,1.811888e-03,4.332300e-03,2666
5.507128e+03,2.537526e+03,-2.938030e+03,2.402512e-03,1.153739e-03,3.651284e-03,2667
5.729676e+03,2.168904e+03,-2.931386e+03,5.943805e-03,4.659866e-03,7.227744e-03,2668
5.651179e+03,2.323997e+03,-2.933398e+03,4.230355e-03,2.960017e-03,5.500693e-03,2669
5.477335e+03,2.677557e+03,-2.939037e+03,1.799847e-03,5.708206e-04,3.028873e-03,2670
6.406351e+03,1.908099e+03,-2.933640e+03,6.351225e-03,5.063513e-03,7.638936e-03,2671
6.151736e+03,1.994300e+03,-2.937684e+03,6.378769e-03,5.090815e-03,7.666724e-03,2672
5.449302e+03,2.834863e+03,-2.950697e+03,1.959911e-03,7.256292e-04,3.194193e-03,2673
5.435996e+03,2.957941e+03,-2.949064e+03,2.032991e-03,7.974778e-04,3.268504e-03,2674
5.482842e+03,3.034878e+03,-2.945892e+03,3.052815e-03,1.797105e-03,4.308525e-03,2675
5.958423e+03,2.200353e+03,-2.940159e+03,6.207462e-03,4.921128e-03,7.493796e-03,2676
5.587758e+03,2.627208e+03,-2.949207e+03,2.929757e-03,1.671642e-03,4.187873e-03,2677
5.664950e+03,2.490268e+03,-2.946992e+03,3.779579e-03,2.512687e-03,5.046470e-03,2678
5.808613e+03,2.354247e+03,-2.943074e+03,5.070432e-03,3.793763e-03,6.347100e-03,2679
5.596081e+03,2.786414e+03,-2.946430e+03,2.865249e-03,1.608753e-03,4.121744e-03,2680
6.384534e+03,2.129139e+03,-2.946753e+03,6.801827e-03,5.509763e-03,8.093892e-03,2681
6.198551e+03,2.255120e+03,-2.948969e+03,5.776653e-03,4.494154e-03,7.059151e-03,2682
5.558148e+03,2.937157e+03,-2.956836e+03,2.542440e-03,1.293847e-03,3.791033e-03,2683
5.571078e+03,3.052697e+03,-2.953377e+03,3.176658e-03,1.919071e-03,4.434244e-03,2684
5.716228e+03,2.656852e+03,-2.958148e+03,3.243573e-03,1.981618e-03,4.505529e-03,2685
6.012000e+03,2.401086e+03,-2.951540e+03,5.335904e-03,4.057118e-03,6.614691e-03,2686
5.865185e+03,2.527362e+03,-2.954445e+03,4.817655e-03,3.542947e-03,6.092364e-03,2687
5.675506e+03,2.894211e+03,-2.953664e+03,2.796637e-03,1.541920e-03,4.051354e-03,2688
5.753703e+03,2.789605e+03,-2.953406e+03,3.431244e-03,2.167591e-03,4.694897e-03,2689
5.619707e+03,3.106991e+03,-2.950109e+03,3.970989e-03,2.703895e-03,5.238082e-03,2690
5.671150e+03,3.014847e+03,-2.961696e+03,2.864299e-03,1.609273e-03,4.119324e-03,2691
5.703117e+03,3.128889e+03,-2.957034e+03,3.458745e-03,2.195951e-03,4.721540e-03,2692
5.779121e+03,2.929388e+03,-2.960572e+03,2.926496e-03,1.668987e-03,4.184005e-03,2693
6.403208e+03,2.363173e+03,-2.957546e+03,5.941868e-03,4.657896e-03,7.225839e-03,2694
5.890944e+03,2.705040e+03,-2.964297e+03,3.788046e-03,2.521118e-03,5.054974e-03,2695
5.866227e+03,2.843312e+03,-2.960037e+03,3.832178e-03,2.565018e-03,5.099339e-03,2696
6.043865e+03,2.618102e+03,-2.962094e+03,4.488259e-03,3.215985e-03,5.760532e-03,2697
6.221194e+03,2.492395e+03,-2.959834e+03,5.400157e-03,4.120825e-03,6.679489e-03,2698
5.809959e+03,3.045997e+03,-2.966312e+03,2.994414e-03,1.736201e-03,4.252627e-03,2699
5.808738e+03,3.163774e+03,-2.962865e+03,3.041712e-03,1.783068e-03,4.300357e-03,2700
5.917512e+03,2.963439e+03,-2.965255e+03,3.515915e-03,2.251454e-03,4.780375e-03,2701
6.032870e+03,2.826424e+03,-2.967179e+03,4.481186e-03,3.209007e-03,5.753365e-03,2702
6.223602e+03,2.713052e+03,-2.967923e+03,4.822100e-03,3.547325e-03,6.096876e-03,2703
6.410746e+03,2.589063e+03,-2.967849e+03,5.569208e-03,4.288470e-03,6.849947e-03,2704
5.708906e+03,3.239237e+03,-2.955583e+03,3.959022e-03,2.692268e-03,5.225776e-03,2705
5.714193e+03,3.348877e+03,-2.968124e+03,2.087933e-03,8.515010e-04,3.324364e-03,2706
5.800744e+03,3.293162e+03,-2.963219e+03,2.383842e-03,1.140676e-03,3.627007e-03,2707
5.373725e+03,3.028219e+03,-2.938890e+03,3.202119e-03,1.944486e-03,4.459751e-03,2708
5.275009e+03,3.029792e+03,-2.931579e+03,3.294635e-03,2.035541e-03,4.553729e-03,2709
5.168775e+03,3.148025e+03,-2.936396e+03,9.751281e-03,8.417766e-03,1.108480e-02,2710
5.239069e+03,3.109909e+03,-2.933025e+03,5.978268e-03,4.694519e-03,7.262016e-03,2711
5.701735e+03,3.448324e+03,-2.971045e+03,1.999422e-03,7.645540e-04,3.234290e-03,2712
5.621863e+03,3.534157e+03,-2.976830e+03,2.144430e-03,9.065405e-04,3.382319e-03,2713
5.499059e+03,3.546178e+03,-2.971892e+03,2.632092e-03,1.382668e-03,3.881516e-03,2714
5.573547e+03,3.632311e+03,-2.982197e+03,1.986725e-03,7.519427e-04,3.221508e-03,2715
5.448358e+03,3.636844e+03,-2.977235e+03,2.148560e-03,9.097342e-04,3.387385e-03,2716
5.416127e+03,3.741261e+03,-2.992069e+03,1.993347e-03,7.582878e-04,3.228407e-03,2717
5.518758e+03,3.714097e+03,-2.986045e+03,2.139765e-03,9.008171e-04,3.378712e-03,2718
4.937449e+03,3.198854e+03,-2.946878e+03,1.199746e-02,1.061447e-02,1.338045e-02,2719
5.053396e+03,3.192366e+03,-2.941971e+03,1.215353e-02,1.075560e-02,1.355146e-02,2720
4.843363e+03,3.262723e+03,-2.951425e+03,1.194282e-02,1.056521e-02,1.332044e-02,2721
5.167319e+03,3.240733e+03,-2.937153e+03,1.590312e-02,1.417245e-02,1.763378e-02,2722
4.970851e+03,3.295057e+03,-2.957555e+03,7.681525e-03,6.380202e-03,8.982848e-03,2723
5.082160e+03,3.296123e+03,-2.952666e+03,6.361202e-03,5.073742e-03,7.648663e-03,2724
4.825592e+03,3.389544e+03,-2.965786e+03,5.181254e-03,3.903847e-03,6.458661e-03,2725
4.921839e+03,3.367628e+03,-2.961521e+03,4.749142e-03,3.475236e-03,6.023048e-03,2726
5.167913e+03,3.359856e+03,-2.950118e+03,5.460442e-03,4.181262e-03,6.739622e-03,2727
5.044077e+03,3.396178e+03,-2.967888e+03,3.497934e-03,2.234598e-03,4.761269e-03,2728
4.924738e+03,3.475322e+03,-2.975187e+03,3.362625e-03,2.099887e-03,4.625364e-03,2729
5.169608e+03,3.478476e+03,-2.964261e+03,3.036789e-03,1.780015e-03,4.293563e-03,2730
5.292449e+03,3.523876e+03,-2.970426e+03,3.068682e-03,1.811855e-03,4.325510e-03,2731
5.391562e+03,3.551106e+03,-2.966138e+03,2.919579e-03,1.664839e-03,4.174318e-03,2732
5.064836e+03,3.569994e+03,-2.983640e+03,2.898284e-03,1.641156e-03,4.155412e-03,2733
5.204880e+03,3.590993e+03,-2.976974e+03,2.747968e-03,1.494079e-03,4.001857e-03,2734
5.304345e+03,3.671274e+03,-2.986004e+03,2.253759e-03,1.011403e-03,3.496115e-03,2735
5.157868e+03,3.711754e+03,-2.994539e+03,2.462710e-03,1.212886e-03,3.712535e-03,2736
5.309765e+03,3.852031e+03,-2.995308e+03,3.382202e-03,2.118727e-03,4.645677e-03,2737
4.914137e+03,3.596665e+03,-2.979888e+03,3.666336e-03,2.400487e-03,4.932185e-03,2738
4.982217e+03,3.724324e+03,-2.991975e+03,3.056262e-03,1.796388e-03,4.316136e-03,2739
5.100445e+03,3.863316e+03,-2.995745e+03,4.018832e-03,2.750071e-03,5.287593e-03,2740
4.680993e+03,3.337767e+03,-2.959747e+03,1.147195e-02,1.011209e-02,1.283181e-02,2741
4.756730e+03,3.506110e+03,-2.972253e+03,3.504801e-03,2.240287e-03,4.769315e-03,2742
4.814974e+03,3.687275e+03,-2.987092e+03,4.401877e-03,3.130270e-03,5.673483e-03,2743
4.911763e+03,3.845864e+03,-2.993753e+03,4.000638e-03,2.731984e-03,5.269292e-03,2744
4.540633e+03,3.470570e+03,-2.969292e+03,9.585875e-03,8.260333e-03,1.091142e-02,2745
4.599872e+03,3.657105e+03,-2.984443e+03,7.794750e-03,6.492191e-03,9.097308e-03,2746
4.709736e+03,3.844579e+03,-2.992351e+03,5.307402e-03,4.028832e-03,6.585972e-03,2747
4.374396e+03,3.623395e+03,-2.979718e+03,4.577553e-03,3.304605e-03,5.850500e-03,2748
4.489142e+03,3.820414e+03,-2.991806e+03,1.083528e-02,9.489070e-03,1.218148e-02,2749
4.268436e+03,3.839166e+03,-2.987997e+03,7.078239e-03,5.783350e-03,8.373129e-03,2750
5.342469e+03,2.750876e+03,-2.929960e+03,1.836903e-03,6.061992e-04,3.067608e-03,2751
5.321982e+03,2.912253e+03,-2.930150e+03,1.996569e-03,7.617164e-04,3.231421e-03,2752
6.423664e+03,1.723525e+03,-2.904938e+03,4.926074e-03,3.650488e-03,6.201661e-03,2753
5.477313e+03,2.677495e+03,-2.925696e+03,1.447808e-03,2.608137e-04,2.634801e-03,2754
6.007864e+03,1.780784e+03,-2.912425e+03,5.817617e-03,4.534754e-03,7.100480e-03,2755
6.239331e+03,1.758942e+03,-2.908250e+03,5.230992e-03,3.953006e-03,6.508979e-03,2756
5.868516e+03,1.988560e+03,-2.915111e+03,7.355249e-03,6.057506e-03,8.652992e-03,2757
5.523698e+03,2.397091e+03,-2.923075e+03,2.911158e-03,1.653047e-03,4.169270e-03,2758
5.507117e+03,2.537481e+03,-2.924519e+03,2.172516e-03,9.311883e-04,3.413844e-03,2759
5.729696e+03,2.168836e+03,-2.917850e+03,6.028303e-03,4.743633e-03,7.312973e-03,2760
5.651187e+03,2.323940e+03,-2.919869e+03,3.963802e-03,2.695487e-03,5.232117e-03,2761
6.406399e+03,1.907993e+03,-2.919600e+03,6.094744e-03,4.809411e-03,7.380078e-03,2762
6.151777e+03,1.994208e+03,-2.923912e+03,6.317194e-03,5.029825e-03,7.604564e-03,2763
5.449305e+03,2.834801e+03,-2.938154e+03,1.828573e-03,5.981410e-04,3.059005e-03,2764
5.436015e+03,2.957904e+03,-2.937201e+03,2.070416e-03,8.342025e-04,3.306630e-03,2765
5.482872e+03,3.034857e+03,-2.934417e+03,3.539527e-03,2.277891e-03,4.801163e-03,2766
5.958459e+03,2.200276e+03,-2.926836e+03,6.263589e-03,4.976743e-03,7.550434e-03,2767
5.587752e+03,2.627138e+03,-2.935925e+03,2.884027e-03,1.626608e-03,4.141447e-03,2768
5.664955e+03,2.490212e+03,-2.933679e+03,3.618886e-03,2.353314e-03,4.884458e-03,2769
5.808634e+03,2.354180e+03,-2.929817e+03,4.997577e-03,3.721491e-03,6.273664e-03,2770
5.596085e+03,2.786347e+03,-2.933746e+03,2.793748e-03,1.538545e-03,4.048952e-03,2771
6.384582e+03,2.129041e+03,-2.933171e+03,6.880821e-03,5.587977e-03,8.173665e-03,2772
6.198593e+03,2.255033e+03,-2.935643e+03,5.657569e-03,4.376090e-03,6.939049e-03,2773
5.558170e+03,2.937118e+03,-2.944895e+03,2.689316e-03,1.437852e-03,3.940780e-03,2774
5.571118e+03,3.052680e+03,-2.942011e+03,3.754438e-03,2.490411e-03,5.018465e-03,2775
6.012034e+03,2.401011e+03,-2.938462e+03,5.316793e-03,4.038168e-03,6.595418e-03,2776
5.716233e+03,2.656786e+03,-2.945130e+03,3.320034e-03,2.057342e-03,4.582727e-03,2777
5.865209e+03,2.527296e+03,-2.941472e+03,4.860509e-03,3.585477e-03,6.135541e-03,2778
5.675532e+03,2.894169e+03,-2.941633e+03,3.007967e-03,1.749611e-03,4.266324e-03,2779
5.753722e+03,2.789546e+03,-2.940930e+03,3.212771e-03,1.951401e-03,4.474140e-03,2780
5.619759e+03,3.106989e+03,-2.939069e+03,5.339466e-03,4.061251e-03,6.617681e-03,2781
6.403254e+03,2.363081e+03,-2.944315e+03,5.697946e-03,4.416113e-03,6.979778e-03,2782
6.221234e+03,2.492314e+03,-2.946849e+03,5.363243e-03,4.084229e-03,6.642258e-03,2783
5.671190e+03,3.014827e+03,-2.950196e+03,3.216410e-03,1.956546e-03,4.476275e-03,2784
5.890971e+03,2.704976e+03,-2.951706e+03,3.854219e-03,2.586791e-03,5.121648e-03,2785
6.043898e+03,2.618031e+03,-2.949340e+03,4.617290e-03,3.344086e-03,5.890494e-03,2786
5.779162e+03,2.929360e+03,-2.948829e+03,3.153429e-03,1.893002e-03,4.413856e-03,2787
5.866265e+03,2.843271e+03,-2.947997e+03,3.877557e-03,2.610067e-03,5.145047e-03,2788
5.703179e+03,3.128878e+03,-2.946153e+03,4.396608e-03,3.125902e-03,5.667314e-03,2789
5.810016e+03,3.045989e+03,-2.955108e+03,3.254509e-03,1.993202e-03,4.515816e-03,2790
5.808799e+03,3.163741e+03,-2.952097e+03,3.854589e-03,2.587792e-03,5.121386e-03,2791
5.917572e+03,2.963427e+03,-2.953830e+03,3.761734e-03,2.495232e-03,5.028237e-03,2792
6.410791e+03,2.588979e+03,-2.954969e+03,5.683274e-03,4.401568e-03,6.964980e-03,2793
6.032912e+03,2.826389e+03,-2.955212e+03,4.554928e-03,3.282201e-03,5.827656e-03,2794
6.223642e+03,2.712988e+03,-2.955377e+03,4.734474e-03,3.460362e-03,6.008586e-03,2795
5.946416e+03,3.114295e+03,-2.957807e+03,4.394404e-03,3.123023e-03,5.665785e-03,2796
5.894285e+03,3.232054e+03,-2.958454e+03,3.277844e-03,2.015937e-03,4.539750e-03,2797
5.899064e+03,3.332809e+03,-2.959147e+03,2.938639e-03,1.681057e-03,4.196221e-03,2798
6.088317e+03,3.057104e+03,-2.955450e+03,4.848406e-03,3.573493e-03,6.123319e-03,2799
6.245063e+03,2.942659e+03,-2.956741e+03,4.792453e-03,3.517908e-03,6.066997e-03,2800
6.425038e+03,2.813205e+03,-2.958420e+03,5.910606e-03,4.626936e-03,7.194276e-03,2801
5.708966e+03,3.239194e+03,-2.944836e+03,5.561725e-03,4.281564e-03,6.841886e-03,2802
5.800800e+03,3.293108e+03,-2.952339e+03,2.926007e-03,1.670136e-03,4.181878e-03,2803
5.714232e+03,3.348830e+03,-2.957067e+03,2.714917e-03,1.464703e-03,3.965130e-03,2804
5.826933e+03,3.418041e+03,-2.964213e+03,2.203031e-03,9.632340e-04,3.442828e-03,2805
5.373754e+03,3.028198e+03,-2.927467e+03,3.695463e-03,2.432246e-03,4.958680e-03,2806
5.701755e+03,3.448289e+03,-2.959717e+03,2.353316e-03,1.111389e-03,3.595243e-03,2807
5.621859e+03,3.534136e+03,-2.965225e+03,2.464108e-03,1.219129e-03,3.709087e-03,2808
5.756864e+03,3.548039e+03,-2.969998e+03,2.547496e-03,1.297527e-03,3.797465e-03,2809
5.665493e+03,3.628527e+03,-2.976888e+03,1.953723e-03,7.195111e-04,3.187935e-03,2810
5.499050e+03,3.546164e+03,-2.960290e+03,3.303028e-03,2.043312e-03,4.562743e-03,2811
5.573513e+03,3.632327e+03,-2.970279e+03,2.021403e-03,7.860643e-04,3.256742e-03,2812
5.628227e+03,3.752403e+03,-2.979380e+03,2.333973e-03,1.088693e-03,3.579252e-03,2813
5.448333e+03,3.636860e+03,-2.965328e+03,2.198954e-03,9.593925e-04,3.438516e-03,2814
5.416083e+03,3.741251e+03,-2.980100e+03,2.040126e-03,8.041170e-04,3.276135e-03,2815
5.518709e+03,3.714063e+03,-2.974036e+03,2.165944e-03,9.266102e-04,3.405278e-03,2816
5.508239e+03,3.869099e+03,-2.982606e+03,3.533123e-03,2.268240e-03,4.798006e-03,2817
4.970886e+03,3.294974e+03,-2.947492e+03,9.458114e-03,8.133412e-03,1.078282e-02,2818
5.082207e+03,3.296049e+03,-2.942360e+03,7.688874e-03,6.387304e-03,8.990445e-03,2819
4.921873e+03,3.367557e+03,-2.951313e+03,5.471160e-03,4.191475e-03,6.750846e-03,2820
4.825625e+03,3.389468e+03,-2.955733e+03,5.709864e-03,4.428097e-03,6.991630e-03,2821
5.167947e+03,3.359802e+03,-2.939432e+03,5.841182e-03,4.558646e-03,7.123718e-03,2822
5.044109e+03,3.396125e+03,-2.957299e+03,3.742898e-03,2.477615e-03,5.008181e-03,2823
4.924758e+03,3.475280e+03,-2.964567e+03,3.172716e-03,1.912056e-03,4.433376e-03,2824
5.169620e+03,3.478449e+03,-2.953169e+03,3.521226e-03,2.257954e-03,4.784499e-03,2825
5.292447e+03,3.523861e+03,-2.959028e+03,3.596491e-03,2.332839e-03,4.860144e-03,2826
5.391550e+03,3.551098e+03,-2.954554e+03,3.577287e-03,2.314002e-03,4.840571e-03,2827
5.064831e+03,3.569986e+03,-2.972374e+03,2.728517e-03,1.474442e-03,3.982592e-03,2828
5.204861e+03,3.590996e+03,-2.965434e+03,2.682384e-03,1.429128e-03,3.935641e-03,2829
5.304303e+03,3.671265e+03,-2.974113e+03,2.334978e-03,1.090615e-03,3.579340e-03,2830
5.157827e+03,3.711742e+03,-2.982759e+03,2.602134e-03,1.349525e-03,3.854743e-03,2831
5.309721e+03,3.851961e+03,-2.983742e+03,3.327320e-03,2.064421e-03,4.590219e-03,2832
4.914142e+03,3.596652e+03,-2.968880e+03,3.513393e-03,2.248878e-03,4.777908e-03,2833
4.982193e+03,3.724341e+03,-2.980422e+03,3.158530e-03,1.897414e-03,4.419645e-03,2834
5.100412e+03,3.863247e+03,-2.984363e+03,3.935808e-03,2.667681e-03,5.203935e-03,2835
4.756753e+03,3.506061e+03,-2.961906e+03,3.238266e-03,1.976483e-03,4.500049e-03,2836
4.814969e+03,3.687271e+03,-2.975984e+03,4.674249e-03,3.400625e-03,5.947873e-03,2837
4.911746e+03,3.845801e+03,-2.982607e+03,3.724527e-03,2.458003e-03,4.991050e-03,2838
4.599881e+03,3.657088e+03,-2.973852e+03,7.919452e-03,6.615460e-03,9.223444e-03,2839
4.709728e+03,3.844528e+03,-2.981585e+03,4.978588e-03,3.702613e-03,6.254563e-03,2840
4.489142e+03,3.820371e+03,-2.981241e+03,1.406372e-02,1.259242e-02,1.553502e-02,2841
5.449309e+03,2.834738e+03,-2.925612e+03,1.614237e-03,4.066951e-04,2.821779e-03,2842
5.436035e+03,2.957867e+03,-2.925338e+03,2.096568e-03,8.600647e-04,3.333071e-03,2843
5.482903e+03,3.034835e+03,-2.922941e+03,3.973399e-03,2.707276e-03,5.239522e-03,2844
6.406447e+03,1.907887e+03,-2.905560e+03,5.784895e-03,4.502316e-03,7.067475e-03,2845
5.587745e+03,2.627068e+03,-2.922642e+03,2.871278e-03,1.614111e-03,4.128445e-03,2846
5.596089e+03,2.786280e+03,-2.921063e+03,2.756239e-03,1.501897e-03,4.010581e-03,2847
6.151818e+03,1.994116e+03,-2.910140e+03,6.271912e-03,4.984972e-03,7.558852e-03,2848
5.958494e+03,2.200200e+03,-2.913512e+03,6.321852e-03,5.034477e-03,7.609226e-03,2849
5.664959e+03,2.490155e+03,-2.920365e+03,3.495314e-03,2.230830e-03,4.759799e-03,2850
5.808654e+03,2.354114e+03,-2.916560e+03,4.926464e-03,3.650918e-03,6.202009e-03,2851
6.384630e+03,2.128942e+03,-2.919589e+03,7.020887e-03,5.726624e-03,8.315150e-03,2852
6.198634e+03,2.254947e+03,-2.922318e+03,5.562597e-03,4.281923e-03,6.843270e-03,2853
5.558193e+03,2.937079e+03,-2.932953e+03,2.856579e-03,1.601854e-03,4.111304e-03,2854
5.571158e+03,3.052663e+03,-2.930645e+03,4.256697e-03,2.988090e-03,5.525303e-03,2855
6.012069e+03,2.400936e+03,-2.925383e+03,5.296778e-03,4.018328e-03,6.575229e-03,2856
5.716238e+03,2.656721e+03,-2.932112e+03,3.443311e-03,2.179445e-03,4.707176e-03,2857
5.865232e+03,2.527230e+03,-2.928499e+03,4.891863e-03,3.616604e-03,6.167121e-03,2858
5.675559e+03,2.894127e+03,-2.929601e+03,3.336198e-03,2.074058e-03,4.598337e-03,2859
5.753741e+03,2.789487e+03,-2.928455e+03,2.855319e-03,1.598548e-03,4.112091e-03,2860
5.619811e+03,3.106987e+03,-2.928029e+03,7.211495e-03,5.915383e-03,8.507606e-03,2861
6.403300e+03,2.362989e+03,-2.931084e+03,5.468983e-03,4.189075e-03,6.748891e-03,2862
6.221274e+03,2.492233e+03,-2.933865e+03,5.368484e-03,4.089439e-03,6.647529e-03,2863
5.671231e+03,3.014807e+03,-2.938695e+03,3.472933e-03,2.210043e-03,4.735823e-03,2864
6.043932e+03,2.617960e+03,-2.936585e+03,4.811337e-03,3.536675e-03,6.085999e-03,2865
5.890998e+03,2.704913e+03,-2.939115e+03,3.931901e-03,2.663916e-03,5.199886e-03,2866
5.779204e+03,2.929332e+03,-2.937086e+03,3.422217e-03,2.159124e-03,4.685310e-03,2867
5.866303e+03,2.843230e+03,-2.935957e+03,3.917194e-03,2.649429e-03,5.184959e-03,2868
5.703241e+03,3.128866e+03,-2.935272e+03,5.699470e-03,4.418058e-03,6.980883e-03,2869
6.410836e+03,2.588895e+03,-2.942089e+03,5.907957e-03,4.624310e-03,7.191604e-03,2870
6.223682e+03,2.712924e+03,-2.942832e+03,4.644377e-03,3.370937e-03,5.917817e-03,2871
5.810074e+03,3.045982e+03,-2.943903e+03,3.559086e-03,2.295062e-03,4.823110e-03,2872
6.032953e+03,2.826353e+03,-2.943246e+03,4.611381e-03,3.338250e-03,5.884512e-03,2873
5.917631e+03,2.963415e+03,-2.942405e+03,4.067417e-03,2.798553e-03,5.336281e-03,2874
5.808860e+03,3.163708e+03,-2.941329e+03,4.867294e-03,3.592578e-03,6.142009e-03,2875
5.946497e+03,3.114318e+03,-2.947062e+03,5.033977e-03,3.757715e-03,6.310239e-03,2876
5.899117e+03,3.332758e+03,-2.948184e+03,3.204869e-03,1.943921e-03,4.465816e-03,2877
5.894359e+03,3.232019e+03,-2.947791e+03,3.895890e-03,2.628482e-03,5.163298e-03,2878
6.088371e+03,3.057117e+03,-2.944459e+03,5.229139e-03,3.951283e-03,6.506996e-03,2879
6.425086e+03,2.813156e+03,-2.946196e+03,5.930137e-03,4.646301e-03,7.213974e-03,2880
6.245113e+03,2.942640e+03,-2.945132e+03,4.748994e-03,3.474784e-03,6.023204e-03,2881
5.960064e+03,3.420106e+03,-2.957593e+03,3.082407e-03,1.822502e-03,4.342313e-03,2882
6.054239e+03,3.275493e+03,-2.951965e+03,4.181318e-03,2.911465e-03,5.451171e-03,2883
6.247814e+03,3.157736e+03,-2.947410e+03,5.872671e-03,4.589389e-03,7.155953e-03,2884
6.433015e+03,3.039769e+03,-2.947397e+03,6.303419e-03,5.016184e-03,7.590655e-03,2885
5.709026e+03,3.239151e+03,-2.934089e+03,7.354946e-03,6.057135e-03,8.652757e-03,2886
5.714272e+03,3.348782e+03,-2.946011e+03,3.602612e-03,2.339160e-03,4.866064e-03,2887
5.800855e+03,3.293054e+03,-2.941460e+03,3.480160e-03,2.217168e-03,4.743152e-03,2888
5.826966e+03,3.417999e+03,-2.953004e+03,2.535255e-03,1.285431e-03,3.785079e-03,2889
5.929246e+03,3.539521e+03,-2.960666e+03,3.151542e-03,1.890781e-03,4.412304e-03,2890
5.701775e+03,3.448255e+03,-2.948390e+03,3.070766e-03,1.813639e-03,4.327893e-03,2891
5.621856e+03,3.534116e+03,-2.953621e+03,2.827368e-03,1.573231e-03,4.081505e-03,2892
5.756860e+03,3.548018e+03,-2.958345e+03,2.540816e-03,1.291742e-03,3.789891e-03,2893
5.665470e+03,3.628527e+03,-2.965005e+03,1.990590e-03,7.557763e-04,3.225405e-03,2894
5.794905e+03,3.710964e+03,-2.969934e+03,2.468678e-03,1.218741e-03,3.718615e-03,2895
5.499041e+03,3.546150e+03,-2.948689e+03,4.028115e-03,2.760945e-03,5.295284e-03,2896
5.573479e+03,3.632343e+03,-2.958360e+03,2.148893e-03,9.100665e-04,3.387719e-03,2897
5.628188e+03,3.752376e+03,-2.967403e+03,2.280122e-03,1.036793e-03,3.523451e-03,2898
5.705027e+03,3.890180e+03,-2.969552e+03,3.724297e-03,2.457810e-03,4.990784e-03,2899
5.448308e+03,3.636875e+03,-2.953421e+03,2.216131e-03,9.762330e-04,3.456030e-03,2900
5.416039e+03,3.741241e+03,-2.968131e+03,2.091168e-03,8.537469e-04,3.328589e-03,2901
5.518659e+03,3.714029e+03,-2.962027e+03,2.223880e-03,9.818721e-04,3.465888e-03,2902
5.508197e+03,3.869037e+03,-2.971047e+03,3.465691e-03,2.201439e-03,4.729943e-03,2903
5.044142e+03,3.396073e+03,-2.946710e+03,4.005944e-03,2.738441e-03,5.273448e-03,2904
4.924779e+03,3.475238e+03,-2.953948e+03,2.884651e-03,1.627613e-03,4.141688e-03,2905
5.169632e+03,3.478422e+03,-2.942078e+03,4.139763e-03,2.871319e-03,5.408208e-03,2906
5.391538e+03,3.551089e+03,-2.942970e+03,4.199502e-03,2.930838e-03,5.468166e-03,2907
5.292445e+03,3.523846e+03,-2.947630e+03,3.950158e-03,2.683692e-03,5.216624e-03,2908
5.064826e+03,3.569978e+03,-2.961107e+03,2.593001e-03,1.340881e-03,3.845121e-03,2909
5.204843e+03,3.590999e+03,-2.953894e+03,2.474664e-03,1.227012e-03,3.722316e-03,2910
5.304262e+03,3.671256e+03,-2.962222e+03,2.396990e-03,1.150654e-03,3.643325e-03,2911
5.157786e+03,3.711730e+03,-2.970979e+03,2.764803e-03,1.509549e-03,4.020058e-03,2912
5.309678e+03,3.851892e+03,-2.972175e+03,3.228967e-03,1.967107e-03,4.490828e-03,2913
4.914147e+03,3.596639e+03,-2.957871e+03,3.397091e-03,2.133685e-03,4.660496e-03,2914
4.982168e+03,3.724359e+03,-2.968869e+03,3.361079e-03,2.097914e-03,4.624245e-03,2915
5.100380e+03,3.863179e+03,-2.972980e+03,3.830556e-03,2.563219e-03,5.097892e-03,2916
4.814965e+03,3.687266e+03,-2.964877e+03,5.040512e-03,3.764105e-03,6.316919e-03,2917
4.911728e+03,3.845738e+03,-2.971460e+03,3.422034e-03,2.158014e-03,4.686055e-03,2918
4.709721e+03,3.844477e+03,-2.970819e+03,4.579176e-03,3.306230e-03,5.852122e-03,2919
5.558215e+03,2.937040e+03,-2.921012e+03,3.052418e-03,1.795333e-03,4.309502e-03,2920
5.571198e+03,3.052645e+03,-2.919279e+03,4.671599e-03,3.399380e-03,5.943817e-03,2921
5.619863e+03,3.106986e+03,-2.916989e+03,9.038085e-03,7.716597e-03,1.035957e-02,2922
5.675585e+03,2.894085e+03,-2.917569e+03,3.941018e-03,2.673527e-03,5.208509e-03,2923
6.384677e+03,2.128844e+03,-2.906006e+03,7.226676e-03,5.930283e-03,8.523069e-03,2924
5.716243e+03,2.656655e+03,-2.919094e+03,3.675456e-03,2.409608e-03,4.941305e-03,2925
5.753760e+03,2.789428e+03,-2.915979e+03,2.301692e-03,1.058083e-03,3.545300e-03,2926
6.198676e+03,2.254860e+03,-2.908992e+03,5.454673e-03,4.174901e-03,6.734445e-03,2927
6.012103e+03,2.400861e+03,-2.912305e+03,5.314833e-03,4.036246e-03,6.593420e-03,2928
5.865256e+03,2.527164e+03,-2.915526e+03,4.946131e-03,3.670469e-03,6.221793e-03,2929
6.403346e+03,2.362897e+03,-2.917854e+03,5.279395e-03,4.001036e-03,6.557755e-03,2930
6.221314e+03,2.492152e+03,-2.920880e+03,5.417927e-03,4.138481e-03,6.697373e-03,2931
5.671272e+03,3.014787e+03,-2.927195e+03,3.561278e-03,2.297686e-03,4.824870e-03,2932
6.043965e+03,2.617890e+03,-2.923830e+03,5.042336e-03,3.765911e-03,6.318761e-03,2933
5.891025e+03,2.704849e+03,-2.926524e+03,4.016765e-03,2.748141e-03,5.285389e-03,2934
5.779245e+03,2.929303e+03,-2.925343e+03,3.922620e-03,2.655064e-03,5.190176e-03,2935
5.866341e+03,2.843189e+03,-2.923916e+03,4.009437e-03,2.740999e-03,5.277875e-03,2936
5.703303e+03,3.128855e+03,-2.924391e+03,7.448739e-03,6.149964e-03,8.747514e-03,2937
6.410880e+03,2.588811e+03,-2.929208e+03,6.223903e-03,4.937417e-03,7.510389e-03,2938
6.223722e+03,2.712859e+03,-2.930286e+03,4.524871e-03,3.252324e-03,5.797418e-03,2939
5.810131e+03,3.045975e+03,-2.932699e+03,3.791596e-03,2.525571e-03,5.057620e-03,2940
6.032995e+03,2.826318e+03,-2.931279e+03,4.669692e-03,3.396141e-03,5.943242e-03,2941
5.917690e+03,2.963403e+03,-2.930980e+03,4.418899e-03,3.147380e-03,5.690417e-03,2942
5.808921e+03,3.163675e+03,-2.930561e+03,6.159883e-03,4.874297e-03,7.445468e-03,2943
6.425134e+03,2.813107e+03,-2.933971e+03,5.948820e-03,4.664825e-03,7.232814e-03,2944
6.245163e+03,2.942622e+03,-2.933522e+03,4.715370e-03,3.441414e-03,5.989326e-03,2945
5.946578e+03,3.114340e+03,-2.936318e+03,5.673262e-03,4.391844e-03,6.954680e-03,2946
6.088425e+03,3.057130e+03,-2.933469e+03,5.678202e-03,4.396650e-03,6.959755e-03,2947
5.894432e+03,3.231984e+03,-2.937129e+03,4.692636e-03,3.419137e-03,5.966135e-03,2948
5.899171e+03,3.332708e+03,-2.937221e+03,3.371230e-03,2.108747e-03,4.633714e-03,2949
5.960106e+03,3.420060e+03,-2.946457e+03,3.215958e-03,1.954597e-03,4.477319e-03,2950
6.054307e+03,3.275434e+03,-2.941258e+03,4.582821e-03,3.309971e-03,5.855671e-03,2951
6.247860e+03,3.157694e+03,-2.936595e+03,6.498102e-03,5.209098e-03,7.787106e-03,2952
6.433070e+03,3.039761e+03,-2.936005e+03,6.543194e-03,5.253698e-03,7.832689e-03,2953
6.098256e+03,3.491849e+03,-2.951666e+03,3.993748e-03,2.725243e-03,5.262253e-03,2954
6.258104e+03,3.382266e+03,-2.945831e+03,4.413019e-03,3.141293e-03,5.684745e-03,2955
6.427860e+03,3.272739e+03,-2.940966e+03,6.194535e-03,4.908307e-03,7.480764e-03,2956
5.709086e+03,3.239108e+03,-2.923341e+03,9.437102e-03,8.109095e-03,1.076511e-02,2957
5.714311e+03,3.348735e+03,-2.934954e+03,4.441071e-03,3.170563e-03,5.711580e-03,2958
5.800910e+03,3.293000e+03,-2.930581e+03,3.987084e-03,2.719800e-03,5.254368e-03,2959
5.826998e+03,3.417956e+03,-2.941795e+03,2.835860e-03,1.580772e-03,4.090947e-03,2960
5.929257e+03,3.539491e+03,-2.949153e+03,3.099319e-03,1.839264e-03,4.359374e-03,2961
6.010338e+03,3.681219e+03,-2.957786e+03,2.983578e-03,1.724516e-03,4.242640e-03,2962
5.701795e+03,3.448220e+03,-2.937063e+03,3.889079e-03,2.622809e-03,5.155350e-03,2963
5.621852e+03,3.534095e+03,-2.942017e+03,3.007789e-03,1.751624e-03,4.263953e-03,2964
5.756855e+03,3.547998e+03,-2.946692e+03,2.459921e-03,1.212467e-03,3.707374e-03,2965
5.665447e+03,3.628526e+03,-2.953123e+03,2.017266e-03,7.819474e-04,3.252584e-03,2966
5.794870e+03,3.710921e+03,-2.958012e+03,2.385673e-03,1.138173e-03,3.633174e-03,2967
5.912665e+03,3.858966e+03,-2.957903e+03,3.903642e-03,2.635749e-03,5.171536e-03,2968
5.499032e+03,3.546136e+03,-2.937087e+03,4.751061e-03,3.477790e-03,6.024333e-03,2969
5.573445e+03,3.632359e+03,-2.946442e+03,2.210374e-03,9.705870e-04,3.450160e-03,2970
5.628149e+03,3.752348e+03,-2.955427e+03,2.229135e-03,9.868378e-04,3.471433e-03,2971
5.704995e+03,3.890130e+03,-2.958088e+03,3.531511e-03,2.266598e-03,4.796424e-03,2972
5.448284e+03,3.636890e+03,-2.941514e+03,2.189850e-03,9.505400e-04,3.429161e-03,2973
5.518610e+03,3.713995e+03,-2.950018e+03,2.228869e-03,9.868119e-04,3.470926e-03,2974
5.415995e+03,3.741231e+03,-2.956163e+03,2.123735e-03,8.851625e-04,3.362308e-03,2975
5.508155e+03,3.868976e+03,-2.959488e+03,3.372797e-03,2.109409e-03,4.636184e-03,2976
5.391526e+03,3.551080e+03,-2.931386e+03,4.906665e-03,3.632094e-03,6.181237e-03,2977
5.292443e+03,3.523830e+03,-2.936232e+03,4.230416e-03,2.961623e-03,5.499209e-03,2978
5.064821e+03,3.569970e+03,-2.949840e+03,2.205536e-03,9.655973e-04,3.445475e-03,2979
5.204824e+03,3.591003e+03,-2.942354e+03,2.313065e-03,1.071192e-03,3.554937e-03,2980
5.304220e+03,3.671247e+03,-2.950331e+03,2.413092e-03,1.166514e-03,3.659669e-03,2981
5.157745e+03,3.711717e+03,-2.959199e+03,3.074764e-03,1.815055e-03,4.334472e-03,2982
5.309634e+03,3.851823e+03,-2.960609e+03,3.115385e-03,1.854718e-03,4.376052e-03,2983
4.982143e+03,3.724376e+03,-2.957316e+03,3.690710e-03,2.424626e-03,4.956794e-03,2984
5.100348e+03,3.863110e+03,-2.961598e+03,3.688078e-03,2.421860e-03,4.954296e-03,2985
4.911711e+03,3.845674e+03,-2.960313e+03,3.095994e-03,1.835409e-03,4.356579e-03,2986
5.671312e+03,3.014767e+03,-2.915694e+03,3.373855e-03,2.112983e-03,4.634728e-03,2987
5.703365e+03,3.128843e+03,-2.913510e+03,9.740508e-03,8.408946e-03,1.107207e-02,2988
5.779286e+03,2.929275e+03,-2.913600e+03,4.794222e-03,3.519996e-03,6.068447e-03,2989
6.403392e+03,2.362804e+03,-2.904623e+03,5.196687e-03,3.918991e-03,6.474384e-03,2990
5.891052e+03,2.704785e+03,-2.913933e+03,4.061213e-03,2.792267e-03,5.330159e-03,2991
5.866379e+03,2.843149e+03,-2.911876e+03,4.232219e-03,2.962064e-03,5.502374e-03,2992
6.221353e+03,2.492070e+03,-2.907895e+03,5.581120e-03,4.300314e-03,6.861926e-03,2993
6.043998e+03,2.617819e+03,-2.911076e+03,5.330552e-03,4.051848e-03,6.609255e-03,2994
6.410925e+03,2.588727e+03,-2.916328e+03,6.654990e-03,5.364422e-03,7.945557e-03,2995
6.223762e+03,2.712795e+03,-2.917741e+03,4.343709e-03,3.072504e-03,5.614913e-03,2996
5.810189e+03,3.045967e+03,-2.921494e+03,3.952410e-03,2.684968e-03,5.219852e-03,2997
6.033037e+03,2.826282e+03,-2.919312e+03,4.773972e-03,3.499647e-03,6.048298e-03,2998
5.917749e+03,2.963391e+03,-2.919556e+03,4.799481e-03,3.525109e-03,6.073853e-03,2999
5.808982e+03,3.163642e+03,-2.919793e+03,7.742334e-03,6.440353e-03,9.044314e-03,3000
6.425182e+03,2.813058e+03,-2.921746e+03,5.973462e-03,4.689256e-03,7.257668e-03,3001
6.245213e+03,2.942603e+03,-2.921913e+03,4.740564e-03,3.466432e-03,6.014695e-03,3002
5.946659e+03,3.114363e+03,-2.925573e+03,6.350827e-03,5.063336e-03,7.638319e-03,3003
6.088479e+03,3.057143e+03,-2.922479e+03,6.154216e-03,4.868487e-03,7.439945e-03,3004
5.894505e+03,3.231948e+03,-2.926466e+03,5.810589e-03,4.528062e-03,7.093116e-03,3005
5.899224e+03,3.332657e+03,-2.926258e+03,3.409955e-03,2.147189e-03,4.672720e-03,3006
6.433126e+03,3.039754e+03,-2.924614e+03,6.799735e-03,5.507737e-03,8.091734e-03,3007
6.247907e+03,3.157652e+03,-2.925779e+03,7.169660e-03,5.873952e-03,8.465369e-03,3008
6.054374e+03,3.275375e+03,-2.930551e+03,4.977589e-03,3.701734e-03,6.253443e-03,3009
5.960149e+03,3.420013e+03,-2.935321e+03,3.375286e-03,2.112281e-03,4.638291e-03,3010
6.098287e+03,3.491810e+03,-2.940382e+03,3.929545e-03,2.661541e-03,5.197549e-03,3011
6.258144e+03,3.382219e+03,-2.934644e+03,4.405010e-03,3.133358e-03,5.676663e-03,3012
6.427906e+03,3.272686e+03,-2.929825e+03,6.417572e-03,5.129269e-03,7.705874e-03,3013
6.157763e+03,3.694464e+03,-2.949723e+03,3.500656e-03,2.235974e-03,4.765337e-03,3014
6.294355e+03,3.600062e+03,-2.944580e+03,4.351540e-03,3.080258e-03,5.622823e-03,3015
6.454162e+03,3.501742e+03,-2.939129e+03,5.105790e-03,3.828815e-03,6.382765e-03,3016
5.709146e+03,3.239065e+03,-2.912594e+03,1.160627e-02,1.021804e-02,1.299451e-02,3017
5.800965e+03,3.292946e+03,-2.919701e+03,4.595051e-03,3.322666e-03,5.867437e-03,3018
5.714351e+03,3.348688e+03,-2.923898e+03,5.203070e-03,3.926072e-03,6.480067e-03,3019
5.827031e+03,3.417914e+03,-2.930585e+03,3.340311e-03,2.078152e-03,4.602470e-03,3020
5.929267e+03,3.539461e+03,-2.937641e+03,2.966695e-03,1.708290e-03,4.225100e-03,3021
6.010318e+03,3.681185e+03,-2.945981e+03,2.773678e-03,1.517584e-03,4.029773e-03,3022
6.093782e+03,3.843376e+03,-2.947058e+03,4.750338e-03,3.476104e-03,6.024573e-03,3023
5.701815e+03,3.448185e+03,-2.925735e+03,5.098220e-03,3.821915e-03,6.374525e-03,3024
5.621848e+03,3.534075e+03,-2.930413e+03,3.054956e-03,1.798245e-03,4.311666e-03,3025
5.756851e+03,3.547977e+03,-2.935039e+03,2.213832e-03,9.738655e-04,3.453798e-03,3026
5.665423e+03,3.628526e+03,-2.941240e+03,2.136461e-03,8.978204e-04,3.375101e-03,3027
5.794836e+03,3.710877e+03,-2.946089e+03,2.293679e-03,1.050037e-03,3.537320e-03,3028
5.912643e+03,3.858924e+03,-2.946436e+03,3.772906e-03,2.506017e-03,5.039794e-03,3029
5.499023e+03,3.546123e+03,-2.925485e+03,5.430804e-03,4.151926e-03,6.709683e-03,3030
5.573410e+03,3.632375e+03,-2.934523e+03,2.241326e-03,1.000995e-03,3.481657e-03,3031
5.628109e+03,3.752321e+03,-2.943451e+03,2.193085e-03,9.515714e-04,3.434598e-03,3032
5.704964e+03,3.890080e+03,-2.946624e+03,3.385207e-03,2.121599e-03,4.648815e-03,3033
5.448259e+03,3.636905e+03,-2.929607e+03,2.178739e-03,9.395088e-04,3.417969e-03,3034
5.415951e+03,3.741221e+03,-2.944194e+03,2.059417e-03,8.229442e-04,3.295890e-03,3035
5.518560e+03,3.713961e+03,-2.938009e+03,2.187132e-03,9.474572e-04,3.426808e-03,3036
5.508114e+03,3.868914e+03,-2.947929e+03,3.281032e-03,2.018615e-03,4.543449e-03,3037
5.304179e+03,3.671239e+03,-2.938440e+03,2.366861e-03,1.121982e-03,3.611740e-03,3038
5.157704e+03,3.711705e+03,-2.947419e+03,3.469251e-03,2.205483e-03,4.733018e-03,3039
5.309591e+03,3.851753e+03,-2.949043e+03,3.026034e-03,1.766541e-03,4.285526e-03,3040
5.100316e+03,3.863042e+03,-2.950216e+03,3.519393e-03,2.254554e-03,4.784233e-03,3041
5.810246e+03,3.045960e+03,-2.910290e+03,4.019719e-03,2.752030e-03,5.287407e-03,3042
5.809043e+03,3.163609e+03,-2.909025e+03,9.270896e-03,7.948470e-03,1.059332e-02,3043
5.917808e+03,2.963380e+03,-2.908131e+03,5.170739e-03,3.893453e-03,6.448024e-03,3044
6.410970e+03,2.588643e+03,-2.903448e+03,7.222720e-03,5.926404e-03,8.519037e-03,3045
6.033079e+03,2.826247e+03,-2.907346e+03,4.921123e-03,3.645681e-03,6.196565e-03,3046
6.223802e+03,2.712731e+03,-2.905196e+03,4.127641e-03,2.858069e-03,5.397213e-03,3047
6.425230e+03,2.813009e+03,-2.909522e+03,6.030651e-03,4.745944e-03,7.315358e-03,3048
6.245263e+03,2.942585e+03,-2.910304e+03,4.851686e-03,3.576716e-03,6.126657e-03,3049
5.946740e+03,3.114385e+03,-2.914829e+03,7.058988e-03,5.764485e-03,8.353490e-03,3050
6.088533e+03,3.057156e+03,-2.911489e+03,6.646892e-03,5.356520e-03,7.937264e-03,3051
5.894578e+03,3.231913e+03,-2.915804e+03,7.244484e-03,5.948064e-03,8.540903e-03,3052
5.899277e+03,3.332607e+03,-2.915296e+03,3.217630e-03,1.957198e-03,4.478062e-03,3053
6.433181e+03,3.039747e+03,-2.913223e+03,7.076825e-03,5.782026e-03,8.371623e-03,3054
6.247954e+03,3.157610e+03,-2.914964e+03,8.095323e-03,6.789332e-03,9.401313e-03,3055
6.054442e+03,3.275316e+03,-2.919844e+03,5.353008e-03,4.074200e-03,6.631815e-03,3056
5.960192e+03,3.419967e+03,-2.924184e+03,3.607024e-03,2.341939e-03,4.872110e-03,3057
6.427952e+03,3.272634e+03,-2.918683e+03,6.601202e-03,5.311154e-03,7.891251e-03,3058
6.258184e+03,3.382172e+03,-2.923456e+03,4.462001e-03,3.189943e-03,5.734059e-03,3059
6.098318e+03,3.491770e+03,-2.929098e+03,3.832659e-03,2.565412e-03,5.099906e-03,3060
6.157759e+03,3.694425e+03,-2.937995e+03,3.359476e-03,2.096060e-03,4.622892e-03,3061
6.294366e+03,3.600030e+03,-2.932851e+03,4.200792e-03,2.930640e-03,5.470944e-03,3062
6.454186e+03,3.501702e+03,-2.927464e+03,4.759259e-03,3.484954e-03,6.033564e-03,3063
6.283296e+03,3.803944e+03,-2.939970e+03,5.057434e-03,3.780840e-03,6.334027e-03,3064
6.469630e+03,3.731369e+03,-2.935544e+03,4.537380e-03,3.264706e-03,5.810054e-03,3065
5.801020e+03,3.292892e+03,-2.908822e+03,5.223371e-03,3.946060e-03,6.500682e-03,3066
5.714390e+03,3.348640e+03,-2.912842e+03,5.582136e-03,4.302477e-03,6.861795e-03,3067
5.827063e+03,3.417872e+03,-2.919376e+03,3.963330e-03,2.695721e-03,5.230939e-03,3068
5.929278e+03,3.539431e+03,-2.926129e+03,2.779490e-03,1.524007e-03,4.034974e-03,3069
6.010298e+03,3.681151e+03,-2.934176e+03,2.584384e-03,1.331485e-03,3.837283e-03,3070
6.093778e+03,3.843345e+03,-2.935698e+03,4.488715e-03,3.216423e-03,5.761007e-03,3071
5.701834e+03,3.448151e+03,-2.914408e+03,6.726942e-03,5.435913e-03,8.017971e-03,3072
5.621844e+03,3.534055e+03,-2.918809e+03,2.934716e-03,1.679763e-03,4.189669e-03,3073
5.756847e+03,3.547956e+03,-2.923387e+03,1.968951e-03,7.345488e-04,3.203353e-03,3074
5.665400e+03,3.628525e+03,-2.929357e+03,2.203920e-03,9.641015e-04,3.443739e-03,3075
5.794801e+03,3.710834e+03,-2.934166e+03,2.251467e-03,1.008737e-03,3.494197e-03,3076
5.912621e+03,3.858881e+03,-2.934968e+03,3.633196e-03,2.367447e-03,4.898946e-03,3077
5.573376e+03,3.632391e+03,-2.922605e+03,2.385222e-03,1.140174e-03,3.630270e-03,3078
5.628070e+03,3.752294e+03,-2.931474e+03,2.086059e-03,8.486717e-04,3.323446e-03,3079
5.704933e+03,3.890030e+03,-2.935160e+03,3.126136e-03,1.865286e-03,4.386986e-03,3080
5.518511e+03,3.713927e+03,-2.926000e+03,2.145327e-03,9.063464e-04,3.384308e-03,3081
5.415907e+03,3.741211e+03,-2.932226e+03,1.926101e-03,6.923660e-04,3.159836e-03,3082
5.508072e+03,3.868853e+03,-2.936370e+03,3.224220e-03,1.962429e-03,4.486011e-03,3083
5.309548e+03,3.851684e+03,-2.937477e+03,3.069631e-03,1.809606e-03,4.329656e-03,3084
5.946821e+03,3.114408e+03,-2.904085e+03,7.825770e-03,6.522805e-03,9.128734e-03,3085
5.894652e+03,3.231878e+03,-2.905141e+03,9.325110e-03,8.002480e-03,1.064774e-02,3086
5.899330e+03,3.332556e+03,-2.904333e+03,2.841560e-03,1.586571e-03,4.096550e-03,3087
6.088588e+03,3.057169e+03,-2.900498e+03,7.154343e-03,5.858828e-03,8.449858e-03,3088
6.425278e+03,2.812960e+03,-2.897297e+03,6.129865e-03,4.844279e-03,7.415452e-03,3089
6.245313e+03,2.942566e+03,-2.898695e+03,5.172276e-03,3.894841e-03,6.449712e-03,3090
6.433237e+03,3.039740e+03,-2.901832e+03,7.314701e-03,6.017413e-03,8.611988e-03,3091
6.248001e+03,3.157568e+03,-2.904148e+03,9.336702e-03,8.014740e-03,1.065866e-02,3092
6.054510e+03,3.275257e+03,-2.909137e+03,5.835997e-03,4.553136e-03,7.118858e-03,3093
5.960234e+03,3.419920e+03,-2.913048e+03,3.846860e-03,2.579790e-03,5.113930e-03,3094
6.427997e+03,3.272582e+03,-2.907541e+03,6.711195e-03,5.420082e-03,8.002309e-03,3095
6.258225e+03,3.382125e+03,-2.912269e+03,4.592226e-03,3.319215e-03,5.865236e-03,3096
6.098350e+03,3.491731e+03,-2.917814e+03,3.710421e-03,2.444161e-03,4.976681e-03,3097
6.454211e+03,3.501661e+03,-2.915799e+03,4.376905e-03,3.105431e-03,5.648379e-03,3098
6.294377e+03,3.599997e+03,-2.921122e+03,4.135784e-03,2.866137e-03,5.405430e-03,3099
6.157756e+03,3.694386e+03,-2.926267e+03,3.156287e-03,1.895020e-03,4.417555e-03,3100
6.283296e+03,3.803907e+03,-2.928391e+03,4.841805e-03,3.566869e-03,6.116742e-03,3101
6.469630e+03,3.731318e+03,-2.923627e+03,4.267542e-03,2.996865e-03,5.538218e-03,3102
5.827095e+03,3.417830e+03,-2.908167e+03,5.154367e-03,3.877368e-03,6.431367e-03,3103
5.929289e+03,3.539401e+03,-2.914616e+03,2.572789e-03,1.320897e-03,3.824680e-03,3104
6.010278e+03,3.681117e+03,-2.922371e+03,2.333404e-03,1.086061e-03,3.580746e-03,3105
6.093775e+03,3.843314e+03,-2.924338e+03,4.199792e-03,2.929646e-03,5.469937e-03,3106
5.756842e+03,3.547935e+03,-2.911734e+03,1.461923e-03,2.748192e-04,2.649026e-03,3107
5.665376e+03,3.628525e+03,-2.917475e+03,2.438261e-03,1.191392e-03,3.685131e-03,3108
5.794766e+03,3.710791e+03,-2.922244e+03,2.277967e-03,1.034649e-03,3.521284e-03,3109
5.912598e+03,3.858838e+03,-2.923500e+03,3.515014e-03,2.250256e-03,4.779772e-03,3110
5.628030e+03,3.752266e+03,-2.919498e+03,1.975906e-03,7.410785e-04,3.210733e-03,3111
5.704902e+03,3.889979e+03,-2.923696e+03,2.926997e-03,1.668693e-03,4.185301e-03,3112
5.508030e+03,3.868791e+03,-2.924811e+03,3.211391e-03,1.949758e-03,4.473025e-03,3113
5.960277e+03,3.419874e+03,-2.901912e+03,4.161144e-03,2.891623e-03,5.430665e-03,3114
6.054577e+03,3.275197e+03,-2.898430e+03,6.410495e-03,5.122424e-03,7.698565e-03,3115
6.248048e+03,3.157527e+03,-2.893333e+03,1.144104e-02,1.008233e-02,1.279974e-02,3116
6.433292e+03,3.039733e+03,-2.890441e+03,7.527189e-03,6.227611e-03,8.826767e-03,3117
6.428043e+03,3.272529e+03,-2.896400e+03,6.779758e-03,5.487971e-03,8.071546e-03,3118
6.258265e+03,3.382078e+03,-2.901082e+03,4.890772e-03,3.615527e-03,6.166016e-03,3119
6.098381e+03,3.491692e+03,-2.906530e+03,3.600574e-03,2.335253e-03,4.865895e-03,3120
6.454235e+03,3.501621e+03,-2.904134e+03,4.006597e-03,2.737899e-03,5.275295e-03,3121
6.294388e+03,3.599965e+03,-2.909393e+03,4.138028e-03,2.868374e-03,5.407683e-03,3122
6.157753e+03,3.694347e+03,-2.914538e+03,3.062701e-03,1.802568e-03,4.322835e-03,3123
6.469629e+03,3.731267e+03,-2.911709e+03,4.027143e-03,2.758283e-03,5.296002e-03,3124
6.283296e+03,3.803870e+03,-2.916813e+03,4.631145e-03,3.357782e-03,5.904508e-03,3125
5.929299e+03,3.539371e+03,-2.903104e+03,2.155349e-03,9.163033e-04,3.394395e-03,3126
6.010258e+03,3.681083e+03,-2.910566e+03,2.071069e-03,8.323061e-04,3.309831e-03,3127
6.093771e+03,3.843283e+03,-2.912978e+03,3.939585e-03,2.671406e-03,5.207764e-03,3128
5.794731e+03,3.710747e+03,-2.910321e+03,2.437448e-03,1.189193e-03,3.685702e-03,3129
5.912576e+03,3.858796e+03,-2.912033e+03,3.429535e-03,2.165550e-03,4.693520e-03,3130
5.704871e+03,3.889929e+03,-2.912231e+03,2.720848e-03,1.465446e-03,3.976250e-03,3131
6.098412e+03,3.491653e+03,-2.895246e+03,3.499870e-03,2.235516e-03,4.764224e-03,3132
6.258305e+03,3.382031e+03,-2.889894e+03,5.411893e-03,4.132549e-03,6.691236e-03,3133
6.428089e+03,3.272477e+03,-2.885258e+03,6.732344e-03,5.441028e-03,8.023660e-03,3134
6.454260e+03,3.501581e+03,-2.892469e+03,3.788304e-03,2.521261e-03,5.055346e-03,3135
6.294399e+03,3.599932e+03,-2.897664e+03,4.235986e-03,2.965606e-03,5.506367e-03,3136
6.157750e+03,3.694308e+03,-2.902810e+03,3.020779e-03,1.761132e-03,4.280427e-03,3137
6.469628e+03,3.731216e+03,-2.899791e+03,3.965578e-03,2.697172e-03,5.233984e-03,3138
6.283297e+03,3.803833e+03,-2.905234e+03,4.429159e-03,3.157298e-03,5.701019e-03,3139
6.010238e+03,3.681048e+03,-2.898761e+03,1.884513e-03,6.528866e-04,3.116139e-03,3140
6.093768e+03,3.843253e+03,-2.901617e+03,3.772822e-03,2.505910e-03,5.039735e-03,3141
5.912554e+03,3.858753e+03,-2.900565e+03,3.373163e-03,2.109739e-03,4.636587e-03,3142
6.157747e+03,3.694269e+03,-2.891082e+03,3.079102e-03,1.818793e-03,4.339412e-03,3143
6.294410e+03,3.599900e+03,-2.885935e+03,4.554527e-03,3.281782e-03,5.827272e-03,3144
6.454284e+03,3.501541e+03,-2.880804e+03,3.756331e-03,2.489543e-03,5.023120e-03,3145
6.469627e+03,3.731165e+03,-2.887874e+03,4.124361e-03,2.854777e-03,5.393946e-03,3146
6.283297e+03,3.803796e+03,-2.893656e+03,4.202214e-03,2.932035e-03,5.472393e-03,3147
6.093764e+03,3.843222e+03,-2.890257e+03,3.709514e-03,2.443139e-03,4.975889e-03,3148
6.283297e+03,3.803759e+03,-2.882077e+03,3.971343e-03,2.702924e-03,5.239763e-03,3149
6.469627e+03,3.731114e+03,-2.875956e+03,4.688616e-03,3.414837e-03,5.962395e-03,3150
5.439793e+03,3.298347e+03,-2.995301e+03,2.269841e-05,5.628948e-06,3.976788e-05,3151
5.390000e+03,3.350000e+03,-3.004751e+03,4.840364e-04,0.000000e+00,1.311628e-03,3152
5.490000e+03,3.350000e+03,-3.000343e+03,8.624537e-07,3.072462e-07,1.417661e-06,3153
5.390000e+03,3.250000e+03,-3.000858e+03,7.474268e-08,0.000000e+00,1.699864e-07,3154
5.490000e+03,3.250000e+03,-2.996937e+03,2.261463e-07,0.000000e+00,5.542452e-07,3155
5.437432e+03,3.297802e+03,-2.978533e+03,5.573669e-03,2.591282e-03,8.556056e-03,3156
5.440669e+03,3.299591e+03,-2.958883e+03,9.862735e-03,5.566703e-03,1.415877e-02,3157
5.440181e+03,3.299049e+03,-2.941003e+03,1.938486e-02,1.341302e-02,2.535670e-02,3158
5.449578e+03,3.310277e+03,-2.935023e+03,1.527729e-02,9.943721e-03,2.061085e-02,3159
5.440000e+03,3.300000e+03,-2.932702e+03,3.495685e-03,9.456480e-04,6.045723e-03,3160
5.444940e+03,3.287379e+03,-2.929113e+03,1.517242e-01,1.361450e-01,1.673033e-01,3161
5.440000e+03,3.300000e+03,-2.930756e+03,8.382435e-03,4.418688e-03,1.234618e-02,3162
5.418782e+03,3.294037e+03,-2.930770e+03,1.093384e-02,6.428146e-03,1.543954e-02,3163
5.460214e+03,3.301198e+03,-2.932301e+03,9.852256e-03,5.556236e-03,1.414828e-02,3164
5.440000e+03,3.300000e+03,-2.928810e+03,7.389013e-03,3.663836e-03,1.111419e-02,3165
5.455415e+03,3.305258e+03,-2.929267e+03,7.394708e-03,3.669529e-03,1.111989e-02,3166
5.432183e+03,3.312069e+03,-2.932864e+03,4.236497e-02,3.360690e-02,5.112304e-02,3167
5.440000e+03,3.300000e+03,-2.926864e+03,1.083877e-02,6.335352e-03,1.534219e-02,3168
5.430904e+03,3.283167e+03,-2.925906e+03,7.011456e-03,3.411466e-03,1.061145e-02,3169
5.440000e+03,3.300000e+03,-2.924918e+03,2.169383e-02,1.536064e-02,2.802702e-02,3170
5.451719e+03,3.290404e+03,-2.924468e+03,2.085497e-01,1.909265e-01,2.261730e-01,3171
5.432319e+03,3.284177e+03,-2.923195e+03,1.849218e-02,1.266410e-02,2.432026e-02,3172
5.440000e+03,3.300000e+03,-2.922972e+03,5.643251e-02,4.641795e-02,6.644707e-02,3173
5.423531e+03,3.307553e+03,-2.920672e+03,2.141659e-01,1.963914e-01,2.319403e-01,3174
5.458038e+03,3.299627e+03,-2.915192e+03,4.335385e-02,3.449918e-02,5.220852e-02,3175
5.390000e+03,3.350000e+03,-2.906285e+03,3.747211e-06,9.246320e-07,6.569790e-06,3176
5.390000e+03,3.250000e+03,-2.905733e+03,3.198635e-03,8.862124e-04,5.511057e-03,3177
5.490000e+03,3.350000e+03,-2.901361e+03,1.304520e-02,8.177483e-03,1.791292e-02,3178
5.490000e+03,3.250000e+03,-2.900830e+03,1.792277e-03,1.127074e-04,3.471847e-03,3179
